<annotation>
	<folder>green</folder>
	<filename>10.jpg</filename>
	<path>/home/student/catkin_ws/CarND-Capstone/ros/image/green/10.jpg</path>
	<source>
		<database>Unknown</database>
	</source>
	<size>
		<width>800</width>
		<height>600</height>
		<depth>3</depth>
	</size>
	<segmented>0</segmented>
	<object>
		<name>Green</name>
		<pose>Unspecified</pose>
		<truncated>0</truncated>
		<difficult>0</difficult>
		<bndbox>
			<xmin>127</xmin>
			<ymin>259</ymin>
			<xmax>187</xmax>
			<ymax>381</ymax>
		</bndbox>
	</object>
	<object>
		<name>Green</name>
		<pose>Unspecified</pose>
		<truncated>0</truncated>
		<difficult>0</difficult>
		<bndbox>
			<xmin>373</xmin>
			<ymin>263</ymin>
			<xmax>432</xmax>
			<ymax>386</ymax>
		</bndbox>
	</object>
	<object>
		<name>Green</name>
		<pose>Unspecified</pose>
		<truncated>0</truncated>
		<difficult>0</difficult>
		<bndbox>
			<xmin>622</xmin>
			<ymin>265</ymin>
			<xmax>678</xmax>
			<ymax>392</ymax>
		</bndbox>
	</object>
</annotation>
