<annotation>
	<folder>green</folder>
	<filename>100.jpg</filename>
	<path>/home/student/catkin_ws/CarND-Capstone/ros/image/green/100.jpg</path>
	<source>
		<database>Unknown</database>
	</source>
	<size>
		<width>800</width>
		<height>600</height>
		<depth>3</depth>
	</size>
	<segmented>0</segmented>
	<object>
		<name>Green</name>
		<pose>Unspecified</pose>
		<truncated>0</truncated>
		<difficult>0</difficult>
		<bndbox>
			<xmin>331</xmin>
			<ymin>553</ymin>
			<xmax>342</xmax>
			<ymax>576</ymax>
		</bndbox>
	</object>
	<object>
		<name>Green</name>
		<pose>Unspecified</pose>
		<truncated>0</truncated>
		<difficult>0</difficult>
		<bndbox>
			<xmin>375</xmin>
			<ymin>550</ymin>
			<xmax>386</xmax>
			<ymax>576</ymax>
		</bndbox>
	</object>
	<object>
		<name>Green</name>
		<pose>Unspecified</pose>
		<truncated>0</truncated>
		<difficult>0</difficult>
		<bndbox>
			<xmin>419</xmin>
			<ymin>554</ymin>
			<xmax>431</xmax>
			<ymax>578</ymax>
		</bndbox>
	</object>
</annotation>
