<annotation>
	<folder>green</folder>
	<filename>101.jpg</filename>
	<path>/home/student/catkin_ws/CarND-Capstone/ros/image/green/101.jpg</path>
	<source>
		<database>Unknown</database>
	</source>
	<size>
		<width>800</width>
		<height>600</height>
		<depth>3</depth>
	</size>
	<segmented>0</segmented>
	<object>
		<name>Green</name>
		<pose>Unspecified</pose>
		<truncated>0</truncated>
		<difficult>0</difficult>
		<bndbox>
			<xmin>283</xmin>
			<ymin>549</ymin>
			<xmax>295</xmax>
			<ymax>576</ymax>
		</bndbox>
	</object>
	<object>
		<name>Green</name>
		<pose>Unspecified</pose>
		<truncated>0</truncated>
		<difficult>0</difficult>
		<bndbox>
			<xmin>327</xmin>
			<ymin>550</ymin>
			<xmax>338</xmax>
			<ymax>576</ymax>
		</bndbox>
	</object>
	<object>
		<name>Green</name>
		<pose>Unspecified</pose>
		<truncated>0</truncated>
		<difficult>0</difficult>
		<bndbox>
			<xmin>371</xmin>
			<ymin>551</ymin>
			<xmax>382</xmax>
			<ymax>577</ymax>
		</bndbox>
	</object>
</annotation>
