<annotation>
	<folder>green</folder>
	<filename>103.jpg</filename>
	<path>/home/student/catkin_ws/CarND-Capstone/ros/image/green/103.jpg</path>
	<source>
		<database>Unknown</database>
	</source>
	<size>
		<width>800</width>
		<height>600</height>
		<depth>3</depth>
	</size>
	<segmented>0</segmented>
	<object>
		<name>Green</name>
		<pose>Unspecified</pose>
		<truncated>0</truncated>
		<difficult>0</difficult>
		<bndbox>
			<xmin>279</xmin>
			<ymin>546</ymin>
			<xmax>289</xmax>
			<ymax>572</ymax>
		</bndbox>
	</object>
	<object>
		<name>Green</name>
		<pose>Unspecified</pose>
		<truncated>0</truncated>
		<difficult>0</difficult>
		<bndbox>
			<xmin>325</xmin>
			<ymin>547</ymin>
			<xmax>336</xmax>
			<ymax>575</ymax>
		</bndbox>
	</object>
	<object>
		<name>Green</name>
		<pose>Unspecified</pose>
		<truncated>0</truncated>
		<difficult>0</difficult>
		<bndbox>
			<xmin>370</xmin>
			<ymin>548</ymin>
			<xmax>382</xmax>
			<ymax>575</ymax>
		</bndbox>
	</object>
</annotation>
