<annotation>
	<folder>green</folder>
	<filename>104.jpg</filename>
	<path>/home/student/catkin_ws/CarND-Capstone/ros/image/green/104.jpg</path>
	<source>
		<database>Unknown</database>
	</source>
	<size>
		<width>800</width>
		<height>600</height>
		<depth>3</depth>
	</size>
	<segmented>0</segmented>
	<object>
		<name>Green</name>
		<pose>Unspecified</pose>
		<truncated>0</truncated>
		<difficult>0</difficult>
		<bndbox>
			<xmin>276</xmin>
			<ymin>546</ymin>
			<xmax>289</xmax>
			<ymax>572</ymax>
		</bndbox>
	</object>
	<object>
		<name>Green</name>
		<pose>Unspecified</pose>
		<truncated>0</truncated>
		<difficult>0</difficult>
		<bndbox>
			<xmin>323</xmin>
			<ymin>547</ymin>
			<xmax>336</xmax>
			<ymax>574</ymax>
		</bndbox>
	</object>
	<object>
		<name>Green</name>
		<pose>Unspecified</pose>
		<truncated>0</truncated>
		<difficult>0</difficult>
		<bndbox>
			<xmin>369</xmin>
			<ymin>546</ymin>
			<xmax>382</xmax>
			<ymax>575</ymax>
		</bndbox>
	</object>
</annotation>
