<annotation>
	<folder>green</folder>
	<filename>105.jpg</filename>
	<path>/home/student/catkin_ws/CarND-Capstone/ros/image/green/105.jpg</path>
	<source>
		<database>Unknown</database>
	</source>
	<size>
		<width>800</width>
		<height>600</height>
		<depth>3</depth>
	</size>
	<segmented>0</segmented>
	<object>
		<name>Green</name>
		<pose>Unspecified</pose>
		<truncated>0</truncated>
		<difficult>0</difficult>
		<bndbox>
			<xmin>275</xmin>
			<ymin>544</ymin>
			<xmax>287</xmax>
			<ymax>572</ymax>
		</bndbox>
	</object>
	<object>
		<name>Green</name>
		<pose>Unspecified</pose>
		<truncated>0</truncated>
		<difficult>0</difficult>
		<bndbox>
			<xmin>324</xmin>
			<ymin>546</ymin>
			<xmax>337</xmax>
			<ymax>573</ymax>
		</bndbox>
	</object>
	<object>
		<name>Green</name>
		<pose>Unspecified</pose>
		<truncated>0</truncated>
		<difficult>0</difficult>
		<bndbox>
			<xmin>372</xmin>
			<ymin>546</ymin>
			<xmax>384</xmax>
			<ymax>575</ymax>
		</bndbox>
	</object>
</annotation>
