<annotation>
	<folder>green</folder>
	<filename>106.jpg</filename>
	<path>/home/student/catkin_ws/CarND-Capstone/ros/image/green/106.jpg</path>
	<source>
		<database>Unknown</database>
	</source>
	<size>
		<width>800</width>
		<height>600</height>
		<depth>3</depth>
	</size>
	<segmented>0</segmented>
	<object>
		<name>Green</name>
		<pose>Unspecified</pose>
		<truncated>0</truncated>
		<difficult>0</difficult>
		<bndbox>
			<xmin>274</xmin>
			<ymin>543</ymin>
			<xmax>286</xmax>
			<ymax>570</ymax>
		</bndbox>
	</object>
	<object>
		<name>Green</name>
		<pose>Unspecified</pose>
		<truncated>0</truncated>
		<difficult>0</difficult>
		<bndbox>
			<xmin>324</xmin>
			<ymin>543</ymin>
			<xmax>336</xmax>
			<ymax>570</ymax>
		</bndbox>
	</object>
	<object>
		<name>Green</name>
		<pose>Unspecified</pose>
		<truncated>0</truncated>
		<difficult>0</difficult>
		<bndbox>
			<xmin>372</xmin>
			<ymin>544</ymin>
			<xmax>384</xmax>
			<ymax>572</ymax>
		</bndbox>
	</object>
</annotation>
