<annotation>
	<folder>green</folder>
	<filename>107.jpg</filename>
	<path>/home/student/catkin_ws/CarND-Capstone/ros/image/green/107.jpg</path>
	<source>
		<database>Unknown</database>
	</source>
	<size>
		<width>800</width>
		<height>600</height>
		<depth>3</depth>
	</size>
	<segmented>0</segmented>
	<object>
		<name>Green</name>
		<pose>Unspecified</pose>
		<truncated>0</truncated>
		<difficult>0</difficult>
		<bndbox>
			<xmin>272</xmin>
			<ymin>540</ymin>
			<xmax>284</xmax>
			<ymax>569</ymax>
		</bndbox>
	</object>
	<object>
		<name>Green</name>
		<pose>Unspecified</pose>
		<truncated>0</truncated>
		<difficult>0</difficult>
		<bndbox>
			<xmin>323</xmin>
			<ymin>544</ymin>
			<xmax>336</xmax>
			<ymax>572</ymax>
		</bndbox>
	</object>
	<object>
		<name>Green</name>
		<pose>Unspecified</pose>
		<truncated>0</truncated>
		<difficult>0</difficult>
		<bndbox>
			<xmin>372</xmin>
			<ymin>545</ymin>
			<xmax>385</xmax>
			<ymax>572</ymax>
		</bndbox>
	</object>
</annotation>
