<annotation>
	<folder>green</folder>
	<filename>108.jpg</filename>
	<path>/home/student/catkin_ws/CarND-Capstone/ros/image/green/108.jpg</path>
	<source>
		<database>Unknown</database>
	</source>
	<size>
		<width>800</width>
		<height>600</height>
		<depth>3</depth>
	</size>
	<segmented>0</segmented>
	<object>
		<name>Green</name>
		<pose>Unspecified</pose>
		<truncated>0</truncated>
		<difficult>0</difficult>
		<bndbox>
			<xmin>271</xmin>
			<ymin>541</ymin>
			<xmax>284</xmax>
			<ymax>567</ymax>
		</bndbox>
	</object>
	<object>
		<name>Green</name>
		<pose>Unspecified</pose>
		<truncated>0</truncated>
		<difficult>0</difficult>
		<bndbox>
			<xmin>321</xmin>
			<ymin>541</ymin>
			<xmax>335</xmax>
			<ymax>570</ymax>
		</bndbox>
	</object>
	<object>
		<name>Green</name>
		<pose>Unspecified</pose>
		<truncated>0</truncated>
		<difficult>0</difficult>
		<bndbox>
			<xmin>372</xmin>
			<ymin>542</ymin>
			<xmax>385</xmax>
			<ymax>570</ymax>
		</bndbox>
	</object>
</annotation>
