<annotation>
	<folder>green</folder>
	<filename>110.jpg</filename>
	<path>/home/student/catkin_ws/CarND-Capstone/ros/image/green/110.jpg</path>
	<source>
		<database>Unknown</database>
	</source>
	<size>
		<width>800</width>
		<height>600</height>
		<depth>3</depth>
	</size>
	<segmented>0</segmented>
	<object>
		<name>Green</name>
		<pose>Unspecified</pose>
		<truncated>0</truncated>
		<difficult>0</difficult>
		<bndbox>
			<xmin>269</xmin>
			<ymin>538</ymin>
			<xmax>283</xmax>
			<ymax>568</ymax>
		</bndbox>
	</object>
	<object>
		<name>Green</name>
		<pose>Unspecified</pose>
		<truncated>0</truncated>
		<difficult>0</difficult>
		<bndbox>
			<xmin>321</xmin>
			<ymin>540</ymin>
			<xmax>334</xmax>
			<ymax>568</ymax>
		</bndbox>
	</object>
	<object>
		<name>Green</name>
		<pose>Unspecified</pose>
		<truncated>0</truncated>
		<difficult>0</difficult>
		<bndbox>
			<xmin>373</xmin>
			<ymin>540</ymin>
			<xmax>386</xmax>
			<ymax>570</ymax>
		</bndbox>
	</object>
</annotation>
