<annotation>
	<folder>green</folder>
	<filename>111.jpg</filename>
	<path>/home/student/catkin_ws/CarND-Capstone/ros/image/green/111.jpg</path>
	<source>
		<database>Unknown</database>
	</source>
	<size>
		<width>800</width>
		<height>600</height>
		<depth>3</depth>
	</size>
	<segmented>0</segmented>
	<object>
		<name>Green</name>
		<pose>Unspecified</pose>
		<truncated>0</truncated>
		<difficult>0</difficult>
		<bndbox>
			<xmin>268</xmin>
			<ymin>536</ymin>
			<xmax>280</xmax>
			<ymax>566</ymax>
		</bndbox>
	</object>
	<object>
		<name>Green</name>
		<pose>Unspecified</pose>
		<truncated>0</truncated>
		<difficult>0</difficult>
		<bndbox>
			<xmin>321</xmin>
			<ymin>534</ymin>
			<xmax>333</xmax>
			<ymax>567</ymax>
		</bndbox>
	</object>
	<object>
		<name>Green</name>
		<pose>Unspecified</pose>
		<truncated>0</truncated>
		<difficult>0</difficult>
		<bndbox>
			<xmin>373</xmin>
			<ymin>538</ymin>
			<xmax>386</xmax>
			<ymax>570</ymax>
		</bndbox>
	</object>
</annotation>
