<annotation>
	<folder>green</folder>
	<filename>115.jpg</filename>
	<path>/home/student/catkin_ws/CarND-Capstone/ros/image/green/115.jpg</path>
	<source>
		<database>Unknown</database>
	</source>
	<size>
		<width>800</width>
		<height>600</height>
		<depth>3</depth>
	</size>
	<segmented>0</segmented>
	<object>
		<name>Green</name>
		<pose>Unspecified</pose>
		<truncated>0</truncated>
		<difficult>0</difficult>
		<bndbox>
			<xmin>264</xmin>
			<ymin>533</ymin>
			<xmax>278</xmax>
			<ymax>565</ymax>
		</bndbox>
	</object>
	<object>
		<name>Green</name>
		<pose>Unspecified</pose>
		<truncated>0</truncated>
		<difficult>0</difficult>
		<bndbox>
			<xmin>320</xmin>
			<ymin>534</ymin>
			<xmax>333</xmax>
			<ymax>565</ymax>
		</bndbox>
	</object>
	<object>
		<name>Green</name>
		<pose>Unspecified</pose>
		<truncated>0</truncated>
		<difficult>0</difficult>
		<bndbox>
			<xmin>374</xmin>
			<ymin>537</ymin>
			<xmax>388</xmax>
			<ymax>568</ymax>
		</bndbox>
	</object>
</annotation>
