<annotation>
	<folder>green</folder>
	<filename>117.jpg</filename>
	<path>/home/student/catkin_ws/CarND-Capstone/ros/image/green/117.jpg</path>
	<source>
		<database>Unknown</database>
	</source>
	<size>
		<width>800</width>
		<height>600</height>
		<depth>3</depth>
	</size>
	<segmented>0</segmented>
	<object>
		<name>Green</name>
		<pose>Unspecified</pose>
		<truncated>0</truncated>
		<difficult>0</difficult>
		<bndbox>
			<xmin>263</xmin>
			<ymin>533</ymin>
			<xmax>277</xmax>
			<ymax>563</ymax>
		</bndbox>
	</object>
	<object>
		<name>Green</name>
		<pose>Unspecified</pose>
		<truncated>0</truncated>
		<difficult>0</difficult>
		<bndbox>
			<xmin>318</xmin>
			<ymin>532</ymin>
			<xmax>333</xmax>
			<ymax>564</ymax>
		</bndbox>
	</object>
	<object>
		<name>Green</name>
		<pose>Unspecified</pose>
		<truncated>0</truncated>
		<difficult>0</difficult>
		<bndbox>
			<xmin>372</xmin>
			<ymin>532</ymin>
			<xmax>387</xmax>
			<ymax>565</ymax>
		</bndbox>
	</object>
</annotation>
