<annotation>
	<folder>green</folder>
	<filename>12.jpg</filename>
	<path>/home/student/catkin_ws/CarND-Capstone/ros/image/green/12.jpg</path>
	<source>
		<database>Unknown</database>
	</source>
	<size>
		<width>800</width>
		<height>600</height>
		<depth>3</depth>
	</size>
	<segmented>0</segmented>
	<object>
		<name>Green</name>
		<pose>Unspecified</pose>
		<truncated>0</truncated>
		<difficult>0</difficult>
		<bndbox>
			<xmin>376</xmin>
			<ymin>228</ymin>
			<xmax>437</xmax>
			<ymax>366</ymax>
		</bndbox>
	</object>
	<object>
		<name>Green</name>
		<pose>Unspecified</pose>
		<truncated>0</truncated>
		<difficult>0</difficult>
		<bndbox>
			<xmin>648</xmin>
			<ymin>233</ymin>
			<xmax>708</xmax>
			<ymax>368</ymax>
		</bndbox>
	</object>
	<object>
		<name>Green</name>
		<pose>Unspecified</pose>
		<truncated>0</truncated>
		<difficult>0</difficult>
		<bndbox>
			<xmin>104</xmin>
			<ymin>224</ymin>
			<xmax>165</xmax>
			<ymax>359</ymax>
		</bndbox>
	</object>
</annotation>
