<annotation>
	<folder>green</folder>
	<filename>14.jpg</filename>
	<path>/home/student/catkin_ws/CarND-Capstone/ros/image/green/14.jpg</path>
	<source>
		<database>Unknown</database>
	</source>
	<size>
		<width>800</width>
		<height>600</height>
		<depth>3</depth>
	</size>
	<segmented>0</segmented>
	<object>
		<name>Green</name>
		<pose>Unspecified</pose>
		<truncated>0</truncated>
		<difficult>0</difficult>
		<bndbox>
			<xmin>9</xmin>
			<ymin>78</ymin>
			<xmax>96</xmax>
			<ymax>262</ymax>
		</bndbox>
	</object>
	<object>
		<name>Green</name>
		<pose>Unspecified</pose>
		<truncated>1</truncated>
		<difficult>0</difficult>
		<bndbox>
			<xmin>751</xmin>
			<ymin>87</ymin>
			<xmax>800</xmax>
			<ymax>271</ymax>
		</bndbox>
	</object>
	<object>
		<name>Green</name>
		<pose>Unspecified</pose>
		<truncated>0</truncated>
		<difficult>0</difficult>
		<bndbox>
			<xmin>380</xmin>
			<ymin>81</ymin>
			<xmax>461</xmax>
			<ymax>266</ymax>
		</bndbox>
	</object>
</annotation>
