<annotation>
	<folder>green</folder>
	<filename>153.jpg</filename>
	<path>/home/student/catkin_ws/CarND-Capstone/ros/image/green/153.jpg</path>
	<source>
		<database>Unknown</database>
	</source>
	<size>
		<width>800</width>
		<height>600</height>
		<depth>3</depth>
	</size>
	<segmented>0</segmented>
	<object>
		<name>Green</name>
		<pose>Unspecified</pose>
		<truncated>0</truncated>
		<difficult>0</difficult>
		<bndbox>
			<xmin>177</xmin>
			<ymin>460</ymin>
			<xmax>202</xmax>
			<ymax>514</ymax>
		</bndbox>
	</object>
	<object>
		<name>Green</name>
		<pose>Unspecified</pose>
		<truncated>0</truncated>
		<difficult>0</difficult>
		<bndbox>
			<xmin>383</xmin>
			<ymin>466</ymin>
			<xmax>408</xmax>
			<ymax>520</ymax>
		</bndbox>
	</object>
	<object>
		<name>Green</name>
		<pose>Unspecified</pose>
		<truncated>0</truncated>
		<difficult>0</difficult>
		<bndbox>
			<xmin>280</xmin>
			<ymin>463</ymin>
			<xmax>304</xmax>
			<ymax>515</ymax>
		</bndbox>
	</object>
</annotation>
