<annotation>
	<folder>green</folder>
	<filename>155.jpg</filename>
	<path>/home/student/catkin_ws/CarND-Capstone/ros/image/green/155.jpg</path>
	<source>
		<database>Unknown</database>
	</source>
	<size>
		<width>800</width>
		<height>600</height>
		<depth>3</depth>
	</size>
	<segmented>0</segmented>
	<object>
		<name>Green</name>
		<pose>Unspecified</pose>
		<truncated>0</truncated>
		<difficult>0</difficult>
		<bndbox>
			<xmin>172</xmin>
			<ymin>457</ymin>
			<xmax>197</xmax>
			<ymax>510</ymax>
		</bndbox>
	</object>
	<object>
		<name>Green</name>
		<pose>Unspecified</pose>
		<truncated>0</truncated>
		<difficult>0</difficult>
		<bndbox>
			<xmin>386</xmin>
			<ymin>462</ymin>
			<xmax>409</xmax>
			<ymax>517</ymax>
		</bndbox>
	</object>
	<object>
		<name>Green</name>
		<pose>Unspecified</pose>
		<truncated>0</truncated>
		<difficult>0</difficult>
		<bndbox>
			<xmin>280</xmin>
			<ymin>460</ymin>
			<xmax>304</xmax>
			<ymax>512</ymax>
		</bndbox>
	</object>
</annotation>
