<annotation>
	<folder>green</folder>
	<filename>159.jpg</filename>
	<path>/home/student/catkin_ws/CarND-Capstone/ros/image/green/159.jpg</path>
	<source>
		<database>Unknown</database>
	</source>
	<size>
		<width>800</width>
		<height>600</height>
		<depth>3</depth>
	</size>
	<segmented>0</segmented>
	<object>
		<name>Green</name>
		<pose>Unspecified</pose>
		<truncated>0</truncated>
		<difficult>0</difficult>
		<bndbox>
			<xmin>386</xmin>
			<ymin>452</ymin>
			<xmax>412</xmax>
			<ymax>509</ymax>
		</bndbox>
	</object>
	<object>
		<name>Green</name>
		<pose>Unspecified</pose>
		<truncated>0</truncated>
		<difficult>0</difficult>
		<bndbox>
			<xmin>275</xmin>
			<ymin>449</ymin>
			<xmax>301</xmax>
			<ymax>506</ymax>
		</bndbox>
	</object>
	<object>
		<name>Green</name>
		<pose>Unspecified</pose>
		<truncated>0</truncated>
		<difficult>0</difficult>
		<bndbox>
			<xmin>160</xmin>
			<ymin>446</ymin>
			<xmax>186</xmax>
			<ymax>503</ymax>
		</bndbox>
	</object>
</annotation>
