<annotation>
	<folder>green</folder>
	<filename>160.jpg</filename>
	<path>/home/student/catkin_ws/CarND-Capstone/ros/image/green/160.jpg</path>
	<source>
		<database>Unknown</database>
	</source>
	<size>
		<width>800</width>
		<height>600</height>
		<depth>3</depth>
	</size>
	<segmented>0</segmented>
	<object>
		<name>Green</name>
		<pose>Unspecified</pose>
		<truncated>0</truncated>
		<difficult>0</difficult>
		<bndbox>
			<xmin>387</xmin>
			<ymin>451</ymin>
			<xmax>413</xmax>
			<ymax>508</ymax>
		</bndbox>
	</object>
	<object>
		<name>Green</name>
		<pose>Unspecified</pose>
		<truncated>0</truncated>
		<difficult>0</difficult>
		<bndbox>
			<xmin>274</xmin>
			<ymin>447</ymin>
			<xmax>300</xmax>
			<ymax>504</ymax>
		</bndbox>
	</object>
	<object>
		<name>Green</name>
		<pose>Unspecified</pose>
		<truncated>0</truncated>
		<difficult>0</difficult>
		<bndbox>
			<xmin>159</xmin>
			<ymin>444</ymin>
			<xmax>185</xmax>
			<ymax>501</ymax>
		</bndbox>
	</object>
</annotation>
