<annotation>
	<folder>green</folder>
	<filename>161.jpg</filename>
	<path>/home/student/catkin_ws/CarND-Capstone/ros/image/green/161.jpg</path>
	<source>
		<database>Unknown</database>
	</source>
	<size>
		<width>800</width>
		<height>600</height>
		<depth>3</depth>
	</size>
	<segmented>0</segmented>
	<object>
		<name>Green</name>
		<pose>Unspecified</pose>
		<truncated>0</truncated>
		<difficult>0</difficult>
		<bndbox>
			<xmin>387</xmin>
			<ymin>449</ymin>
			<xmax>413</xmax>
			<ymax>506</ymax>
		</bndbox>
	</object>
	<object>
		<name>Green</name>
		<pose>Unspecified</pose>
		<truncated>0</truncated>
		<difficult>0</difficult>
		<bndbox>
			<xmin>272</xmin>
			<ymin>447</ymin>
			<xmax>298</xmax>
			<ymax>504</ymax>
		</bndbox>
	</object>
	<object>
		<name>Green</name>
		<pose>Unspecified</pose>
		<truncated>0</truncated>
		<difficult>0</difficult>
		<bndbox>
			<xmin>157</xmin>
			<ymin>444</ymin>
			<xmax>183</xmax>
			<ymax>501</ymax>
		</bndbox>
	</object>
</annotation>
