<annotation>
	<folder>green</folder>
	<filename>162.jpg</filename>
	<path>/home/student/catkin_ws/CarND-Capstone/ros/image/green/162.jpg</path>
	<source>
		<database>Unknown</database>
	</source>
	<size>
		<width>800</width>
		<height>600</height>
		<depth>3</depth>
	</size>
	<segmented>0</segmented>
	<object>
		<name>Green</name>
		<pose>Unspecified</pose>
		<truncated>0</truncated>
		<difficult>0</difficult>
		<bndbox>
			<xmin>388</xmin>
			<ymin>448</ymin>
			<xmax>414</xmax>
			<ymax>505</ymax>
		</bndbox>
	</object>
	<object>
		<name>Green</name>
		<pose>Unspecified</pose>
		<truncated>0</truncated>
		<difficult>0</difficult>
		<bndbox>
			<xmin>272</xmin>
			<ymin>445</ymin>
			<xmax>298</xmax>
			<ymax>502</ymax>
		</bndbox>
	</object>
	<object>
		<name>Green</name>
		<pose>Unspecified</pose>
		<truncated>0</truncated>
		<difficult>0</difficult>
		<bndbox>
			<xmin>155</xmin>
			<ymin>441</ymin>
			<xmax>181</xmax>
			<ymax>498</ymax>
		</bndbox>
	</object>
</annotation>
