<annotation>
	<folder>green</folder>
	<filename>163.jpg</filename>
	<path>/home/student/catkin_ws/CarND-Capstone/ros/image/green/163.jpg</path>
	<source>
		<database>Unknown</database>
	</source>
	<size>
		<width>800</width>
		<height>600</height>
		<depth>3</depth>
	</size>
	<segmented>0</segmented>
	<object>
		<name>Green</name>
		<pose>Unspecified</pose>
		<truncated>0</truncated>
		<difficult>0</difficult>
		<bndbox>
			<xmin>150</xmin>
			<ymin>435</ymin>
			<xmax>178</xmax>
			<ymax>496</ymax>
		</bndbox>
	</object>
	<object>
		<name>Green</name>
		<pose>Unspecified</pose>
		<truncated>0</truncated>
		<difficult>0</difficult>
		<bndbox>
			<xmin>387</xmin>
			<ymin>443</ymin>
			<xmax>415</xmax>
			<ymax>504</ymax>
		</bndbox>
	</object>
	<object>
		<name>Green</name>
		<pose>Unspecified</pose>
		<truncated>0</truncated>
		<difficult>0</difficult>
		<bndbox>
			<xmin>269</xmin>
			<ymin>439</ymin>
			<xmax>297</xmax>
			<ymax>500</ymax>
		</bndbox>
	</object>
</annotation>
