<annotation>
	<folder>green</folder>
	<filename>165.jpg</filename>
	<path>/home/student/catkin_ws/CarND-Capstone/ros/image/green/165.jpg</path>
	<source>
		<database>Unknown</database>
	</source>
	<size>
		<width>800</width>
		<height>600</height>
		<depth>3</depth>
	</size>
	<segmented>0</segmented>
	<object>
		<name>Green</name>
		<pose>Unspecified</pose>
		<truncated>0</truncated>
		<difficult>0</difficult>
		<bndbox>
			<xmin>142</xmin>
			<ymin>431</ymin>
			<xmax>170</xmax>
			<ymax>492</ymax>
		</bndbox>
	</object>
	<object>
		<name>Green</name>
		<pose>Unspecified</pose>
		<truncated>0</truncated>
		<difficult>0</difficult>
		<bndbox>
			<xmin>388</xmin>
			<ymin>436</ymin>
			<xmax>416</xmax>
			<ymax>497</ymax>
		</bndbox>
	</object>
	<object>
		<name>Green</name>
		<pose>Unspecified</pose>
		<truncated>0</truncated>
		<difficult>0</difficult>
		<bndbox>
			<xmin>266</xmin>
			<ymin>434</ymin>
			<xmax>294</xmax>
			<ymax>495</ymax>
		</bndbox>
	</object>
</annotation>
