<annotation verified="yes">
	<folder>green</folder>
	<filename>166.jpg</filename>
	<path>/home/student/catkin_ws/CarND-Capstone/ros/image/green/166.jpg</path>
	<source>
		<database>Unknown</database>
	</source>
	<size>
		<width>800</width>
		<height>600</height>
		<depth>3</depth>
	</size>
	<segmented>0</segmented>
	<object>
		<name>Green</name>
		<pose>Unspecified</pose>
		<truncated>0</truncated>
		<difficult>0</difficult>
		<bndbox>
			<xmin>136</xmin>
			<ymin>425</ymin>
			<xmax>165</xmax>
			<ymax>490</ymax>
		</bndbox>
	</object>
	<object>
		<name>Green</name>
		<pose>Unspecified</pose>
		<truncated>0</truncated>
		<difficult>0</difficult>
		<bndbox>
			<xmin>390</xmin>
			<ymin>430</ymin>
			<xmax>419</xmax>
			<ymax>495</ymax>
		</bndbox>
	</object>
	<object>
		<name>Green</name>
		<pose>Unspecified</pose>
		<truncated>0</truncated>
		<difficult>0</difficult>
		<bndbox>
			<xmin>263</xmin>
			<ymin>427</ymin>
			<xmax>292</xmax>
			<ymax>492</ymax>
		</bndbox>
	</object>
</annotation>
