<annotation>
	<folder>green</folder>
	<filename>169.jpg</filename>
	<path>/home/student/catkin_ws/CarND-Capstone/ros/image/green/169.jpg</path>
	<source>
		<database>Unknown</database>
	</source>
	<size>
		<width>800</width>
		<height>600</height>
		<depth>3</depth>
	</size>
	<segmented>0</segmented>
	<object>
		<name>Green</name>
		<pose>Unspecified</pose>
		<truncated>0</truncated>
		<difficult>0</difficult>
		<bndbox>
			<xmin>120</xmin>
			<ymin>411</ymin>
			<xmax>151</xmax>
			<ymax>480</ymax>
		</bndbox>
	</object>
	<object>
		<name>Green</name>
		<pose>Unspecified</pose>
		<truncated>0</truncated>
		<difficult>0</difficult>
		<bndbox>
			<xmin>391</xmin>
			<ymin>418</ymin>
			<xmax>422</xmax>
			<ymax>487</ymax>
		</bndbox>
	</object>
	<object>
		<name>Green</name>
		<pose>Unspecified</pose>
		<truncated>0</truncated>
		<difficult>0</difficult>
		<bndbox>
			<xmin>256</xmin>
			<ymin>415</ymin>
			<xmax>287</xmax>
			<ymax>484</ymax>
		</bndbox>
	</object>
</annotation>
