<annotation>
	<folder>green</folder>
	<filename>170.jpg</filename>
	<path>/home/student/catkin_ws/CarND-Capstone/ros/image/green/170.jpg</path>
	<source>
		<database>Unknown</database>
	</source>
	<size>
		<width>800</width>
		<height>600</height>
		<depth>3</depth>
	</size>
	<segmented>0</segmented>
	<object>
		<name>Green</name>
		<pose>Unspecified</pose>
		<truncated>0</truncated>
		<difficult>0</difficult>
		<bndbox>
			<xmin>113</xmin>
			<ymin>407</ymin>
			<xmax>145</xmax>
			<ymax>477</ymax>
		</bndbox>
	</object>
	<object>
		<name>Green</name>
		<pose>Unspecified</pose>
		<truncated>0</truncated>
		<difficult>0</difficult>
		<bndbox>
			<xmin>393</xmin>
			<ymin>414</ymin>
			<xmax>425</xmax>
			<ymax>484</ymax>
		</bndbox>
	</object>
	<object>
		<name>Green</name>
		<pose>Unspecified</pose>
		<truncated>0</truncated>
		<difficult>0</difficult>
		<bndbox>
			<xmin>253</xmin>
			<ymin>411</ymin>
			<xmax>285</xmax>
			<ymax>481</ymax>
		</bndbox>
	</object>
</annotation>
