<annotation>
	<folder>green</folder>
	<filename>171.jpg</filename>
	<path>/home/student/catkin_ws/CarND-Capstone/ros/image/green/171.jpg</path>
	<source>
		<database>Unknown</database>
	</source>
	<size>
		<width>800</width>
		<height>600</height>
		<depth>3</depth>
	</size>
	<segmented>0</segmented>
	<object>
		<name>Green</name>
		<pose>Unspecified</pose>
		<truncated>0</truncated>
		<difficult>0</difficult>
		<bndbox>
			<xmin>100</xmin>
			<ymin>396</ymin>
			<xmax>136</xmax>
			<ymax>472</ymax>
		</bndbox>
	</object>
	<object>
		<name>Green</name>
		<pose>Unspecified</pose>
		<truncated>0</truncated>
		<difficult>0</difficult>
		<bndbox>
			<xmin>392</xmin>
			<ymin>405</ymin>
			<xmax>428</xmax>
			<ymax>481</ymax>
		</bndbox>
	</object>
	<object>
		<name>Green</name>
		<pose>Unspecified</pose>
		<truncated>0</truncated>
		<difficult>0</difficult>
		<bndbox>
			<xmin>248</xmin>
			<ymin>401</ymin>
			<xmax>281</xmax>
			<ymax>474</ymax>
		</bndbox>
	</object>
</annotation>
