<annotation>
	<folder>green</folder>
	<filename>172.jpg</filename>
	<path>/home/student/catkin_ws/CarND-Capstone/ros/image/green/172.jpg</path>
	<source>
		<database>Unknown</database>
	</source>
	<size>
		<width>800</width>
		<height>600</height>
		<depth>3</depth>
	</size>
	<segmented>0</segmented>
	<object>
		<name>Green</name>
		<pose>Unspecified</pose>
		<truncated>0</truncated>
		<difficult>0</difficult>
		<bndbox>
			<xmin>97</xmin>
			<ymin>395</ymin>
			<xmax>133</xmax>
			<ymax>471</ymax>
		</bndbox>
	</object>
	<object>
		<name>Green</name>
		<pose>Unspecified</pose>
		<truncated>0</truncated>
		<difficult>0</difficult>
		<bndbox>
			<xmin>393</xmin>
			<ymin>402</ymin>
			<xmax>429</xmax>
			<ymax>478</ymax>
		</bndbox>
	</object>
	<object>
		<name>Green</name>
		<pose>Unspecified</pose>
		<truncated>0</truncated>
		<difficult>0</difficult>
		<bndbox>
			<xmin>246</xmin>
			<ymin>398</ymin>
			<xmax>282</xmax>
			<ymax>474</ymax>
		</bndbox>
	</object>
</annotation>
