<annotation>
	<folder>green</folder>
	<filename>213.jpg</filename>
	<path>/home/student/catkin_ws/CarND-Capstone/ros/image/green/213.jpg</path>
	<source>
		<database>Unknown</database>
	</source>
	<size>
		<width>800</width>
		<height>600</height>
		<depth>3</depth>
	</size>
	<segmented>0</segmented>
	<object>
		<name>Green</name>
		<pose>Unspecified</pose>
		<truncated>0</truncated>
		<difficult>0</difficult>
		<bndbox>
			<xmin>372</xmin>
			<ymin>53</ymin>
			<xmax>460</xmax>
			<ymax>246</ymax>
		</bndbox>
	</object>
</annotation>
