<annotation>
	<folder>green</folder>
	<filename>214.jpg</filename>
	<path>/home/student/catkin_ws/CarND-Capstone/ros/image/green/214.jpg</path>
	<source>
		<database>Unknown</database>
	</source>
	<size>
		<width>800</width>
		<height>600</height>
		<depth>3</depth>
	</size>
	<segmented>0</segmented>
	<object>
		<name>Green</name>
		<pose>Unspecified</pose>
		<truncated>0</truncated>
		<difficult>0</difficult>
		<bndbox>
			<xmin>38</xmin>
			<ymin>2</ymin>
			<xmax>153</xmax>
			<ymax>133</ymax>
		</bndbox>
	</object>
	<object>
		<name>Green</name>
		<pose>Unspecified</pose>
		<truncated>1</truncated>
		<difficult>0</difficult>
		<bndbox>
			<xmin>542</xmin>
			<ymin>1</ymin>
			<xmax>655</xmax>
			<ymax>144</ymax>
		</bndbox>
	</object>
</annotation>
