<annotation>
	<folder>green</folder>
	<filename>69.jpg</filename>
	<path>/home/student/catkin_ws/CarND-Capstone/ros/image/green/69.jpg</path>
	<source>
		<database>Unknown</database>
	</source>
	<size>
		<width>800</width>
		<height>600</height>
		<depth>3</depth>
	</size>
	<segmented>0</segmented>
	<object>
		<name>Green</name>
		<pose>Unspecified</pose>
		<truncated>0</truncated>
		<difficult>0</difficult>
		<bndbox>
			<xmin>273</xmin>
			<ymin>563</ymin>
			<xmax>282</xmax>
			<ymax>584</ymax>
		</bndbox>
	</object>
	<object>
		<name>Green</name>
		<pose>Unspecified</pose>
		<truncated>0</truncated>
		<difficult>0</difficult>
		<bndbox>
			<xmin>307</xmin>
			<ymin>562</ymin>
			<xmax>316</xmax>
			<ymax>584</ymax>
		</bndbox>
	</object>
	<object>
		<name>Green</name>
		<pose>Unspecified</pose>
		<truncated>0</truncated>
		<difficult>0</difficult>
		<bndbox>
			<xmin>343</xmin>
			<ymin>563</ymin>
			<xmax>352</xmax>
			<ymax>585</ymax>
		</bndbox>
	</object>
</annotation>
