<annotation>
	<folder>green</folder>
	<filename>99.jpg</filename>
	<path>/home/student/catkin_ws/CarND-Capstone/ros/image/green/99.jpg</path>
	<source>
		<database>Unknown</database>
	</source>
	<size>
		<width>800</width>
		<height>600</height>
		<depth>3</depth>
	</size>
	<segmented>0</segmented>
	<object>
		<name>Green</name>
		<pose>Unspecified</pose>
		<truncated>0</truncated>
		<difficult>0</difficult>
		<bndbox>
			<xmin>501</xmin>
			<ymin>557</ymin>
			<xmax>512</xmax>
			<ymax>582</ymax>
		</bndbox>
	</object>
	<object>
		<name>Green</name>
		<pose>Unspecified</pose>
		<truncated>0</truncated>
		<difficult>0</difficult>
		<bndbox>
			<xmin>545</xmin>
			<ymin>557</ymin>
			<xmax>556</xmax>
			<ymax>580</ymax>
		</bndbox>
	</object>
	<object>
		<name>Green</name>
		<pose>Unspecified</pose>
		<truncated>0</truncated>
		<difficult>0</difficult>
		<bndbox>
			<xmin>588</xmin>
			<ymin>557</ymin>
			<xmax>599</xmax>
			<ymax>583</ymax>
		</bndbox>
	</object>
</annotation>
