<annotation>
	<folder>green</folder>
	<filename>run10_13.jpg</filename>
	<path>/home/student/catkin_ws/CarND-Capstone/ros/image/green/run10_13.jpg</path>
	<source>
		<database>Unknown</database>
	</source>
	<size>
		<width>800</width>
		<height>600</height>
		<depth>3</depth>
	</size>
	<segmented>0</segmented>
	<object>
		<name>Green</name>
		<pose>Unspecified</pose>
		<truncated>0</truncated>
		<difficult>0</difficult>
		<bndbox>
			<xmin>24</xmin>
			<ymin>344</ymin>
			<xmax>68</xmax>
			<ymax>441</ymax>
		</bndbox>
	</object>
	<object>
		<name>Green</name>
		<pose>Unspecified</pose>
		<truncated>0</truncated>
		<difficult>0</difficult>
		<bndbox>
			<xmin>398</xmin>
			<ymin>357</ymin>
			<xmax>442</xmax>
			<ymax>454</ymax>
		</bndbox>
	</object>
	<object>
		<name>Green</name>
		<pose>Unspecified</pose>
		<truncated>0</truncated>
		<difficult>0</difficult>
		<bndbox>
			<xmin>214</xmin>
			<ymin>350</ymin>
			<xmax>258</xmax>
			<ymax>447</ymax>
		</bndbox>
	</object>
</annotation>
