<annotation>
	<folder>green</folder>
	<filename>run11_18.jpg</filename>
	<path>/home/student/catkin_ws/CarND-Capstone/ros/image/green/run11_18.jpg</path>
	<source>
		<database>Unknown</database>
	</source>
	<size>
		<width>800</width>
		<height>600</height>
		<depth>3</depth>
	</size>
	<segmented>0</segmented>
	<object>
		<name>Green</name>
		<pose>Unspecified</pose>
		<truncated>0</truncated>
		<difficult>0</difficult>
		<bndbox>
			<xmin>41</xmin>
			<ymin>53</ymin>
			<xmax>127</xmax>
			<ymax>243</ymax>
		</bndbox>
	</object>
	<object>
		<name>Green</name>
		<pose>Unspecified</pose>
		<truncated>0</truncated>
		<difficult>0</difficult>
		<bndbox>
			<xmin>424</xmin>
			<ymin>54</ymin>
			<xmax>513</xmax>
			<ymax>247</ymax>
		</bndbox>
	</object>
</annotation>
