<annotation>
	<folder>green</folder>
	<filename>run10_8.jpg</filename>
	<path>/home/student/catkin_ws/CarND-Capstone/ros/image/green/run10_8.jpg</path>
	<source>
		<database>Unknown</database>
	</source>
	<size>
		<width>800</width>
		<height>600</height>
		<depth>3</depth>
	</size>
	<segmented>0</segmented>
	<object>
		<name>Green</name>
		<pose>Unspecified</pose>
		<truncated>0</truncated>
		<difficult>0</difficult>
		<bndbox>
			<xmin>96</xmin>
			<ymin>380</ymin>
			<xmax>135</xmax>
			<ymax>464</ymax>
		</bndbox>
	</object>
	<object>
		<name>Green</name>
		<pose>Unspecified</pose>
		<truncated>0</truncated>
		<difficult>0</difficult>
		<bndbox>
			<xmin>413</xmin>
			<ymin>390</ymin>
			<xmax>452</xmax>
			<ymax>474</ymax>
		</bndbox>
	</object>
	<object>
		<name>Green</name>
		<pose>Unspecified</pose>
		<truncated>0</truncated>
		<difficult>0</difficult>
		<bndbox>
			<xmin>255</xmin>
			<ymin>385</ymin>
			<xmax>294</xmax>
			<ymax>469</ymax>
		</bndbox>
	</object>
</annotation>
