<annotation>
	<folder>green</folder>
	<filename>run11_22.jpg</filename>
	<path>/home/student/catkin_ws/CarND-Capstone/ros/image/green/run11_22.jpg</path>
	<source>
		<database>Unknown</database>
	</source>
	<size>
		<width>800</width>
		<height>600</height>
		<depth>3</depth>
	</size>
	<segmented>0</segmented>
	<object>
		<name>Green</name>
		<pose>Unspecified</pose>
		<truncated>0</truncated>
		<difficult>0</difficult>
		<bndbox>
			<xmin>15</xmin>
			<ymin>14</ymin>
			<xmax>110</xmax>
			<ymax>221</ymax>
		</bndbox>
	</object>
	<object>
		<name>Green</name>
		<pose>Unspecified</pose>
		<truncated>0</truncated>
		<difficult>0</difficult>
		<bndbox>
			<xmin>433</xmin>
			<ymin>18</ymin>
			<xmax>528</xmax>
			<ymax>225</ymax>
		</bndbox>
	</object>
</annotation>
