<annotation>
	<folder>green</folder>
	<filename>run10_6.jpg</filename>
	<path>/home/student/catkin_ws/CarND-Capstone/ros/image/green/run10_6.jpg</path>
	<source>
		<database>Unknown</database>
	</source>
	<size>
		<width>800</width>
		<height>600</height>
		<depth>3</depth>
	</size>
	<segmented>0</segmented>
	<object>
		<name>Green</name>
		<pose>Unspecified</pose>
		<truncated>0</truncated>
		<difficult>0</difficult>
		<bndbox>
			<xmin>212</xmin>
			<ymin>394</ymin>
			<xmax>249</xmax>
			<ymax>473</ymax>
		</bndbox>
	</object>
	<object>
		<name>Green</name>
		<pose>Unspecified</pose>
		<truncated>0</truncated>
		<difficult>0</difficult>
		<bndbox>
			<xmin>516</xmin>
			<ymin>400</ymin>
			<xmax>553</xmax>
			<ymax>479</ymax>
		</bndbox>
	</object>
	<object>
		<name>Green</name>
		<pose>Unspecified</pose>
		<truncated>0</truncated>
		<difficult>0</difficult>
		<bndbox>
			<xmin>364</xmin>
			<ymin>395</ymin>
			<xmax>401</xmax>
			<ymax>474</ymax>
		</bndbox>
	</object>
</annotation>
