<annotation>
	<folder>green</folder>
	<filename>run10_9.jpg</filename>
	<path>/home/student/catkin_ws/CarND-Capstone/ros/image/green/run10_9.jpg</path>
	<source>
		<database>Unknown</database>
	</source>
	<size>
		<width>800</width>
		<height>600</height>
		<depth>3</depth>
	</size>
	<segmented>0</segmented>
	<object>
		<name>Green</name>
		<pose>Unspecified</pose>
		<truncated>0</truncated>
		<difficult>0</difficult>
		<bndbox>
			<xmin>23</xmin>
			<ymin>371</ymin>
			<xmax>62</xmax>
			<ymax>457</ymax>
		</bndbox>
	</object>
	<object>
		<name>Green</name>
		<pose>Unspecified</pose>
		<truncated>0</truncated>
		<difficult>0</difficult>
		<bndbox>
			<xmin>349</xmin>
			<ymin>383</ymin>
			<xmax>388</xmax>
			<ymax>469</ymax>
		</bndbox>
	</object>
	<object>
		<name>Green</name>
		<pose>Unspecified</pose>
		<truncated>0</truncated>
		<difficult>0</difficult>
		<bndbox>
			<xmin>188</xmin>
			<ymin>378</ymin>
			<xmax>227</xmax>
			<ymax>464</ymax>
		</bndbox>
	</object>
</annotation>
