<annotation>
	<folder>green</folder>
	<filename>run10_47.jpg</filename>
	<path>/home/student/catkin_ws/CarND-Capstone/ros/image/green/run10_47.jpg</path>
	<source>
		<database>Unknown</database>
	</source>
	<size>
		<width>800</width>
		<height>600</height>
		<depth>3</depth>
	</size>
	<segmented>0</segmented>
	<object>
		<name>Green</name>
		<pose>Unspecified</pose>
		<truncated>1</truncated>
		<difficult>0</difficult>
		<bndbox>
			<xmin>314</xmin>
			<ymin>1</ymin>
			<xmax>411</xmax>
			<ymax>203</ymax>
		</bndbox>
	</object>
	<object>
		<name>Green</name>
		<pose>Unspecified</pose>
		<truncated>1</truncated>
		<difficult>0</difficult>
		<bndbox>
			<xmin>749</xmin>
			<ymin>3</ymin>
			<xmax>800</xmax>
			<ymax>219</ymax>
		</bndbox>
	</object>
</annotation>
