<annotation>
	<folder>green</folder>
	<filename>run11_19.jpg</filename>
	<path>/home/student/catkin_ws/CarND-Capstone/ros/image/green/run11_19.jpg</path>
	<source>
		<database>Unknown</database>
	</source>
	<size>
		<width>800</width>
		<height>600</height>
		<depth>3</depth>
	</size>
	<segmented>0</segmented>
	<object>
		<name>Green</name>
		<pose>Unspecified</pose>
		<truncated>0</truncated>
		<difficult>0</difficult>
		<bndbox>
			<xmin>341</xmin>
			<ymin>38</ymin>
			<xmax>432</xmax>
			<ymax>241</ymax>
		</bndbox>
	</object>
	<object>
		<name>Green</name>
		<pose>Unspecified</pose>
		<truncated>1</truncated>
		<difficult>0</difficult>
		<bndbox>
			<xmin>750</xmin>
			<ymin>43</ymin>
			<xmax>800</xmax>
			<ymax>248</ymax>
		</bndbox>
	</object>
</annotation>
