<annotation>
	<folder>green</folder>
	<filename>run11_16.jpg</filename>
	<path>/home/student/catkin_ws/CarND-Capstone/ros/image/green/run11_16.jpg</path>
	<source>
		<database>Unknown</database>
	</source>
	<size>
		<width>800</width>
		<height>600</height>
		<depth>3</depth>
	</size>
	<segmented>0</segmented>
	<object>
		<name>Green</name>
		<pose>Unspecified</pose>
		<truncated>0</truncated>
		<difficult>0</difficult>
		<bndbox>
			<xmin>208</xmin>
			<ymin>93</ymin>
			<xmax>290</xmax>
			<ymax>272</ymax>
		</bndbox>
	</object>
	<object>
		<name>Green</name>
		<pose>Unspecified</pose>
		<truncated>0</truncated>
		<difficult>0</difficult>
		<bndbox>
			<xmin>567</xmin>
			<ymin>102</ymin>
			<xmax>649</xmax>
			<ymax>281</ymax>
		</bndbox>
	</object>
</annotation>
