<annotation>
	<folder>green</folder>
	<filename>run10_12.jpg</filename>
	<path>/home/student/catkin_ws/CarND-Capstone/ros/image/green/run10_12.jpg</path>
	<source>
		<database>Unknown</database>
	</source>
	<size>
		<width>800</width>
		<height>600</height>
		<depth>3</depth>
	</size>
	<segmented>0</segmented>
	<object>
		<name>Green</name>
		<pose>Unspecified</pose>
		<truncated>0</truncated>
		<difficult>0</difficult>
		<bndbox>
			<xmin>397</xmin>
			<ymin>365</ymin>
			<xmax>441</xmax>
			<ymax>457</ymax>
		</bndbox>
	</object>
	<object>
		<name>Green</name>
		<pose>Unspecified</pose>
		<truncated>0</truncated>
		<difficult>0</difficult>
		<bndbox>
			<xmin>219</xmin>
			<ymin>359</ymin>
			<xmax>262</xmax>
			<ymax>448</ymax>
		</bndbox>
	</object>
	<object>
		<name>Green</name>
		<pose>Unspecified</pose>
		<truncated>0</truncated>
		<difficult>0</difficult>
		<bndbox>
			<xmin>37</xmin>
			<ymin>355</ymin>
			<xmax>81</xmax>
			<ymax>448</ymax>
		</bndbox>
	</object>
</annotation>
