<annotation>
	<folder>green</folder>
	<filename>run10_7.jpg</filename>
	<path>/home/student/catkin_ws/CarND-Capstone/ros/image/green/run10_7.jpg</path>
	<source>
		<database>Unknown</database>
	</source>
	<size>
		<width>800</width>
		<height>600</height>
		<depth>3</depth>
	</size>
	<segmented>0</segmented>
	<object>
		<name>Green</name>
		<pose>Unspecified</pose>
		<truncated>0</truncated>
		<difficult>0</difficult>
		<bndbox>
			<xmin>142</xmin>
			<ymin>387</ymin>
			<xmax>178</xmax>
			<ymax>466</ymax>
		</bndbox>
	</object>
	<object>
		<name>Green</name>
		<pose>Unspecified</pose>
		<truncated>0</truncated>
		<difficult>0</difficult>
		<bndbox>
			<xmin>454</xmin>
			<ymin>395</ymin>
			<xmax>490</xmax>
			<ymax>474</ymax>
		</bndbox>
	</object>
	<object>
		<name>Green</name>
		<pose>Unspecified</pose>
		<truncated>0</truncated>
		<difficult>0</difficult>
		<bndbox>
			<xmin>300</xmin>
			<ymin>391</ymin>
			<xmax>336</xmax>
			<ymax>470</ymax>
		</bndbox>
	</object>
</annotation>
