<annotation>
	<folder>green</folder>
	<filename>run10_19.jpg</filename>
	<path>/home/student/catkin_ws/CarND-Capstone/ros/image/green/run10_19.jpg</path>
	<source>
		<database>Unknown</database>
	</source>
	<size>
		<width>800</width>
		<height>600</height>
		<depth>3</depth>
	</size>
	<segmented>0</segmented>
	<object>
		<name>Green</name>
		<pose>Unspecified</pose>
		<truncated>0</truncated>
		<difficult>0</difficult>
		<bndbox>
			<xmin>101</xmin>
			<ymin>291</ymin>
			<xmax>154</xmax>
			<ymax>410</ymax>
		</bndbox>
	</object>
	<object>
		<name>Green</name>
		<pose>Unspecified</pose>
		<truncated>0</truncated>
		<difficult>0</difficult>
		<bndbox>
			<xmin>331</xmin>
			<ymin>298</ymin>
			<xmax>381</xmax>
			<ymax>414</ymax>
		</bndbox>
	</object>
	<object>
		<name>Green</name>
		<pose>Unspecified</pose>
		<truncated>0</truncated>
		<difficult>0</difficult>
		<bndbox>
			<xmin>555</xmin>
			<ymin>304</ymin>
			<xmax>605</xmax>
			<ymax>420</ymax>
		</bndbox>
	</object>
</annotation>
