<annotation>
	<folder>green</folder>
	<filename>run10_44.jpg</filename>
	<path>/home/student/catkin_ws/CarND-Capstone/ros/image/green/run10_44.jpg</path>
	<source>
		<database>Unknown</database>
	</source>
	<size>
		<width>800</width>
		<height>600</height>
		<depth>3</depth>
	</size>
	<segmented>0</segmented>
	<object>
		<name>Green</name>
		<pose>Unspecified</pose>
		<truncated>0</truncated>
		<difficult>0</difficult>
		<bndbox>
			<xmin>326</xmin>
			<ymin>78</ymin>
			<xmax>406</xmax>
			<ymax>264</ymax>
		</bndbox>
	</object>
	<object>
		<name>Green</name>
		<pose>Unspecified</pose>
		<truncated>0</truncated>
		<difficult>0</difficult>
		<bndbox>
			<xmin>690</xmin>
			<ymin>92</ymin>
			<xmax>774</xmax>
			<ymax>273</ymax>
		</bndbox>
	</object>
</annotation>
