<annotation>
	<folder>green</folder>
	<filename>run10_15.jpg</filename>
	<path>/home/student/catkin_ws/CarND-Capstone/ros/image/green/run10_15.jpg</path>
	<source>
		<database>Unknown</database>
	</source>
	<size>
		<width>800</width>
		<height>600</height>
		<depth>3</depth>
	</size>
	<segmented>0</segmented>
	<object>
		<name>Green</name>
		<pose>Unspecified</pose>
		<truncated>0</truncated>
		<difficult>0</difficult>
		<bndbox>
			<xmin>18</xmin>
			<ymin>336</ymin>
			<xmax>61</xmax>
			<ymax>435</ymax>
		</bndbox>
	</object>
	<object>
		<name>Green</name>
		<pose>Unspecified</pose>
		<truncated>0</truncated>
		<difficult>0</difficult>
		<bndbox>
			<xmin>400</xmin>
			<ymin>350</ymin>
			<xmax>445</xmax>
			<ymax>447</ymax>
		</bndbox>
	</object>
	<object>
		<name>Green</name>
		<pose>Unspecified</pose>
		<truncated>0</truncated>
		<difficult>0</difficult>
		<bndbox>
			<xmin>212</xmin>
			<ymin>344</ymin>
			<xmax>257</xmax>
			<ymax>438</ymax>
		</bndbox>
	</object>
</annotation>
