<annotation>
	<folder>green</folder>
	<filename>run10_17.jpg</filename>
	<path>/home/student/catkin_ws/CarND-Capstone/ros/image/green/run10_17.jpg</path>
	<source>
		<database>Unknown</database>
	</source>
	<size>
		<width>800</width>
		<height>600</height>
		<depth>3</depth>
	</size>
	<segmented>0</segmented>
	<object>
		<name>Green</name>
		<pose>Unspecified</pose>
		<truncated>0</truncated>
		<difficult>0</difficult>
		<bndbox>
			<xmin>12</xmin>
			<ymin>324</ymin>
			<xmax>57</xmax>
			<ymax>427</ymax>
		</bndbox>
	</object>
	<object>
		<name>Green</name>
		<pose>Unspecified</pose>
		<truncated>0</truncated>
		<difficult>0</difficult>
		<bndbox>
			<xmin>411</xmin>
			<ymin>338</ymin>
			<xmax>456</xmax>
			<ymax>441</ymax>
		</bndbox>
	</object>
	<object>
		<name>Green</name>
		<pose>Unspecified</pose>
		<truncated>0</truncated>
		<difficult>0</difficult>
		<bndbox>
			<xmin>215</xmin>
			<ymin>331</ymin>
			<xmax>260</xmax>
			<ymax>434</ymax>
		</bndbox>
	</object>
</annotation>
