<annotation>
	<folder>green</folder>
	<filename>run10_14.jpg</filename>
	<path>/home/student/catkin_ws/CarND-Capstone/ros/image/green/run10_14.jpg</path>
	<source>
		<database>Unknown</database>
	</source>
	<size>
		<width>800</width>
		<height>600</height>
		<depth>3</depth>
	</size>
	<segmented>0</segmented>
	<object>
		<name>Green</name>
		<pose>Unspecified</pose>
		<truncated>0</truncated>
		<difficult>0</difficult>
		<bndbox>
			<xmin>20</xmin>
			<ymin>341</ymin>
			<xmax>64</xmax>
			<ymax>436</ymax>
		</bndbox>
	</object>
	<object>
		<name>Green</name>
		<pose>Unspecified</pose>
		<truncated>0</truncated>
		<difficult>0</difficult>
		<bndbox>
			<xmin>397</xmin>
			<ymin>353</ymin>
			<xmax>441</xmax>
			<ymax>448</ymax>
		</bndbox>
	</object>
	<object>
		<name>Green</name>
		<pose>Unspecified</pose>
		<truncated>0</truncated>
		<difficult>0</difficult>
		<bndbox>
			<xmin>211</xmin>
			<ymin>347</ymin>
			<xmax>255</xmax>
			<ymax>442</ymax>
		</bndbox>
	</object>
</annotation>
