<annotation>
	<folder>green</folder>
	<filename>run10_11.jpg</filename>
	<path>/home/student/catkin_ws/CarND-Capstone/ros/image/green/run10_11.jpg</path>
	<source>
		<database>Unknown</database>
	</source>
	<size>
		<width>800</width>
		<height>600</height>
		<depth>3</depth>
	</size>
	<segmented>0</segmented>
	<object>
		<name>Green</name>
		<pose>Unspecified</pose>
		<truncated>0</truncated>
		<difficult>0</difficult>
		<bndbox>
			<xmin>2</xmin>
			<ymin>361</ymin>
			<xmax>45</xmax>
			<ymax>450</ymax>
		</bndbox>
	</object>
	<object>
		<name>Green</name>
		<pose>Unspecified</pose>
		<truncated>0</truncated>
		<difficult>0</difficult>
		<bndbox>
			<xmin>351</xmin>
			<ymin>372</ymin>
			<xmax>392</xmax>
			<ymax>460</ymax>
		</bndbox>
	</object>
	<object>
		<name>Green</name>
		<pose>Unspecified</pose>
		<truncated>0</truncated>
		<difficult>0</difficult>
		<bndbox>
			<xmin>180</xmin>
			<ymin>366</ymin>
			<xmax>222</xmax>
			<ymax>456</ymax>
		</bndbox>
	</object>
</annotation>
