<annotation>
	<folder>green</folder>
	<filename>run4_170.jpg</filename>
	<path>/home/student/catkin_ws/CarND-Capstone/ros/image/green/run4_170.jpg</path>
	<source>
		<database>Unknown</database>
	</source>
	<size>
		<width>800</width>
		<height>600</height>
		<depth>3</depth>
	</size>
	<segmented>0</segmented>
	<object>
		<name>Green</name>
		<pose>Unspecified</pose>
		<truncated>0</truncated>
		<difficult>0</difficult>
		<bndbox>
			<xmin>350</xmin>
			<ymin>317</ymin>
			<xmax>397</xmax>
			<ymax>424</ymax>
		</bndbox>
	</object>
	<object>
		<name>Green</name>
		<pose>Unspecified</pose>
		<truncated>0</truncated>
		<difficult>0</difficult>
		<bndbox>
			<xmin>563</xmin>
			<ymin>323</ymin>
			<xmax>612</xmax>
			<ymax>431</ymax>
		</bndbox>
	</object>
	<object>
		<name>Green</name>
		<pose>Unspecified</pose>
		<truncated>1</truncated>
		<difficult>0</difficult>
		<bndbox>
			<xmin>775</xmin>
			<ymin>331</ymin>
			<xmax>800</xmax>
			<ymax>436</ymax>
		</bndbox>
	</object>
</annotation>
