<annotation>
	<folder>green</folder>
	<filename>run4_132.jpg</filename>
	<path>/home/student/catkin_ws/CarND-Capstone/ros/image/green/run4_132.jpg</path>
	<source>
		<database>Unknown</database>
	</source>
	<size>
		<width>800</width>
		<height>600</height>
		<depth>3</depth>
	</size>
	<segmented>0</segmented>
	<object>
		<name>Green</name>
		<pose>Unspecified</pose>
		<truncated>0</truncated>
		<difficult>0</difficult>
		<bndbox>
			<xmin>308</xmin>
			<ymin>427</ymin>
			<xmax>337</xmax>
			<ymax>492</ymax>
		</bndbox>
	</object>
	<object>
		<name>Green</name>
		<pose>Unspecified</pose>
		<truncated>0</truncated>
		<difficult>0</difficult>
		<bndbox>
			<xmin>435</xmin>
			<ymin>430</ymin>
			<xmax>464</xmax>
			<ymax>495</ymax>
		</bndbox>
	</object>
	<object>
		<name>Green</name>
		<pose>Unspecified</pose>
		<truncated>0</truncated>
		<difficult>0</difficult>
		<bndbox>
			<xmin>562</xmin>
			<ymin>435</ymin>
			<xmax>591</xmax>
			<ymax>500</ymax>
		</bndbox>
	</object>
</annotation>
