<annotation>
	<folder>green</folder>
	<filename>run4_72.jpg</filename>
	<path>/home/student/catkin_ws/CarND-Capstone/ros/image/green/run4_72.jpg</path>
	<source>
		<database>Unknown</database>
	</source>
	<size>
		<width>800</width>
		<height>600</height>
		<depth>3</depth>
	</size>
	<segmented>0</segmented>
	<object>
		<name>Green</name>
		<pose>Unspecified</pose>
		<truncated>0</truncated>
		<difficult>0</difficult>
		<bndbox>
			<xmin>56</xmin>
			<ymin>529</ymin>
			<xmax>69</xmax>
			<ymax>557</ymax>
		</bndbox>
	</object>
	<object>
		<name>Green</name>
		<pose>Unspecified</pose>
		<truncated>0</truncated>
		<difficult>0</difficult>
		<bndbox>
			<xmin>111</xmin>
			<ymin>529</ymin>
			<xmax>126</xmax>
			<ymax>559</ymax>
		</bndbox>
	</object>
	<object>
		<name>Green</name>
		<pose>Unspecified</pose>
		<truncated>0</truncated>
		<difficult>0</difficult>
		<bndbox>
			<xmin>168</xmin>
			<ymin>532</ymin>
			<xmax>182</xmax>
			<ymax>561</ymax>
		</bndbox>
	</object>
</annotation>
