<annotation>
	<folder>green</folder>
	<filename>run4_18.jpg</filename>
	<path>/home/student/catkin_ws/CarND-Capstone/ros/image/green/run4_18.jpg</path>
	<source>
		<database>Unknown</database>
	</source>
	<size>
		<width>800</width>
		<height>600</height>
		<depth>3</depth>
	</size>
	<segmented>0</segmented>
	<object>
		<name>Green</name>
		<pose>Unspecified</pose>
		<truncated>0</truncated>
		<difficult>0</difficult>
		<bndbox>
			<xmin>195</xmin>
			<ymin>569</ymin>
			<xmax>204</xmax>
			<ymax>586</ymax>
		</bndbox>
	</object>
	<object>
		<name>Green</name>
		<pose>Unspecified</pose>
		<truncated>0</truncated>
		<difficult>0</difficult>
		<bndbox>
			<xmin>226</xmin>
			<ymin>571</ymin>
			<xmax>235</xmax>
			<ymax>588</ymax>
		</bndbox>
	</object>
	<object>
		<name>Green</name>
		<pose>Unspecified</pose>
		<truncated>0</truncated>
		<difficult>0</difficult>
		<bndbox>
			<xmin>256</xmin>
			<ymin>570</ymin>
			<xmax>265</xmax>
			<ymax>587</ymax>
		</bndbox>
	</object>
</annotation>
