<annotation>
	<folder>green</folder>
	<filename>run4_122.jpg</filename>
	<path>/home/student/catkin_ws/CarND-Capstone/ros/image/green/run4_122.jpg</path>
	<source>
		<database>Unknown</database>
	</source>
	<size>
		<width>800</width>
		<height>600</height>
		<depth>3</depth>
	</size>
	<segmented>0</segmented>
	<object>
		<name>Green</name>
		<pose>Unspecified</pose>
		<truncated>0</truncated>
		<difficult>0</difficult>
		<bndbox>
			<xmin>230</xmin>
			<ymin>446</ymin>
			<xmax>256</xmax>
			<ymax>505</ymax>
		</bndbox>
	</object>
	<object>
		<name>Green</name>
		<pose>Unspecified</pose>
		<truncated>0</truncated>
		<difficult>0</difficult>
		<bndbox>
			<xmin>456</xmin>
			<ymin>453</ymin>
			<xmax>482</xmax>
			<ymax>512</ymax>
		</bndbox>
	</object>
	<object>
		<name>Green</name>
		<pose>Unspecified</pose>
		<truncated>0</truncated>
		<difficult>0</difficult>
		<bndbox>
			<xmin>344</xmin>
			<ymin>449</ymin>
			<xmax>370</xmax>
			<ymax>508</ymax>
		</bndbox>
	</object>
</annotation>
