<annotation>
	<folder>green</folder>
	<filename>run4_334.jpg</filename>
	<path>/home/student/catkin_ws/CarND-Capstone/ros/image/green/run4_334.jpg</path>
	<source>
		<database>Unknown</database>
	</source>
	<size>
		<width>800</width>
		<height>600</height>
		<depth>3</depth>
	</size>
	<segmented>0</segmented>
	<object>
		<name>Green</name>
		<pose>Unspecified</pose>
		<truncated>0</truncated>
		<difficult>0</difficult>
		<bndbox>
			<xmin>125</xmin>
			<ymin>244</ymin>
			<xmax>184</xmax>
			<ymax>370</ymax>
		</bndbox>
	</object>
	<object>
		<name>Green</name>
		<pose>Unspecified</pose>
		<truncated>0</truncated>
		<difficult>0</difficult>
		<bndbox>
			<xmin>633</xmin>
			<ymin>260</ymin>
			<xmax>690</xmax>
			<ymax>387</ymax>
		</bndbox>
	</object>
	<object>
		<name>Green</name>
		<pose>Unspecified</pose>
		<truncated>0</truncated>
		<difficult>0</difficult>
		<bndbox>
			<xmin>383</xmin>
			<ymin>251</ymin>
			<xmax>440</xmax>
			<ymax>380</ymax>
		</bndbox>
	</object>
</annotation>
