<annotation>
	<folder>green</folder>
	<filename>run4_68.jpg</filename>
	<path>/home/student/catkin_ws/CarND-Capstone/ros/image/green/run4_68.jpg</path>
	<source>
		<database>Unknown</database>
	</source>
	<size>
		<width>800</width>
		<height>600</height>
		<depth>3</depth>
	</size>
	<segmented>0</segmented>
	<object>
		<name>Green</name>
		<pose>Unspecified</pose>
		<truncated>0</truncated>
		<difficult>0</difficult>
		<bndbox>
			<xmin>128</xmin>
			<ymin>533</ymin>
			<xmax>142</xmax>
			<ymax>564</ymax>
		</bndbox>
	</object>
	<object>
		<name>Green</name>
		<pose>Unspecified</pose>
		<truncated>0</truncated>
		<difficult>0</difficult>
		<bndbox>
			<xmin>179</xmin>
			<ymin>535</ymin>
			<xmax>192</xmax>
			<ymax>565</ymax>
		</bndbox>
	</object>
	<object>
		<name>Green</name>
		<pose>Unspecified</pose>
		<truncated>0</truncated>
		<difficult>0</difficult>
		<bndbox>
			<xmin>74</xmin>
			<ymin>531</ymin>
			<xmax>88</xmax>
			<ymax>562</ymax>
		</bndbox>
	</object>
</annotation>
