<annotation>
	<folder>green</folder>
	<filename>run4_81.jpg</filename>
	<path>/home/student/catkin_ws/CarND-Capstone/ros/image/green/run4_81.jpg</path>
	<source>
		<database>Unknown</database>
	</source>
	<size>
		<width>800</width>
		<height>600</height>
		<depth>3</depth>
	</size>
	<segmented>0</segmented>
	<object>
		<name>Green</name>
		<pose>Unspecified</pose>
		<truncated>0</truncated>
		<difficult>0</difficult>
		<bndbox>
			<xmin>130</xmin>
			<ymin>514</ymin>
			<xmax>145</xmax>
			<ymax>548</ymax>
		</bndbox>
	</object>
	<object>
		<name>Green</name>
		<pose>Unspecified</pose>
		<truncated>0</truncated>
		<difficult>0</difficult>
		<bndbox>
			<xmin>62</xmin>
			<ymin>512</ymin>
			<xmax>77</xmax>
			<ymax>546</ymax>
		</bndbox>
	</object>
	<object>
		<name>Green</name>
		<pose>Unspecified</pose>
		<truncated>1</truncated>
		<difficult>0</difficult>
		<bndbox>
			<xmin>1</xmin>
			<ymin>510</ymin>
			<xmax>9</xmax>
			<ymax>546</ymax>
		</bndbox>
	</object>
</annotation>
