<annotation>
	<folder>green</folder>
	<filename>run4_76.jpg</filename>
	<path>/home/student/catkin_ws/CarND-Capstone/ros/image/green/run4_76.jpg</path>
	<source>
		<database>Unknown</database>
	</source>
	<size>
		<width>800</width>
		<height>600</height>
		<depth>3</depth>
	</size>
	<segmented>0</segmented>
	<object>
		<name>Green</name>
		<pose>Unspecified</pose>
		<truncated>0</truncated>
		<difficult>0</difficult>
		<bndbox>
			<xmin>28</xmin>
			<ymin>520</ymin>
			<xmax>42</xmax>
			<ymax>551</ymax>
		</bndbox>
	</object>
	<object>
		<name>Green</name>
		<pose>Unspecified</pose>
		<truncated>0</truncated>
		<difficult>0</difficult>
		<bndbox>
			<xmin>151</xmin>
			<ymin>524</ymin>
			<xmax>165</xmax>
			<ymax>555</ymax>
		</bndbox>
	</object>
	<object>
		<name>Green</name>
		<pose>Unspecified</pose>
		<truncated>0</truncated>
		<difficult>0</difficult>
		<bndbox>
			<xmin>90</xmin>
			<ymin>522</ymin>
			<xmax>104</xmax>
			<ymax>553</ymax>
		</bndbox>
	</object>
</annotation>
