<annotation>
	<folder>green</folder>
	<filename>run4_278.jpg</filename>
	<path>/home/student/catkin_ws/CarND-Capstone/ros/image/green/run4_278.jpg</path>
	<source>
		<database>Unknown</database>
	</source>
	<size>
		<width>800</width>
		<height>600</height>
		<depth>3</depth>
	</size>
	<segmented>0</segmented>
	<object>
		<name>Green</name>
		<pose>Unspecified</pose>
		<truncated>0</truncated>
		<difficult>0</difficult>
		<bndbox>
			<xmin>237</xmin>
			<ymin>452</ymin>
			<xmax>262</xmax>
			<ymax>507</ymax>
		</bndbox>
	</object>
	<object>
		<name>Green</name>
		<pose>Unspecified</pose>
		<truncated>0</truncated>
		<difficult>0</difficult>
		<bndbox>
			<xmin>347</xmin>
			<ymin>456</ymin>
			<xmax>372</xmax>
			<ymax>511</ymax>
		</bndbox>
	</object>
	<object>
		<name>Green</name>
		<pose>Unspecified</pose>
		<truncated>0</truncated>
		<difficult>0</difficult>
		<bndbox>
			<xmin>125</xmin>
			<ymin>449</ymin>
			<xmax>150</xmax>
			<ymax>504</ymax>
		</bndbox>
	</object>
</annotation>
