<annotation>
	<folder>green</folder>
	<filename>run4_26.jpg</filename>
	<path>/home/student/catkin_ws/CarND-Capstone/ros/image/green/run4_26.jpg</path>
	<source>
		<database>Unknown</database>
	</source>
	<size>
		<width>800</width>
		<height>600</height>
		<depth>3</depth>
	</size>
	<segmented>0</segmented>
	<object>
		<name>Green</name>
		<pose>Unspecified</pose>
		<truncated>0</truncated>
		<difficult>0</difficult>
		<bndbox>
			<xmin>181</xmin>
			<ymin>563</ymin>
			<xmax>190</xmax>
			<ymax>585</ymax>
		</bndbox>
	</object>
	<object>
		<name>Green</name>
		<pose>Unspecified</pose>
		<truncated>0</truncated>
		<difficult>0</difficult>
		<bndbox>
			<xmin>214</xmin>
			<ymin>564</ymin>
			<xmax>223</xmax>
			<ymax>584</ymax>
		</bndbox>
	</object>
	<object>
		<name>Green</name>
		<pose>Unspecified</pose>
		<truncated>0</truncated>
		<difficult>0</difficult>
		<bndbox>
			<xmin>246</xmin>
			<ymin>563</ymin>
			<xmax>255</xmax>
			<ymax>585</ymax>
		</bndbox>
	</object>
</annotation>
