<annotation>
	<folder>green</folder>
	<filename>run4_116.jpg</filename>
	<path>/home/student/catkin_ws/CarND-Capstone/ros/image/green/run4_116.jpg</path>
	<source>
		<database>Unknown</database>
	</source>
	<size>
		<width>800</width>
		<height>600</height>
		<depth>3</depth>
	</size>
	<segmented>0</segmented>
	<object>
		<name>Green</name>
		<pose>Unspecified</pose>
		<truncated>0</truncated>
		<difficult>0</difficult>
		<bndbox>
			<xmin>240</xmin>
			<ymin>459</ymin>
			<xmax>265</xmax>
			<ymax>513</ymax>
		</bndbox>
	</object>
	<object>
		<name>Green</name>
		<pose>Unspecified</pose>
		<truncated>0</truncated>
		<difficult>0</difficult>
		<bndbox>
			<xmin>449</xmin>
			<ymin>465</ymin>
			<xmax>474</xmax>
			<ymax>519</ymax>
		</bndbox>
	</object>
	<object>
		<name>Green</name>
		<pose>Unspecified</pose>
		<truncated>0</truncated>
		<difficult>0</difficult>
		<bndbox>
			<xmin>345</xmin>
			<ymin>462</ymin>
			<xmax>370</xmax>
			<ymax>516</ymax>
		</bndbox>
	</object>
</annotation>
