<annotation>
	<folder>green</folder>
	<filename>run4_225.jpg</filename>
	<path>/home/student/catkin_ws/CarND-Capstone/ros/image/green/run4_225.jpg</path>
	<source>
		<database>Unknown</database>
	</source>
	<size>
		<width>800</width>
		<height>600</height>
		<depth>3</depth>
	</size>
	<segmented>0</segmented>
	<object>
		<name>Green</name>
		<pose>Unspecified</pose>
		<truncated>0</truncated>
		<difficult>0</difficult>
		<bndbox>
			<xmin>333</xmin>
			<ymin>549</ymin>
			<xmax>346</xmax>
			<ymax>574</ymax>
		</bndbox>
	</object>
	<object>
		<name>Green</name>
		<pose>Unspecified</pose>
		<truncated>0</truncated>
		<difficult>0</difficult>
		<bndbox>
			<xmin>381</xmin>
			<ymin>549</ymin>
			<xmax>392</xmax>
			<ymax>575</ymax>
		</bndbox>
	</object>
	<object>
		<name>Green</name>
		<pose>Unspecified</pose>
		<truncated>0</truncated>
		<difficult>0</difficult>
		<bndbox>
			<xmin>427</xmin>
			<ymin>550</ymin>
			<xmax>439</xmax>
			<ymax>576</ymax>
		</bndbox>
	</object>
</annotation>
