<annotation>
	<folder>green</folder>
	<filename>run4_175.jpg</filename>
	<path>/home/student/catkin_ws/CarND-Capstone/ros/image/green/run4_175.jpg</path>
	<source>
		<database>Unknown</database>
	</source>
	<size>
		<width>800</width>
		<height>600</height>
		<depth>3</depth>
	</size>
	<segmented>0</segmented>
	<object>
		<name>Green</name>
		<pose>Unspecified</pose>
		<truncated>0</truncated>
		<difficult>0</difficult>
		<bndbox>
			<xmin>254</xmin>
			<ymin>293</ymin>
			<xmax>308</xmax>
			<ymax>409</ymax>
		</bndbox>
	</object>
	<object>
		<name>Green</name>
		<pose>Unspecified</pose>
		<truncated>0</truncated>
		<difficult>0</difficult>
		<bndbox>
			<xmin>704</xmin>
			<ymin>310</ymin>
			<xmax>757</xmax>
			<ymax>424</ymax>
		</bndbox>
	</object>
	<object>
		<name>Green</name>
		<pose>Unspecified</pose>
		<truncated>0</truncated>
		<difficult>0</difficult>
		<bndbox>
			<xmin>483</xmin>
			<ymin>301</ymin>
			<xmax>535</xmax>
			<ymax>415</ymax>
		</bndbox>
	</object>
</annotation>
