<annotation>
	<folder>green</folder>
	<filename>run4_276.jpg</filename>
	<path>/home/student/catkin_ws/CarND-Capstone/ros/image/green/run4_276.jpg</path>
	<source>
		<database>Unknown</database>
	</source>
	<size>
		<width>800</width>
		<height>600</height>
		<depth>3</depth>
	</size>
	<segmented>0</segmented>
	<object>
		<name>Green</name>
		<pose>Unspecified</pose>
		<truncated>0</truncated>
		<difficult>0</difficult>
		<bndbox>
			<xmin>134</xmin>
			<ymin>455</ymin>
			<xmax>159</xmax>
			<ymax>510</ymax>
		</bndbox>
	</object>
	<object>
		<name>Green</name>
		<pose>Unspecified</pose>
		<truncated>0</truncated>
		<difficult>0</difficult>
		<bndbox>
			<xmin>347</xmin>
			<ymin>461</ymin>
			<xmax>372</xmax>
			<ymax>516</ymax>
		</bndbox>
	</object>
	<object>
		<name>Green</name>
		<pose>Unspecified</pose>
		<truncated>0</truncated>
		<difficult>0</difficult>
		<bndbox>
			<xmin>241</xmin>
			<ymin>457</ymin>
			<xmax>266</xmax>
			<ymax>512</ymax>
		</bndbox>
	</object>
</annotation>
