<annotation>
	<folder>green</folder>
	<filename>run4_171.jpg</filename>
	<path>/home/student/catkin_ws/CarND-Capstone/ros/image/green/run4_171.jpg</path>
	<source>
		<database>Unknown</database>
	</source>
	<size>
		<width>800</width>
		<height>600</height>
		<depth>3</depth>
	</size>
	<segmented>0</segmented>
	<object>
		<name>Green</name>
		<pose>Unspecified</pose>
		<truncated>0</truncated>
		<difficult>0</difficult>
		<bndbox>
			<xmin>350</xmin>
			<ymin>310</ymin>
			<xmax>398</xmax>
			<ymax>419</ymax>
		</bndbox>
	</object>
	<object>
		<name>Green</name>
		<pose>Unspecified</pose>
		<truncated>0</truncated>
		<difficult>0</difficult>
		<bndbox>
			<xmin>567</xmin>
			<ymin>317</ymin>
			<xmax>615</xmax>
			<ymax>426</ymax>
		</bndbox>
	</object>
</annotation>
