<annotation>
	<folder>green</folder>
	<filename>run4_228.jpg</filename>
	<path>/home/student/catkin_ws/CarND-Capstone/ros/image/green/run4_228.jpg</path>
	<source>
		<database>Unknown</database>
	</source>
	<size>
		<width>800</width>
		<height>600</height>
		<depth>3</depth>
	</size>
	<segmented>0</segmented>
	<object>
		<name>Green</name>
		<pose>Unspecified</pose>
		<truncated>0</truncated>
		<difficult>0</difficult>
		<bndbox>
			<xmin>331</xmin>
			<ymin>541</ymin>
			<xmax>343</xmax>
			<ymax>569</ymax>
		</bndbox>
	</object>
	<object>
		<name>Green</name>
		<pose>Unspecified</pose>
		<truncated>0</truncated>
		<difficult>0</difficult>
		<bndbox>
			<xmin>432</xmin>
			<ymin>545</ymin>
			<xmax>444</xmax>
			<ymax>573</ymax>
		</bndbox>
	</object>
	<object>
		<name>Green</name>
		<pose>Unspecified</pose>
		<truncated>0</truncated>
		<difficult>0</difficult>
		<bndbox>
			<xmin>382</xmin>
			<ymin>544</ymin>
			<xmax>394</xmax>
			<ymax>572</ymax>
		</bndbox>
	</object>
</annotation>
