<annotation>
	<folder>green</folder>
	<filename>run4_74.jpg</filename>
	<path>/home/student/catkin_ws/CarND-Capstone/ros/image/green/run4_74.jpg</path>
	<source>
		<database>Unknown</database>
	</source>
	<size>
		<width>800</width>
		<height>600</height>
		<depth>3</depth>
	</size>
	<segmented>0</segmented>
	<object>
		<name>Green</name>
		<pose>Unspecified</pose>
		<truncated>0</truncated>
		<difficult>0</difficult>
		<bndbox>
			<xmin>160</xmin>
			<ymin>527</ymin>
			<xmax>174</xmax>
			<ymax>558</ymax>
		</bndbox>
	</object>
	<object>
		<name>Green</name>
		<pose>Unspecified</pose>
		<truncated>0</truncated>
		<difficult>0</difficult>
		<bndbox>
			<xmin>101</xmin>
			<ymin>525</ymin>
			<xmax>115</xmax>
			<ymax>556</ymax>
		</bndbox>
	</object>
	<object>
		<name>Green</name>
		<pose>Unspecified</pose>
		<truncated>0</truncated>
		<difficult>0</difficult>
		<bndbox>
			<xmin>41</xmin>
			<ymin>524</ymin>
			<xmax>55</xmax>
			<ymax>555</ymax>
		</bndbox>
	</object>
</annotation>
