<annotation>
	<folder>green</folder>
	<filename>run4_117.jpg</filename>
	<path>/home/student/catkin_ws/CarND-Capstone/ros/image/green/run4_117.jpg</path>
	<source>
		<database>Unknown</database>
	</source>
	<size>
		<width>800</width>
		<height>600</height>
		<depth>3</depth>
	</size>
	<segmented>0</segmented>
	<object>
		<name>Green</name>
		<pose>Unspecified</pose>
		<truncated>0</truncated>
		<difficult>0</difficult>
		<bndbox>
			<xmin>239</xmin>
			<ymin>458</ymin>
			<xmax>264</xmax>
			<ymax>512</ymax>
		</bndbox>
	</object>
	<object>
		<name>Green</name>
		<pose>Unspecified</pose>
		<truncated>0</truncated>
		<difficult>0</difficult>
		<bndbox>
			<xmin>450</xmin>
			<ymin>464</ymin>
			<xmax>475</xmax>
			<ymax>518</ymax>
		</bndbox>
	</object>
	<object>
		<name>Green</name>
		<pose>Unspecified</pose>
		<truncated>0</truncated>
		<difficult>0</difficult>
		<bndbox>
			<xmin>345</xmin>
			<ymin>461</ymin>
			<xmax>370</xmax>
			<ymax>515</ymax>
		</bndbox>
	</object>
</annotation>
