<annotation>
	<folder>green</folder>
	<filename>run4_78.jpg</filename>
	<path>/home/student/catkin_ws/CarND-Capstone/ros/image/green/run4_78.jpg</path>
	<source>
		<database>Unknown</database>
	</source>
	<size>
		<width>800</width>
		<height>600</height>
		<depth>3</depth>
	</size>
	<segmented>0</segmented>
	<object>
		<name>Green</name>
		<pose>Unspecified</pose>
		<truncated>0</truncated>
		<difficult>0</difficult>
		<bndbox>
			<xmin>12</xmin>
			<ymin>516</ymin>
			<xmax>27</xmax>
			<ymax>548</ymax>
		</bndbox>
	</object>
	<object>
		<name>Green</name>
		<pose>Unspecified</pose>
		<truncated>0</truncated>
		<difficult>0</difficult>
		<bndbox>
			<xmin>77</xmin>
			<ymin>518</ymin>
			<xmax>92</xmax>
			<ymax>550</ymax>
		</bndbox>
	</object>
	<object>
		<name>Green</name>
		<pose>Unspecified</pose>
		<truncated>0</truncated>
		<difficult>0</difficult>
		<bndbox>
			<xmin>141</xmin>
			<ymin>520</ymin>
			<xmax>156</xmax>
			<ymax>552</ymax>
		</bndbox>
	</object>
</annotation>
