<annotation>
	<folder>green</folder>
	<filename>run4_242.jpg</filename>
	<path>/home/student/catkin_ws/CarND-Capstone/ros/image/green/run4_242.jpg</path>
	<source>
		<database>Unknown</database>
	</source>
	<size>
		<width>800</width>
		<height>600</height>
		<depth>3</depth>
	</size>
	<segmented>0</segmented>
	<object>
		<name>Green</name>
		<pose>Unspecified</pose>
		<truncated>0</truncated>
		<difficult>0</difficult>
		<bndbox>
			<xmin>54</xmin>
			<ymin>513</ymin>
			<xmax>71</xmax>
			<ymax>548</ymax>
		</bndbox>
	</object>
	<object>
		<name>Green</name>
		<pose>Unspecified</pose>
		<truncated>0</truncated>
		<difficult>0</difficult>
		<bndbox>
			<xmin>187</xmin>
			<ymin>518</ymin>
			<xmax>204</xmax>
			<ymax>553</ymax>
		</bndbox>
	</object>
	<object>
		<name>Green</name>
		<pose>Unspecified</pose>
		<truncated>0</truncated>
		<difficult>0</difficult>
		<bndbox>
			<xmin>121</xmin>
			<ymin>515</ymin>
			<xmax>138</xmax>
			<ymax>550</ymax>
		</bndbox>
	</object>
</annotation>
