<annotation>
	<folder>green</folder>
	<filename>run4_332.jpg</filename>
	<path>/home/student/catkin_ws/CarND-Capstone/ros/image/green/run4_332.jpg</path>
	<source>
		<database>Unknown</database>
	</source>
	<size>
		<width>800</width>
		<height>600</height>
		<depth>3</depth>
	</size>
	<segmented>0</segmented>
	<object>
		<name>Green</name>
		<pose>Unspecified</pose>
		<truncated>0</truncated>
		<difficult>0</difficult>
		<bndbox>
			<xmin>134</xmin>
			<ymin>251</ymin>
			<xmax>188</xmax>
			<ymax>374</ymax>
		</bndbox>
	</object>
	<object>
		<name>Green</name>
		<pose>Unspecified</pose>
		<truncated>0</truncated>
		<difficult>0</difficult>
		<bndbox>
			<xmin>622</xmin>
			<ymin>266</ymin>
			<xmax>676</xmax>
			<ymax>388</ymax>
		</bndbox>
	</object>
	<object>
		<name>Green</name>
		<pose>Unspecified</pose>
		<truncated>0</truncated>
		<difficult>0</difficult>
		<bndbox>
			<xmin>380</xmin>
			<ymin>257</ymin>
			<xmax>434</xmax>
			<ymax>380</ymax>
		</bndbox>
	</object>
</annotation>
