<annotation>
	<folder>green</folder>
	<filename>run4_333.jpg</filename>
	<path>/home/student/catkin_ws/CarND-Capstone/ros/image/green/run4_333.jpg</path>
	<source>
		<database>Unknown</database>
	</source>
	<size>
		<width>800</width>
		<height>600</height>
		<depth>3</depth>
	</size>
	<segmented>0</segmented>
	<object>
		<name>Green</name>
		<pose>Unspecified</pose>
		<truncated>0</truncated>
		<difficult>0</difficult>
		<bndbox>
			<xmin>135</xmin>
			<ymin>248</ymin>
			<xmax>192</xmax>
			<ymax>371</ymax>
		</bndbox>
	</object>
	<object>
		<name>Green</name>
		<pose>Unspecified</pose>
		<truncated>0</truncated>
		<difficult>0</difficult>
		<bndbox>
			<xmin>624</xmin>
			<ymin>264</ymin>
			<xmax>681</xmax>
			<ymax>387</ymax>
		</bndbox>
	</object>
	<object>
		<name>Green</name>
		<pose>Unspecified</pose>
		<truncated>0</truncated>
		<difficult>0</difficult>
		<bndbox>
			<xmin>382</xmin>
			<ymin>256</ymin>
			<xmax>439</xmax>
			<ymax>379</ymax>
		</bndbox>
	</object>
</annotation>
