<annotation>
	<folder>green</folder>
	<filename>run4_289.jpg</filename>
	<path>/home/student/catkin_ws/CarND-Capstone/ros/image/green/run4_289.jpg</path>
	<source>
		<database>Unknown</database>
	</source>
	<size>
		<width>800</width>
		<height>600</height>
		<depth>3</depth>
	</size>
	<segmented>0</segmented>
	<object>
		<name>Green</name>
		<pose>Unspecified</pose>
		<truncated>0</truncated>
		<difficult>0</difficult>
		<bndbox>
			<xmin>209</xmin>
			<ymin>414</ymin>
			<xmax>240</xmax>
			<ymax>482</ymax>
		</bndbox>
	</object>
	<object>
		<name>Green</name>
		<pose>Unspecified</pose>
		<truncated>0</truncated>
		<difficult>0</difficult>
		<bndbox>
			<xmin>344</xmin>
			<ymin>418</ymin>
			<xmax>375</xmax>
			<ymax>486</ymax>
		</bndbox>
	</object>
	<object>
		<name>Green</name>
		<pose>Unspecified</pose>
		<truncated>0</truncated>
		<difficult>0</difficult>
		<bndbox>
			<xmin>71</xmin>
			<ymin>411</ymin>
			<xmax>102</xmax>
			<ymax>479</ymax>
		</bndbox>
	</object>
</annotation>
