<annotation>
	<folder>green</folder>
	<filename>run4_70.jpg</filename>
	<path>/home/student/catkin_ws/CarND-Capstone/ros/image/green/run4_70.jpg</path>
	<source>
		<database>Unknown</database>
	</source>
	<size>
		<width>800</width>
		<height>600</height>
		<depth>3</depth>
	</size>
	<segmented>0</segmented>
	<object>
		<name>Green</name>
		<pose>Unspecified</pose>
		<truncated>0</truncated>
		<difficult>0</difficult>
		<bndbox>
			<xmin>65</xmin>
			<ymin>532</ymin>
			<xmax>80</xmax>
			<ymax>559</ymax>
		</bndbox>
	</object>
	<object>
		<name>Green</name>
		<pose>Unspecified</pose>
		<truncated>0</truncated>
		<difficult>0</difficult>
		<bndbox>
			<xmin>120</xmin>
			<ymin>534</ymin>
			<xmax>134</xmax>
			<ymax>562</ymax>
		</bndbox>
	</object>
	<object>
		<name>Green</name>
		<pose>Unspecified</pose>
		<truncated>0</truncated>
		<difficult>0</difficult>
		<bndbox>
			<xmin>175</xmin>
			<ymin>534</ymin>
			<xmax>187</xmax>
			<ymax>562</ymax>
		</bndbox>
	</object>
</annotation>
