<annotation>
	<folder>green</folder>
	<filename>run4_19.jpg</filename>
	<path>/home/student/catkin_ws/CarND-Capstone/ros/image/green/run4_19.jpg</path>
	<source>
		<database>Unknown</database>
	</source>
	<size>
		<width>800</width>
		<height>600</height>
		<depth>3</depth>
	</size>
	<segmented>0</segmented>
	<object>
		<name>Green</name>
		<pose>Unspecified</pose>
		<truncated>0</truncated>
		<difficult>0</difficult>
		<bndbox>
			<xmin>314</xmin>
			<ymin>571</ymin>
			<xmax>323</xmax>
			<ymax>589</ymax>
		</bndbox>
	</object>
	<object>
		<name>Green</name>
		<pose>Unspecified</pose>
		<truncated>0</truncated>
		<difficult>0</difficult>
		<bndbox>
			<xmin>345</xmin>
			<ymin>571</ymin>
			<xmax>355</xmax>
			<ymax>590</ymax>
		</bndbox>
	</object>
	<object>
		<name>Green</name>
		<pose>Unspecified</pose>
		<truncated>0</truncated>
		<difficult>0</difficult>
		<bndbox>
			<xmin>375</xmin>
			<ymin>573</ymin>
			<xmax>384</xmax>
			<ymax>592</ymax>
		</bndbox>
	</object>
</annotation>
