<annotation>
	<folder>green</folder>
	<filename>run4_281.jpg</filename>
	<path>/home/student/catkin_ws/CarND-Capstone/ros/image/green/run4_281.jpg</path>
	<source>
		<database>Unknown</database>
	</source>
	<size>
		<width>800</width>
		<height>600</height>
		<depth>3</depth>
	</size>
	<segmented>0</segmented>
	<object>
		<name>Green</name>
		<pose>Unspecified</pose>
		<truncated>0</truncated>
		<difficult>0</difficult>
		<bndbox>
			<xmin>110</xmin>
			<ymin>439</ymin>
			<xmax>138</xmax>
			<ymax>497</ymax>
		</bndbox>
	</object>
	<object>
		<name>Green</name>
		<pose>Unspecified</pose>
		<truncated>0</truncated>
		<difficult>0</difficult>
		<bndbox>
			<xmin>344</xmin>
			<ymin>445</ymin>
			<xmax>372</xmax>
			<ymax>503</ymax>
		</bndbox>
	</object>
	<object>
		<name>Green</name>
		<pose>Unspecified</pose>
		<truncated>0</truncated>
		<difficult>0</difficult>
		<bndbox>
			<xmin>229</xmin>
			<ymin>442</ymin>
			<xmax>257</xmax>
			<ymax>500</ymax>
		</bndbox>
	</object>
</annotation>
