<annotation>
	<folder>green</folder>
	<filename>run4_71.jpg</filename>
	<path>/home/student/catkin_ws/CarND-Capstone/ros/image/green/run4_71.jpg</path>
	<source>
		<database>Unknown</database>
	</source>
	<size>
		<width>800</width>
		<height>600</height>
		<depth>3</depth>
	</size>
	<segmented>0</segmented>
	<object>
		<name>Green</name>
		<pose>Unspecified</pose>
		<truncated>0</truncated>
		<difficult>0</difficult>
		<bndbox>
			<xmin>60</xmin>
			<ymin>529</ymin>
			<xmax>75</xmax>
			<ymax>559</ymax>
		</bndbox>
	</object>
	<object>
		<name>Green</name>
		<pose>Unspecified</pose>
		<truncated>0</truncated>
		<difficult>0</difficult>
		<bndbox>
			<xmin>116</xmin>
			<ymin>531</ymin>
			<xmax>130</xmax>
			<ymax>560</ymax>
		</bndbox>
	</object>
	<object>
		<name>Green</name>
		<pose>Unspecified</pose>
		<truncated>0</truncated>
		<difficult>0</difficult>
		<bndbox>
			<xmin>171</xmin>
			<ymin>533</ymin>
			<xmax>185</xmax>
			<ymax>562</ymax>
		</bndbox>
	</object>
</annotation>
