<annotation>
	<folder>green</folder>
	<filename>run4_337.jpg</filename>
	<path>/home/student/catkin_ws/CarND-Capstone/ros/image/green/run4_337.jpg</path>
	<source>
		<database>Unknown</database>
	</source>
	<size>
		<width>800</width>
		<height>600</height>
		<depth>3</depth>
	</size>
	<segmented>0</segmented>
	<object>
		<name>Green</name>
		<pose>Unspecified</pose>
		<truncated>0</truncated>
		<difficult>0</difficult>
		<bndbox>
			<xmin>79</xmin>
			<ymin>166</ymin>
			<xmax>150</xmax>
			<ymax>319</ymax>
		</bndbox>
	</object>
	<object>
		<name>Green</name>
		<pose>Unspecified</pose>
		<truncated>0</truncated>
		<difficult>0</difficult>
		<bndbox>
			<xmin>684</xmin>
			<ymin>187</ymin>
			<xmax>755</xmax>
			<ymax>340</ymax>
		</bndbox>
	</object>
	<object>
		<name>Green</name>
		<pose>Unspecified</pose>
		<truncated>0</truncated>
		<difficult>0</difficult>
		<bndbox>
			<xmin>386</xmin>
			<ymin>178</ymin>
			<xmax>457</xmax>
			<ymax>331</ymax>
		</bndbox>
	</object>
</annotation>
