<annotation>
	<folder>green</folder>
	<filename>run4_25.jpg</filename>
	<path>/home/student/catkin_ws/CarND-Capstone/ros/image/green/run4_25.jpg</path>
	<source>
		<database>Unknown</database>
	</source>
	<size>
		<width>800</width>
		<height>600</height>
		<depth>3</depth>
	</size>
	<segmented>0</segmented>
	<object>
		<name>Green</name>
		<pose>Unspecified</pose>
		<truncated>0</truncated>
		<difficult>0</difficult>
		<bndbox>
			<xmin>353</xmin>
			<ymin>567</ymin>
			<xmax>363</xmax>
			<ymax>587</ymax>
		</bndbox>
	</object>
	<object>
		<name>Green</name>
		<pose>Unspecified</pose>
		<truncated>0</truncated>
		<difficult>0</difficult>
		<bndbox>
			<xmin>385</xmin>
			<ymin>568</ymin>
			<xmax>396</xmax>
			<ymax>587</ymax>
		</bndbox>
	</object>
	<object>
		<name>Green</name>
		<pose>Unspecified</pose>
		<truncated>0</truncated>
		<difficult>0</difficult>
		<bndbox>
			<xmin>418</xmin>
			<ymin>568</ymin>
			<xmax>427</xmax>
			<ymax>587</ymax>
		</bndbox>
	</object>
</annotation>
