<annotation>
	<folder>green</folder>
	<filename>run4_174.jpg</filename>
	<path>/home/student/catkin_ws/CarND-Capstone/ros/image/green/run4_174.jpg</path>
	<source>
		<database>Unknown</database>
	</source>
	<size>
		<width>800</width>
		<height>600</height>
		<depth>3</depth>
	</size>
	<segmented>0</segmented>
	<object>
		<name>Green</name>
		<pose>Unspecified</pose>
		<truncated>0</truncated>
		<difficult>0</difficult>
		<bndbox>
			<xmin>255</xmin>
			<ymin>292</ymin>
			<xmax>309</xmax>
			<ymax>408</ymax>
		</bndbox>
	</object>
	<object>
		<name>Green</name>
		<pose>Unspecified</pose>
		<truncated>0</truncated>
		<difficult>0</difficult>
		<bndbox>
			<xmin>481</xmin>
			<ymin>300</ymin>
			<xmax>535</xmax>
			<ymax>416</ymax>
		</bndbox>
	</object>
	<object>
		<name>Green</name>
		<pose>Unspecified</pose>
		<truncated>0</truncated>
		<difficult>0</difficult>
		<bndbox>
			<xmin>703</xmin>
			<ymin>309</ymin>
			<xmax>757</xmax>
			<ymax>425</ymax>
		</bndbox>
	</object>
</annotation>
