<annotation>
	<folder>green</folder>
	<filename>run4_131.jpg</filename>
	<path>/home/student/catkin_ws/CarND-Capstone/ros/image/green/run4_131.jpg</path>
	<source>
		<database>Unknown</database>
	</source>
	<size>
		<width>800</width>
		<height>600</height>
		<depth>3</depth>
	</size>
	<segmented>0</segmented>
	<object>
		<name>Green</name>
		<pose>Unspecified</pose>
		<truncated>0</truncated>
		<difficult>0</difficult>
		<bndbox>
			<xmin>214</xmin>
			<ymin>427</ymin>
			<xmax>244</xmax>
			<ymax>491</ymax>
		</bndbox>
	</object>
	<object>
		<name>Green</name>
		<pose>Unspecified</pose>
		<truncated>0</truncated>
		<difficult>0</difficult>
		<bndbox>
			<xmin>341</xmin>
			<ymin>431</ymin>
			<xmax>371</xmax>
			<ymax>495</ymax>
		</bndbox>
	</object>
	<object>
		<name>Green</name>
		<pose>Unspecified</pose>
		<truncated>0</truncated>
		<difficult>0</difficult>
		<bndbox>
			<xmin>467</xmin>
			<ymin>434</ymin>
			<xmax>497</xmax>
			<ymax>498</ymax>
		</bndbox>
	</object>
</annotation>
