<annotation>
	<folder>green</folder>
	<filename>run4_126.jpg</filename>
	<path>/home/student/catkin_ws/CarND-Capstone/ros/image/green/run4_126.jpg</path>
	<source>
		<database>Unknown</database>
	</source>
	<size>
		<width>800</width>
		<height>600</height>
		<depth>3</depth>
	</size>
	<segmented>0</segmented>
	<object>
		<name>Green</name>
		<pose>Unspecified</pose>
		<truncated>0</truncated>
		<difficult>0</difficult>
		<bndbox>
			<xmin>223</xmin>
			<ymin>436</ymin>
			<xmax>252</xmax>
			<ymax>499</ymax>
		</bndbox>
	</object>
	<object>
		<name>Green</name>
		<pose>Unspecified</pose>
		<truncated>0</truncated>
		<difficult>0</difficult>
		<bndbox>
			<xmin>343</xmin>
			<ymin>439</ymin>
			<xmax>371</xmax>
			<ymax>502</ymax>
		</bndbox>
	</object>
	<object>
		<name>Green</name>
		<pose>Unspecified</pose>
		<truncated>0</truncated>
		<difficult>0</difficult>
		<bndbox>
			<xmin>461</xmin>
			<ymin>443</ymin>
			<xmax>489</xmax>
			<ymax>506</ymax>
		</bndbox>
	</object>
</annotation>
