<annotation>
	<folder>green</folder>
	<filename>run4_227.jpg</filename>
	<path>/home/student/catkin_ws/CarND-Capstone/ros/image/green/run4_227.jpg</path>
	<source>
		<database>Unknown</database>
	</source>
	<size>
		<width>800</width>
		<height>600</height>
		<depth>3</depth>
	</size>
	<segmented>0</segmented>
	<object>
		<name>Green</name>
		<pose>Unspecified</pose>
		<truncated>0</truncated>
		<difficult>0</difficult>
		<bndbox>
			<xmin>332</xmin>
			<ymin>543</ymin>
			<xmax>344</xmax>
			<ymax>571</ymax>
		</bndbox>
	</object>
	<object>
		<name>Green</name>
		<pose>Unspecified</pose>
		<truncated>0</truncated>
		<difficult>0</difficult>
		<bndbox>
			<xmin>381</xmin>
			<ymin>545</ymin>
			<xmax>393</xmax>
			<ymax>572</ymax>
		</bndbox>
	</object>
	<object>
		<name>Green</name>
		<pose>Unspecified</pose>
		<truncated>0</truncated>
		<difficult>0</difficult>
		<bndbox>
			<xmin>432</xmin>
			<ymin>545</ymin>
			<xmax>442</xmax>
			<ymax>572</ymax>
		</bndbox>
	</object>
</annotation>
