<annotation>
	<folder>green</folder>
	<filename>run4_79.jpg</filename>
	<path>/home/student/catkin_ws/CarND-Capstone/ros/image/green/run4_79.jpg</path>
	<source>
		<database>Unknown</database>
	</source>
	<size>
		<width>800</width>
		<height>600</height>
		<depth>3</depth>
	</size>
	<segmented>0</segmented>
	<object>
		<name>Green</name>
		<pose>Unspecified</pose>
		<truncated>0</truncated>
		<difficult>0</difficult>
		<bndbox>
			<xmin>6</xmin>
			<ymin>513</ymin>
			<xmax>21</xmax>
			<ymax>547</ymax>
		</bndbox>
	</object>
	<object>
		<name>Green</name>
		<pose>Unspecified</pose>
		<truncated>0</truncated>
		<difficult>0</difficult>
		<bndbox>
			<xmin>137</xmin>
			<ymin>518</ymin>
			<xmax>152</xmax>
			<ymax>552</ymax>
		</bndbox>
	</object>
	<object>
		<name>Green</name>
		<pose>Unspecified</pose>
		<truncated>0</truncated>
		<difficult>0</difficult>
		<bndbox>
			<xmin>72</xmin>
			<ymin>515</ymin>
			<xmax>87</xmax>
			<ymax>549</ymax>
		</bndbox>
	</object>
</annotation>
