<annotation>
	<folder>green</folder>
	<filename>run4_292.jpg</filename>
	<path>/home/student/catkin_ws/CarND-Capstone/ros/image/green/run4_292.jpg</path>
	<source>
		<database>Unknown</database>
	</source>
	<size>
		<width>800</width>
		<height>600</height>
		<depth>3</depth>
	</size>
	<segmented>0</segmented>
	<object>
		<name>Green</name>
		<pose>Unspecified</pose>
		<truncated>0</truncated>
		<difficult>0</difficult>
		<bndbox>
			<xmin>343</xmin>
			<ymin>413</ymin>
			<xmax>376</xmax>
			<ymax>483</ymax>
		</bndbox>
	</object>
	<object>
		<name>Green</name>
		<pose>Unspecified</pose>
		<truncated>0</truncated>
		<difficult>0</difficult>
		<bndbox>
			<xmin>203</xmin>
			<ymin>408</ymin>
			<xmax>236</xmax>
			<ymax>480</ymax>
		</bndbox>
	</object>
	<object>
		<name>Green</name>
		<pose>Unspecified</pose>
		<truncated>0</truncated>
		<difficult>0</difficult>
		<bndbox>
			<xmin>59</xmin>
			<ymin>403</ymin>
			<xmax>92</xmax>
			<ymax>475</ymax>
		</bndbox>
	</object>
</annotation>
