<annotation>
	<folder>green</folder>
	<filename>run4_226.jpg</filename>
	<path>/home/student/catkin_ws/CarND-Capstone/ros/image/green/run4_226.jpg</path>
	<source>
		<database>Unknown</database>
	</source>
	<size>
		<width>800</width>
		<height>600</height>
		<depth>3</depth>
	</size>
	<segmented>0</segmented>
	<object>
		<name>Green</name>
		<pose>Unspecified</pose>
		<truncated>0</truncated>
		<difficult>0</difficult>
		<bndbox>
			<xmin>333</xmin>
			<ymin>547</ymin>
			<xmax>345</xmax>
			<ymax>571</ymax>
		</bndbox>
	</object>
	<object>
		<name>Green</name>
		<pose>Unspecified</pose>
		<truncated>0</truncated>
		<difficult>0</difficult>
		<bndbox>
			<xmin>428</xmin>
			<ymin>549</ymin>
			<xmax>441</xmax>
			<ymax>573</ymax>
		</bndbox>
	</object>
	<object>
		<name>Green</name>
		<pose>Unspecified</pose>
		<truncated>0</truncated>
		<difficult>0</difficult>
		<bndbox>
			<xmin>381</xmin>
			<ymin>547</ymin>
			<xmax>393</xmax>
			<ymax>573</ymax>
		</bndbox>
	</object>
</annotation>
