<annotation>
	<folder>green</folder>
	<filename>run4_339.jpg</filename>
	<path>/home/student/catkin_ws/CarND-Capstone/ros/image/green/run4_339.jpg</path>
	<source>
		<database>Unknown</database>
	</source>
	<size>
		<width>800</width>
		<height>600</height>
		<depth>3</depth>
	</size>
	<segmented>0</segmented>
	<object>
		<name>Green</name>
		<pose>Unspecified</pose>
		<truncated>0</truncated>
		<difficult>0</difficult>
		<bndbox>
			<xmin>16</xmin>
			<ymin>60</ymin>
			<xmax>102</xmax>
			<ymax>248</ymax>
		</bndbox>
	</object>
	<object>
		<name>Green</name>
		<pose>Unspecified</pose>
		<truncated>0</truncated>
		<difficult>0</difficult>
		<bndbox>
			<xmin>392</xmin>
			<ymin>73</ymin>
			<xmax>480</xmax>
			<ymax>261</ymax>
		</bndbox>
	</object>
	<object>
		<name>Green</name>
		<pose>Unspecified</pose>
		<truncated>1</truncated>
		<difficult>0</difficult>
		<bndbox>
			<xmin>762</xmin>
			<ymin>88</ymin>
			<xmax>800</xmax>
			<ymax>271</ymax>
		</bndbox>
	</object>
</annotation>
