<annotation>
	<folder>green</folder>
	<filename>run4_180.jpg</filename>
	<path>/home/student/catkin_ws/CarND-Capstone/ros/image/green/run4_180.jpg</path>
	<source>
		<database>Unknown</database>
	</source>
	<size>
		<width>800</width>
		<height>600</height>
		<depth>3</depth>
	</size>
	<segmented>0</segmented>
	<object>
		<name>Green</name>
		<pose>Unspecified</pose>
		<truncated>0</truncated>
		<difficult>0</difficult>
		<bndbox>
			<xmin>723</xmin>
			<ymin>305</ymin>
			<xmax>775</xmax>
			<ymax>421</ymax>
		</bndbox>
	</object>
	<object>
		<name>Green</name>
		<pose>Unspecified</pose>
		<truncated>0</truncated>
		<difficult>0</difficult>
		<bndbox>
			<xmin>498</xmin>
			<ymin>298</ymin>
			<xmax>550</xmax>
			<ymax>414</ymax>
		</bndbox>
	</object>
	<object>
		<name>Green</name>
		<pose>Unspecified</pose>
		<truncated>0</truncated>
		<difficult>0</difficult>
		<bndbox>
			<xmin>267</xmin>
			<ymin>289</ymin>
			<xmax>319</xmax>
			<ymax>405</ymax>
		</bndbox>
	</object>
</annotation>
