<annotation>
	<folder>green</folder>
	<filename>run4_27.jpg</filename>
	<path>/home/student/catkin_ws/CarND-Capstone/ros/image/green/run4_27.jpg</path>
	<source>
		<database>Unknown</database>
	</source>
	<size>
		<width>800</width>
		<height>600</height>
		<depth>3</depth>
	</size>
	<segmented>0</segmented>
	<object>
		<name>Green</name>
		<pose>Unspecified</pose>
		<truncated>0</truncated>
		<difficult>0</difficult>
		<bndbox>
			<xmin>179</xmin>
			<ymin>563</ymin>
			<xmax>188</xmax>
			<ymax>584</ymax>
		</bndbox>
	</object>
	<object>
		<name>Green</name>
		<pose>Unspecified</pose>
		<truncated>0</truncated>
		<difficult>0</difficult>
		<bndbox>
			<xmin>213</xmin>
			<ymin>563</ymin>
			<xmax>221</xmax>
			<ymax>584</ymax>
		</bndbox>
	</object>
	<object>
		<name>Green</name>
		<pose>Unspecified</pose>
		<truncated>0</truncated>
		<difficult>0</difficult>
		<bndbox>
			<xmin>245</xmin>
			<ymin>564</ymin>
			<xmax>255</xmax>
			<ymax>585</ymax>
		</bndbox>
	</object>
</annotation>
