<annotation>
	<folder>green</folder>
	<filename>run4_340.jpg</filename>
	<path>/home/student/catkin_ws/CarND-Capstone/ros/image/green/run4_340.jpg</path>
	<source>
		<database>Unknown</database>
	</source>
	<size>
		<width>800</width>
		<height>600</height>
		<depth>3</depth>
	</size>
	<segmented>0</segmented>
	<object>
		<name>Green</name>
		<pose>Unspecified</pose>
		<truncated>1</truncated>
		<difficult>0</difficult>
		<bndbox>
			<xmin>1</xmin>
			<ymin>4</ymin>
			<xmax>71</xmax>
			<ymax>215</ymax>
		</bndbox>
	</object>
	<object>
		<name>Green</name>
		<pose>Unspecified</pose>
		<truncated>0</truncated>
		<difficult>0</difficult>
		<bndbox>
			<xmin>396</xmin>
			<ymin>22</ymin>
			<xmax>491</xmax>
			<ymax>229</ymax>
		</bndbox>
	</object>
</annotation>
