<annotation>
	<folder>green</folder>
	<filename>run4_244.jpg</filename>
	<path>/home/student/catkin_ws/CarND-Capstone/ros/image/green/run4_244.jpg</path>
	<source>
		<database>Unknown</database>
	</source>
	<size>
		<width>800</width>
		<height>600</height>
		<depth>3</depth>
	</size>
	<segmented>0</segmented>
	<object>
		<name>Green</name>
		<pose>Unspecified</pose>
		<truncated>0</truncated>
		<difficult>0</difficult>
		<bndbox>
			<xmin>180</xmin>
			<ymin>514</ymin>
			<xmax>197</xmax>
			<ymax>549</ymax>
		</bndbox>
	</object>
	<object>
		<name>Green</name>
		<pose>Unspecified</pose>
		<truncated>0</truncated>
		<difficult>0</difficult>
		<bndbox>
			<xmin>112</xmin>
			<ymin>510</ymin>
			<xmax>129</xmax>
			<ymax>547</ymax>
		</bndbox>
	</object>
	<object>
		<name>Green</name>
		<pose>Unspecified</pose>
		<truncated>0</truncated>
		<difficult>0</difficult>
		<bndbox>
			<xmin>41</xmin>
			<ymin>509</ymin>
			<xmax>59</xmax>
			<ymax>545</ymax>
		</bndbox>
	</object>
</annotation>
