<annotation>
	<folder>green</folder>
	<filename>run4_277.jpg</filename>
	<path>/home/student/catkin_ws/CarND-Capstone/ros/image/green/run4_277.jpg</path>
	<source>
		<database>Unknown</database>
	</source>
	<size>
		<width>800</width>
		<height>600</height>
		<depth>3</depth>
	</size>
	<segmented>0</segmented>
	<object>
		<name>Green</name>
		<pose>Unspecified</pose>
		<truncated>0</truncated>
		<difficult>0</difficult>
		<bndbox>
			<xmin>347</xmin>
			<ymin>458</ymin>
			<xmax>372</xmax>
			<ymax>513</ymax>
		</bndbox>
	</object>
	<object>
		<name>Green</name>
		<pose>Unspecified</pose>
		<truncated>0</truncated>
		<difficult>0</difficult>
		<bndbox>
			<xmin>240</xmin>
			<ymin>455</ymin>
			<xmax>265</xmax>
			<ymax>510</ymax>
		</bndbox>
	</object>
	<object>
		<name>Green</name>
		<pose>Unspecified</pose>
		<truncated>0</truncated>
		<difficult>0</difficult>
		<bndbox>
			<xmin>129</xmin>
			<ymin>451</ymin>
			<xmax>154</xmax>
			<ymax>506</ymax>
		</bndbox>
	</object>
</annotation>
