<annotation>
	<folder>green</folder>
	<filename>run4_279.jpg</filename>
	<path>/home/student/catkin_ws/CarND-Capstone/ros/image/green/run4_279.jpg</path>
	<source>
		<database>Unknown</database>
	</source>
	<size>
		<width>800</width>
		<height>600</height>
		<depth>3</depth>
	</size>
	<segmented>0</segmented>
	<object>
		<name>Green</name>
		<pose>Unspecified</pose>
		<truncated>0</truncated>
		<difficult>0</difficult>
		<bndbox>
			<xmin>120</xmin>
			<ymin>444</ymin>
			<xmax>146</xmax>
			<ymax>501</ymax>
		</bndbox>
	</object>
	<object>
		<name>Green</name>
		<pose>Unspecified</pose>
		<truncated>0</truncated>
		<difficult>0</difficult>
		<bndbox>
			<xmin>234</xmin>
			<ymin>448</ymin>
			<xmax>261</xmax>
			<ymax>508</ymax>
		</bndbox>
	</object>
	<object>
		<name>Green</name>
		<pose>Unspecified</pose>
		<truncated>0</truncated>
		<difficult>0</difficult>
		<bndbox>
			<xmin>347</xmin>
			<ymin>451</ymin>
			<xmax>373</xmax>
			<ymax>510</ymax>
		</bndbox>
	</object>
</annotation>
