<annotation>
	<folder>green</folder>
	<filename>run4_67.jpg</filename>
	<path>/home/student/catkin_ws/CarND-Capstone/ros/image/green/run4_67.jpg</path>
	<source>
		<database>Unknown</database>
	</source>
	<size>
		<width>800</width>
		<height>600</height>
		<depth>3</depth>
	</size>
	<segmented>0</segmented>
	<object>
		<name>Green</name>
		<pose>Unspecified</pose>
		<truncated>0</truncated>
		<difficult>0</difficult>
		<bndbox>
			<xmin>81</xmin>
			<ymin>535</ymin>
			<xmax>93</xmax>
			<ymax>564</ymax>
		</bndbox>
	</object>
	<object>
		<name>Green</name>
		<pose>Unspecified</pose>
		<truncated>0</truncated>
		<difficult>0</difficult>
		<bndbox>
			<xmin>184</xmin>
			<ymin>536</ymin>
			<xmax>196</xmax>
			<ymax>565</ymax>
		</bndbox>
	</object>
	<object>
		<name>Green</name>
		<pose>Unspecified</pose>
		<truncated>0</truncated>
		<difficult>0</difficult>
		<bndbox>
			<xmin>133</xmin>
			<ymin>534</ymin>
			<xmax>145</xmax>
			<ymax>563</ymax>
		</bndbox>
	</object>
</annotation>
