<annotation>
	<folder>green</folder>
	<filename>run4_112.jpg</filename>
	<path>/home/student/catkin_ws/CarND-Capstone/ros/image/green/run4_112.jpg</path>
	<source>
		<database>Unknown</database>
	</source>
	<size>
		<width>800</width>
		<height>600</height>
		<depth>3</depth>
	</size>
	<segmented>0</segmented>
	<object>
		<name>Green</name>
		<pose>Unspecified</pose>
		<truncated>0</truncated>
		<difficult>0</difficult>
		<bndbox>
			<xmin>247</xmin>
			<ymin>469</ymin>
			<xmax>269</xmax>
			<ymax>518</ymax>
		</bndbox>
	</object>
	<object>
		<name>Green</name>
		<pose>Unspecified</pose>
		<truncated>0</truncated>
		<difficult>0</difficult>
		<bndbox>
			<xmin>444</xmin>
			<ymin>474</ymin>
			<xmax>466</xmax>
			<ymax>523</ymax>
		</bndbox>
	</object>
	<object>
		<name>Green</name>
		<pose>Unspecified</pose>
		<truncated>0</truncated>
		<difficult>0</difficult>
		<bndbox>
			<xmin>347</xmin>
			<ymin>472</ymin>
			<xmax>369</xmax>
			<ymax>521</ymax>
		</bndbox>
	</object>
</annotation>
