<annotation>
	<folder>green</folder>
	<filename>run4_243.jpg</filename>
	<path>/home/student/catkin_ws/CarND-Capstone/ros/image/green/run4_243.jpg</path>
	<source>
		<database>Unknown</database>
	</source>
	<size>
		<width>800</width>
		<height>600</height>
		<depth>3</depth>
	</size>
	<segmented>0</segmented>
	<object>
		<name>Green</name>
		<pose>Unspecified</pose>
		<truncated>0</truncated>
		<difficult>0</difficult>
		<bndbox>
			<xmin>115</xmin>
			<ymin>513</ymin>
			<xmax>132</xmax>
			<ymax>548</ymax>
		</bndbox>
	</object>
	<object>
		<name>Green</name>
		<pose>Unspecified</pose>
		<truncated>0</truncated>
		<difficult>0</difficult>
		<bndbox>
			<xmin>46</xmin>
			<ymin>511</ymin>
			<xmax>63</xmax>
			<ymax>546</ymax>
		</bndbox>
	</object>
	<object>
		<name>Green</name>
		<pose>Unspecified</pose>
		<truncated>0</truncated>
		<difficult>0</difficult>
		<bndbox>
			<xmin>183</xmin>
			<ymin>514</ymin>
			<xmax>200</xmax>
			<ymax>549</ymax>
		</bndbox>
	</object>
</annotation>
