<annotation>
	<folder>green</folder>
	<filename>run4_295.jpg</filename>
	<path>/home/student/catkin_ws/CarND-Capstone/ros/image/green/run4_295.jpg</path>
	<source>
		<database>Unknown</database>
	</source>
	<size>
		<width>800</width>
		<height>600</height>
		<depth>3</depth>
	</size>
	<segmented>0</segmented>
	<object>
		<name>Green</name>
		<pose>Unspecified</pose>
		<truncated>0</truncated>
		<difficult>0</difficult>
		<bndbox>
			<xmin>50</xmin>
			<ymin>394</ymin>
			<xmax>83</xmax>
			<ymax>471</ymax>
		</bndbox>
	</object>
	<object>
		<name>Green</name>
		<pose>Unspecified</pose>
		<truncated>0</truncated>
		<difficult>0</difficult>
		<bndbox>
			<xmin>197</xmin>
			<ymin>401</ymin>
			<xmax>231</xmax>
			<ymax>476</ymax>
		</bndbox>
	</object>
	<object>
		<name>Green</name>
		<pose>Unspecified</pose>
		<truncated>0</truncated>
		<difficult>0</difficult>
		<bndbox>
			<xmin>343</xmin>
			<ymin>406</ymin>
			<xmax>376</xmax>
			<ymax>480</ymax>
		</bndbox>
	</object>
</annotation>
