<annotation>
	<folder>green</folder>
	<filename>run4_229.jpg</filename>
	<path>/home/student/catkin_ws/CarND-Capstone/ros/image/green/run4_229.jpg</path>
	<source>
		<database>Unknown</database>
	</source>
	<size>
		<width>800</width>
		<height>600</height>
		<depth>3</depth>
	</size>
	<segmented>0</segmented>
	<object>
		<name>Green</name>
		<pose>Unspecified</pose>
		<truncated>0</truncated>
		<difficult>0</difficult>
		<bndbox>
			<xmin>383</xmin>
			<ymin>542</ymin>
			<xmax>395</xmax>
			<ymax>570</ymax>
		</bndbox>
	</object>
	<object>
		<name>Green</name>
		<pose>Unspecified</pose>
		<truncated>0</truncated>
		<difficult>0</difficult>
		<bndbox>
			<xmin>331</xmin>
			<ymin>542</ymin>
			<xmax>343</xmax>
			<ymax>570</ymax>
		</bndbox>
	</object>
	<object>
		<name>Green</name>
		<pose>Unspecified</pose>
		<truncated>0</truncated>
		<difficult>0</difficult>
		<bndbox>
			<xmin>434</xmin>
			<ymin>544</ymin>
			<xmax>446</xmax>
			<ymax>572</ymax>
		</bndbox>
	</object>
</annotation>
