<annotation>
	<folder>green</folder>
	<filename>run4_176.jpg</filename>
	<path>/home/student/catkin_ws/CarND-Capstone/ros/image/green/run4_176.jpg</path>
	<source>
		<database>Unknown</database>
	</source>
	<size>
		<width>800</width>
		<height>600</height>
		<depth>3</depth>
	</size>
	<segmented>0</segmented>
	<object>
		<name>Green</name>
		<pose>Unspecified</pose>
		<truncated>0</truncated>
		<difficult>0</difficult>
		<bndbox>
			<xmin>259</xmin>
			<ymin>292</ymin>
			<xmax>313</xmax>
			<ymax>409</ymax>
		</bndbox>
	</object>
	<object>
		<name>Green</name>
		<pose>Unspecified</pose>
		<truncated>0</truncated>
		<difficult>0</difficult>
		<bndbox>
			<xmin>709</xmin>
			<ymin>310</ymin>
			<xmax>762</xmax>
			<ymax>424</ymax>
		</bndbox>
	</object>
	<object>
		<name>Green</name>
		<pose>Unspecified</pose>
		<truncated>0</truncated>
		<difficult>0</difficult>
		<bndbox>
			<xmin>487</xmin>
			<ymin>301</ymin>
			<xmax>541</xmax>
			<ymax>418</ymax>
		</bndbox>
	</object>
</annotation>
