<annotation>
	<folder>green</folder>
	<filename>run4_123.jpg</filename>
	<path>/home/student/catkin_ws/CarND-Capstone/ros/image/green/run4_123.jpg</path>
	<source>
		<database>Unknown</database>
	</source>
	<size>
		<width>800</width>
		<height>600</height>
		<depth>3</depth>
	</size>
	<segmented>0</segmented>
	<object>
		<name>Green</name>
		<pose>Unspecified</pose>
		<truncated>0</truncated>
		<difficult>0</difficult>
		<bndbox>
			<xmin>228</xmin>
			<ymin>443</ymin>
			<xmax>254</xmax>
			<ymax>502</ymax>
		</bndbox>
	</object>
	<object>
		<name>Green</name>
		<pose>Unspecified</pose>
		<truncated>0</truncated>
		<difficult>0</difficult>
		<bndbox>
			<xmin>458</xmin>
			<ymin>449</ymin>
			<xmax>484</xmax>
			<ymax>508</ymax>
		</bndbox>
	</object>
	<object>
		<name>Green</name>
		<pose>Unspecified</pose>
		<truncated>0</truncated>
		<difficult>0</difficult>
		<bndbox>
			<xmin>343</xmin>
			<ymin>446</ymin>
			<xmax>369</xmax>
			<ymax>505</ymax>
		</bndbox>
	</object>
</annotation>
