<annotation>
	<folder>green</folder>
	<filename>run4_120.jpg</filename>
	<path>/home/student/catkin_ws/CarND-Capstone/ros/image/green/run4_120.jpg</path>
	<source>
		<database>Unknown</database>
	</source>
	<size>
		<width>800</width>
		<height>600</height>
		<depth>3</depth>
	</size>
	<segmented>0</segmented>
	<object>
		<name>Green</name>
		<pose>Unspecified</pose>
		<truncated>0</truncated>
		<difficult>0</difficult>
		<bndbox>
			<xmin>233</xmin>
			<ymin>451</ymin>
			<xmax>259</xmax>
			<ymax>508</ymax>
		</bndbox>
	</object>
	<object>
		<name>Green</name>
		<pose>Unspecified</pose>
		<truncated>0</truncated>
		<difficult>0</difficult>
		<bndbox>
			<xmin>454</xmin>
			<ymin>457</ymin>
			<xmax>480</xmax>
			<ymax>514</ymax>
		</bndbox>
	</object>
	<object>
		<name>Green</name>
		<pose>Unspecified</pose>
		<truncated>0</truncated>
		<difficult>0</difficult>
		<bndbox>
			<xmin>345</xmin>
			<ymin>453</ymin>
			<xmax>371</xmax>
			<ymax>510</ymax>
		</bndbox>
	</object>
</annotation>
