<annotation>
	<folder>green</folder>
	<filename>run4_77.jpg</filename>
	<path>/home/student/catkin_ws/CarND-Capstone/ros/image/green/run4_77.jpg</path>
	<source>
		<database>Unknown</database>
	</source>
	<size>
		<width>800</width>
		<height>600</height>
		<depth>3</depth>
	</size>
	<segmented>0</segmented>
	<object>
		<name>Green</name>
		<pose>Unspecified</pose>
		<truncated>0</truncated>
		<difficult>0</difficult>
		<bndbox>
			<xmin>19</xmin>
			<ymin>518</ymin>
			<xmax>34</xmax>
			<ymax>550</ymax>
		</bndbox>
	</object>
	<object>
		<name>Green</name>
		<pose>Unspecified</pose>
		<truncated>0</truncated>
		<difficult>0</difficult>
		<bndbox>
			<xmin>145</xmin>
			<ymin>522</ymin>
			<xmax>160</xmax>
			<ymax>554</ymax>
		</bndbox>
	</object>
	<object>
		<name>Green</name>
		<pose>Unspecified</pose>
		<truncated>0</truncated>
		<difficult>0</difficult>
		<bndbox>
			<xmin>82</xmin>
			<ymin>521</ymin>
			<xmax>97</xmax>
			<ymax>553</ymax>
		</bndbox>
	</object>
</annotation>
