<annotation>
	<folder>green</folder>
	<filename>run4_75.jpg</filename>
	<path>/home/student/catkin_ws/CarND-Capstone/ros/image/green/run4_75.jpg</path>
	<source>
		<database>Unknown</database>
	</source>
	<size>
		<width>800</width>
		<height>600</height>
		<depth>3</depth>
	</size>
	<segmented>0</segmented>
	<object>
		<name>Green</name>
		<pose>Unspecified</pose>
		<truncated>0</truncated>
		<difficult>0</difficult>
		<bndbox>
			<xmin>34</xmin>
			<ymin>522</ymin>
			<xmax>48</xmax>
			<ymax>553</ymax>
		</bndbox>
	</object>
	<object>
		<name>Green</name>
		<pose>Unspecified</pose>
		<truncated>0</truncated>
		<difficult>0</difficult>
		<bndbox>
			<xmin>155</xmin>
			<ymin>526</ymin>
			<xmax>169</xmax>
			<ymax>557</ymax>
		</bndbox>
	</object>
	<object>
		<name>Green</name>
		<pose>Unspecified</pose>
		<truncated>0</truncated>
		<difficult>0</difficult>
		<bndbox>
			<xmin>95</xmin>
			<ymin>524</ymin>
			<xmax>109</xmax>
			<ymax>555</ymax>
		</bndbox>
	</object>
</annotation>
