<annotation>
	<folder>green</folder>
	<filename>run4_73.jpg</filename>
	<path>/home/student/catkin_ws/CarND-Capstone/ros/image/green/run4_73.jpg</path>
	<source>
		<database>Unknown</database>
	</source>
	<size>
		<width>800</width>
		<height>600</height>
		<depth>3</depth>
	</size>
	<segmented>0</segmented>
	<object>
		<name>Green</name>
		<pose>Unspecified</pose>
		<truncated>0</truncated>
		<difficult>0</difficult>
		<bndbox>
			<xmin>50</xmin>
			<ymin>526</ymin>
			<xmax>64</xmax>
			<ymax>557</ymax>
		</bndbox>
	</object>
	<object>
		<name>Green</name>
		<pose>Unspecified</pose>
		<truncated>0</truncated>
		<difficult>0</difficult>
		<bndbox>
			<xmin>164</xmin>
			<ymin>529</ymin>
			<xmax>178</xmax>
			<ymax>560</ymax>
		</bndbox>
	</object>
	<object>
		<name>Green</name>
		<pose>Unspecified</pose>
		<truncated>0</truncated>
		<difficult>0</difficult>
		<bndbox>
			<xmin>107</xmin>
			<ymin>528</ymin>
			<xmax>121</xmax>
			<ymax>559</ymax>
		</bndbox>
	</object>
</annotation>
