<annotation>
	<folder>green</folder>
	<filename>run4_69.jpg</filename>
	<path>/home/student/catkin_ws/CarND-Capstone/ros/image/green/run4_69.jpg</path>
	<source>
		<database>Unknown</database>
	</source>
	<size>
		<width>800</width>
		<height>600</height>
		<depth>3</depth>
	</size>
	<segmented>0</segmented>
	<object>
		<name>Green</name>
		<pose>Unspecified</pose>
		<truncated>0</truncated>
		<difficult>0</difficult>
		<bndbox>
			<xmin>71</xmin>
			<ymin>531</ymin>
			<xmax>84</xmax>
			<ymax>561</ymax>
		</bndbox>
	</object>
	<object>
		<name>Green</name>
		<pose>Unspecified</pose>
		<truncated>0</truncated>
		<difficult>0</difficult>
		<bndbox>
			<xmin>178</xmin>
			<ymin>534</ymin>
			<xmax>191</xmax>
			<ymax>564</ymax>
		</bndbox>
	</object>
	<object>
		<name>Green</name>
		<pose>Unspecified</pose>
		<truncated>0</truncated>
		<difficult>0</difficult>
		<bndbox>
			<xmin>124</xmin>
			<ymin>533</ymin>
			<xmax>137</xmax>
			<ymax>563</ymax>
		</bndbox>
	</object>
</annotation>
