<annotation>
	<folder>green</folder>
	<filename>run4_66.jpg</filename>
	<path>/home/student/catkin_ws/CarND-Capstone/ros/image/green/run4_66.jpg</path>
	<source>
		<database>Unknown</database>
	</source>
	<size>
		<width>800</width>
		<height>600</height>
		<depth>3</depth>
	</size>
	<segmented>0</segmented>
	<object>
		<name>Green</name>
		<pose>Unspecified</pose>
		<truncated>0</truncated>
		<difficult>0</difficult>
		<bndbox>
			<xmin>86</xmin>
			<ymin>537</ymin>
			<xmax>99</xmax>
			<ymax>565</ymax>
		</bndbox>
	</object>
	<object>
		<name>Green</name>
		<pose>Unspecified</pose>
		<truncated>0</truncated>
		<difficult>0</difficult>
		<bndbox>
			<xmin>137</xmin>
			<ymin>537</ymin>
			<xmax>150</xmax>
			<ymax>565</ymax>
		</bndbox>
	</object>
	<object>
		<name>Green</name>
		<pose>Unspecified</pose>
		<truncated>0</truncated>
		<difficult>0</difficult>
		<bndbox>
			<xmin>187</xmin>
			<ymin>538</ymin>
			<xmax>200</xmax>
			<ymax>566</ymax>
		</bndbox>
	</object>
</annotation>
