<annotation>
	<folder>green</folder>
	<filename>run5_241.jpg</filename>
	<path>/home/student/catkin_ws/CarND-Capstone/ros/image/green/run5_241.jpg</path>
	<source>
		<database>Unknown</database>
	</source>
	<size>
		<width>800</width>
		<height>600</height>
		<depth>3</depth>
	</size>
	<segmented>0</segmented>
	<object>
		<name>Green</name>
		<pose>Unspecified</pose>
		<truncated>0</truncated>
		<difficult>0</difficult>
		<bndbox>
			<xmin>213</xmin>
			<ymin>412</ymin>
			<xmax>243</xmax>
			<ymax>480</ymax>
		</bndbox>
	</object>
	<object>
		<name>Green</name>
		<pose>Unspecified</pose>
		<truncated>0</truncated>
		<difficult>0</difficult>
		<bndbox>
			<xmin>493</xmin>
			<ymin>416</ymin>
			<xmax>523</xmax>
			<ymax>488</ymax>
		</bndbox>
	</object>
	<object>
		<name>Green</name>
		<pose>Unspecified</pose>
		<truncated>0</truncated>
		<difficult>0</difficult>
		<bndbox>
			<xmin>352</xmin>
			<ymin>415</ymin>
			<xmax>382</xmax>
			<ymax>483</ymax>
		</bndbox>
	</object>
</annotation>
