<annotation>
	<folder>green</folder>
	<filename>run5_134.jpg</filename>
	<path>/home/student/catkin_ws/CarND-Capstone/ros/image/green/run5_134.jpg</path>
	<source>
		<database>Unknown</database>
	</source>
	<size>
		<width>800</width>
		<height>600</height>
		<depth>3</depth>
	</size>
	<segmented>0</segmented>
	<object>
		<name>Green</name>
		<pose>Unspecified</pose>
		<truncated>0</truncated>
		<difficult>0</difficult>
		<bndbox>
			<xmin>526</xmin>
			<ymin>557</ymin>
			<xmax>537</xmax>
			<ymax>581</ymax>
		</bndbox>
	</object>
	<object>
		<name>Green</name>
		<pose>Unspecified</pose>
		<truncated>0</truncated>
		<difficult>0</difficult>
		<bndbox>
			<xmin>571</xmin>
			<ymin>557</ymin>
			<xmax>581</xmax>
			<ymax>581</ymax>
		</bndbox>
	</object>
	<object>
		<name>Green</name>
		<pose>Unspecified</pose>
		<truncated>0</truncated>
		<difficult>0</difficult>
		<bndbox>
			<xmin>613</xmin>
			<ymin>555</ymin>
			<xmax>628</xmax>
			<ymax>583</ymax>
		</bndbox>
	</object>
</annotation>
