<annotation>
	<folder>green</folder>
	<filename>run5_247.jpg</filename>
	<path>/home/student/catkin_ws/CarND-Capstone/ros/image/green/run5_247.jpg</path>
	<source>
		<database>Unknown</database>
	</source>
	<size>
		<width>800</width>
		<height>600</height>
		<depth>3</depth>
	</size>
	<segmented>0</segmented>
	<object>
		<name>Green</name>
		<pose>Unspecified</pose>
		<truncated>0</truncated>
		<difficult>0</difficult>
		<bndbox>
			<xmin>191</xmin>
			<ymin>386</ymin>
			<xmax>226</xmax>
			<ymax>464</ymax>
		</bndbox>
	</object>
	<object>
		<name>Green</name>
		<pose>Unspecified</pose>
		<truncated>0</truncated>
		<difficult>0</difficult>
		<bndbox>
			<xmin>512</xmin>
			<ymin>391</ymin>
			<xmax>547</xmax>
			<ymax>469</ymax>
		</bndbox>
	</object>
	<object>
		<name>Green</name>
		<pose>Unspecified</pose>
		<truncated>0</truncated>
		<difficult>0</difficult>
		<bndbox>
			<xmin>349</xmin>
			<ymin>387</ymin>
			<xmax>384</xmax>
			<ymax>465</ymax>
		</bndbox>
	</object>
</annotation>
