<annotation>
	<folder>green</folder>
	<filename>run5_235.jpg</filename>
	<path>/home/student/catkin_ws/CarND-Capstone/ros/image/green/run5_235.jpg</path>
	<source>
		<database>Unknown</database>
	</source>
	<size>
		<width>800</width>
		<height>600</height>
		<depth>3</depth>
	</size>
	<segmented>0</segmented>
	<object>
		<name>Green</name>
		<pose>Unspecified</pose>
		<truncated>0</truncated>
		<difficult>0</difficult>
		<bndbox>
			<xmin>656</xmin>
			<ymin>438</ymin>
			<xmax>684</xmax>
			<ymax>501</ymax>
		</bndbox>
	</object>
	<object>
		<name>Green</name>
		<pose>Unspecified</pose>
		<truncated>0</truncated>
		<difficult>0</difficult>
		<bndbox>
			<xmin>528</xmin>
			<ymin>437</ymin>
			<xmax>556</xmax>
			<ymax>500</ymax>
		</bndbox>
	</object>
	<object>
		<name>Green</name>
		<pose>Unspecified</pose>
		<truncated>0</truncated>
		<difficult>0</difficult>
		<bndbox>
			<xmin>406</xmin>
			<ymin>438</ymin>
			<xmax>434</xmax>
			<ymax>501</ymax>
		</bndbox>
	</object>
</annotation>
