<annotation>
	<folder>green</folder>
	<filename>run5_251.jpg</filename>
	<path>/home/student/catkin_ws/CarND-Capstone/ros/image/green/run5_251.jpg</path>
	<source>
		<database>Unknown</database>
	</source>
	<size>
		<width>800</width>
		<height>600</height>
		<depth>3</depth>
	</size>
	<segmented>0</segmented>
	<object>
		<name>Green</name>
		<pose>Unspecified</pose>
		<truncated>0</truncated>
		<difficult>0</difficult>
		<bndbox>
			<xmin>172</xmin>
			<ymin>360</ymin>
			<xmax>212</xmax>
			<ymax>449</ymax>
		</bndbox>
	</object>
	<object>
		<name>Green</name>
		<pose>Unspecified</pose>
		<truncated>0</truncated>
		<difficult>0</difficult>
		<bndbox>
			<xmin>348</xmin>
			<ymin>362</ymin>
			<xmax>388</xmax>
			<ymax>451</ymax>
		</bndbox>
	</object>
	<object>
		<name>Green</name>
		<pose>Unspecified</pose>
		<truncated>0</truncated>
		<difficult>0</difficult>
		<bndbox>
			<xmin>526</xmin>
			<ymin>367</ymin>
			<xmax>566</xmax>
			<ymax>456</ymax>
		</bndbox>
	</object>
</annotation>
