<annotation>
	<folder>green</folder>
	<filename>run5_243.jpg</filename>
	<path>/home/student/catkin_ws/CarND-Capstone/ros/image/green/run5_243.jpg</path>
	<source>
		<database>Unknown</database>
	</source>
	<size>
		<width>800</width>
		<height>600</height>
		<depth>3</depth>
	</size>
	<segmented>0</segmented>
	<object>
		<name>Green</name>
		<pose>Unspecified</pose>
		<truncated>0</truncated>
		<difficult>0</difficult>
		<bndbox>
			<xmin>497</xmin>
			<ymin>409</ymin>
			<xmax>527</xmax>
			<ymax>481</ymax>
		</bndbox>
	</object>
	<object>
		<name>Green</name>
		<pose>Unspecified</pose>
		<truncated>0</truncated>
		<difficult>0</difficult>
		<bndbox>
			<xmin>352</xmin>
			<ymin>407</ymin>
			<xmax>382</xmax>
			<ymax>479</ymax>
		</bndbox>
	</object>
	<object>
		<name>Green</name>
		<pose>Unspecified</pose>
		<truncated>0</truncated>
		<difficult>0</difficult>
		<bndbox>
			<xmin>209</xmin>
			<ymin>405</ymin>
			<xmax>239</xmax>
			<ymax>477</ymax>
		</bndbox>
	</object>
</annotation>
