<annotation>
	<folder>green</folder>
	<filename>run5_138.jpg</filename>
	<path>/home/student/catkin_ws/CarND-Capstone/ros/image/green/run5_138.jpg</path>
	<source>
		<database>Unknown</database>
	</source>
	<size>
		<width>800</width>
		<height>600</height>
		<depth>3</depth>
	</size>
	<segmented>0</segmented>
	<object>
		<name>Green</name>
		<pose>Unspecified</pose>
		<truncated>0</truncated>
		<difficult>0</difficult>
		<bndbox>
			<xmin>536</xmin>
			<ymin>551</ymin>
			<xmax>551</xmax>
			<ymax>576</ymax>
		</bndbox>
	</object>
	<object>
		<name>Green</name>
		<pose>Unspecified</pose>
		<truncated>0</truncated>
		<difficult>0</difficult>
		<bndbox>
			<xmin>584</xmin>
			<ymin>551</ymin>
			<xmax>596</xmax>
			<ymax>581</ymax>
		</bndbox>
	</object>
	<object>
		<name>Green</name>
		<pose>Unspecified</pose>
		<truncated>0</truncated>
		<difficult>0</difficult>
		<bndbox>
			<xmin>632</xmin>
			<ymin>550</ymin>
			<xmax>648</xmax>
			<ymax>581</ymax>
		</bndbox>
	</object>
</annotation>
