<annotation>
	<folder>green</folder>
	<filename>run5_257.jpg</filename>
	<path>/home/student/catkin_ws/CarND-Capstone/ros/image/green/run5_257.jpg</path>
	<source>
		<database>Unknown</database>
	</source>
	<size>
		<width>800</width>
		<height>600</height>
		<depth>3</depth>
	</size>
	<segmented>0</segmented>
	<object>
		<name>Green</name>
		<pose>Unspecified</pose>
		<truncated>0</truncated>
		<difficult>0</difficult>
		<bndbox>
			<xmin>552</xmin>
			<ymin>332</ymin>
			<xmax>598</xmax>
			<ymax>434</ymax>
		</bndbox>
	</object>
	<object>
		<name>Green</name>
		<pose>Unspecified</pose>
		<truncated>0</truncated>
		<difficult>0</difficult>
		<bndbox>
			<xmin>345</xmin>
			<ymin>329</ymin>
			<xmax>391</xmax>
			<ymax>431</ymax>
		</bndbox>
	</object>
	<object>
		<name>Green</name>
		<pose>Unspecified</pose>
		<truncated>0</truncated>
		<difficult>0</difficult>
		<bndbox>
			<xmin>142</xmin>
			<ymin>327</ymin>
			<xmax>188</xmax>
			<ymax>429</ymax>
		</bndbox>
	</object>
</annotation>
