<annotation>
	<folder>green</folder>
	<filename>run5_194.jpg</filename>
	<path>/home/student/catkin_ws/CarND-Capstone/ros/image/green/run5_194.jpg</path>
	<source>
		<database>Unknown</database>
	</source>
	<size>
		<width>800</width>
		<height>600</height>
		<depth>3</depth>
	</size>
	<segmented>0</segmented>
	<object>
		<name>Green</name>
		<pose>Unspecified</pose>
		<truncated>0</truncated>
		<difficult>0</difficult>
		<bndbox>
			<xmin>650</xmin>
			<ymin>500</ymin>
			<xmax>669</xmax>
			<ymax>543</ymax>
		</bndbox>
	</object>
	<object>
		<name>Green</name>
		<pose>Unspecified</pose>
		<truncated>0</truncated>
		<difficult>0</difficult>
		<bndbox>
			<xmin>566</xmin>
			<ymin>500</ymin>
			<xmax>585</xmax>
			<ymax>543</ymax>
		</bndbox>
	</object>
	<object>
		<name>Green</name>
		<pose>Unspecified</pose>
		<truncated>0</truncated>
		<difficult>0</difficult>
		<bndbox>
			<xmin>484</xmin>
			<ymin>498</ymin>
			<xmax>503</xmax>
			<ymax>541</ymax>
		</bndbox>
	</object>
</annotation>
