<annotation>
	<folder>green</folder>
	<filename>run5_234.jpg</filename>
	<path>/home/student/catkin_ws/CarND-Capstone/ros/image/green/run5_234.jpg</path>
	<source>
		<database>Unknown</database>
	</source>
	<size>
		<width>800</width>
		<height>600</height>
		<depth>3</depth>
	</size>
	<segmented>0</segmented>
	<object>
		<name>Green</name>
		<pose>Unspecified</pose>
		<truncated>0</truncated>
		<difficult>0</difficult>
		<bndbox>
			<xmin>404</xmin>
			<ymin>438</ymin>
			<xmax>432</xmax>
			<ymax>501</ymax>
		</bndbox>
	</object>
	<object>
		<name>Green</name>
		<pose>Unspecified</pose>
		<truncated>0</truncated>
		<difficult>0</difficult>
		<bndbox>
			<xmin>649</xmin>
			<ymin>440</ymin>
			<xmax>677</xmax>
			<ymax>503</ymax>
		</bndbox>
	</object>
	<object>
		<name>Green</name>
		<pose>Unspecified</pose>
		<truncated>0</truncated>
		<difficult>0</difficult>
		<bndbox>
			<xmin>527</xmin>
			<ymin>439</ymin>
			<xmax>555</xmax>
			<ymax>502</ymax>
		</bndbox>
	</object>
</annotation>
