<annotation>
	<folder>green</folder>
	<filename>run5_254.jpg</filename>
	<path>/home/student/catkin_ws/CarND-Capstone/ros/image/green/run5_254.jpg</path>
	<source>
		<database>Unknown</database>
	</source>
	<size>
		<width>800</width>
		<height>600</height>
		<depth>3</depth>
	</size>
	<segmented>0</segmented>
	<object>
		<name>Green</name>
		<pose>Unspecified</pose>
		<truncated>0</truncated>
		<difficult>0</difficult>
		<bndbox>
			<xmin>155</xmin>
			<ymin>344</ymin>
			<xmax>199</xmax>
			<ymax>441</ymax>
		</bndbox>
	</object>
	<object>
		<name>Green</name>
		<pose>Unspecified</pose>
		<truncated>0</truncated>
		<difficult>0</difficult>
		<bndbox>
			<xmin>542</xmin>
			<ymin>350</ymin>
			<xmax>586</xmax>
			<ymax>447</ymax>
		</bndbox>
	</object>
	<object>
		<name>Green</name>
		<pose>Unspecified</pose>
		<truncated>0</truncated>
		<difficult>0</difficult>
		<bndbox>
			<xmin>346</xmin>
			<ymin>346</ymin>
			<xmax>390</xmax>
			<ymax>443</ymax>
		</bndbox>
	</object>
</annotation>
