<annotation>
	<folder>green</folder>
	<filename>run5_249.jpg</filename>
	<path>/home/student/catkin_ws/CarND-Capstone/ros/image/green/run5_249.jpg</path>
	<source>
		<database>Unknown</database>
	</source>
	<size>
		<width>800</width>
		<height>600</height>
		<depth>3</depth>
	</size>
	<segmented>0</segmented>
	<object>
		<name>Green</name>
		<pose>Unspecified</pose>
		<truncated>0</truncated>
		<difficult>0</difficult>
		<bndbox>
			<xmin>181</xmin>
			<ymin>371</ymin>
			<xmax>218</xmax>
			<ymax>455</ymax>
		</bndbox>
	</object>
	<object>
		<name>Green</name>
		<pose>Unspecified</pose>
		<truncated>0</truncated>
		<difficult>0</difficult>
		<bndbox>
			<xmin>521</xmin>
			<ymin>379</ymin>
			<xmax>558</xmax>
			<ymax>463</ymax>
		</bndbox>
	</object>
	<object>
		<name>Green</name>
		<pose>Unspecified</pose>
		<truncated>0</truncated>
		<difficult>0</difficult>
		<bndbox>
			<xmin>349</xmin>
			<ymin>374</ymin>
			<xmax>386</xmax>
			<ymax>458</ymax>
		</bndbox>
	</object>
</annotation>
