<annotation>
	<folder>green</folder>
	<filename>run5_248.jpg</filename>
	<path>/home/student/catkin_ws/CarND-Capstone/ros/image/green/run5_248.jpg</path>
	<source>
		<database>Unknown</database>
	</source>
	<size>
		<width>800</width>
		<height>600</height>
		<depth>3</depth>
	</size>
	<segmented>0</segmented>
	<object>
		<name>Green</name>
		<pose>Unspecified</pose>
		<truncated>0</truncated>
		<difficult>0</difficult>
		<bndbox>
			<xmin>187</xmin>
			<ymin>380</ymin>
			<xmax>224</xmax>
			<ymax>464</ymax>
		</bndbox>
	</object>
	<object>
		<name>Green</name>
		<pose>Unspecified</pose>
		<truncated>0</truncated>
		<difficult>0</difficult>
		<bndbox>
			<xmin>515</xmin>
			<ymin>382</ymin>
			<xmax>552</xmax>
			<ymax>466</ymax>
		</bndbox>
	</object>
	<object>
		<name>Green</name>
		<pose>Unspecified</pose>
		<truncated>0</truncated>
		<difficult>0</difficult>
		<bndbox>
			<xmin>351</xmin>
			<ymin>382</ymin>
			<xmax>388</xmax>
			<ymax>466</ymax>
		</bndbox>
	</object>
</annotation>
