<annotation>
	<folder>green</folder>
	<filename>run5_137.jpg</filename>
	<path>/home/student/catkin_ws/CarND-Capstone/ros/image/green/run5_137.jpg</path>
	<source>
		<database>Unknown</database>
	</source>
	<size>
		<width>800</width>
		<height>600</height>
		<depth>3</depth>
	</size>
	<segmented>0</segmented>
	<object>
		<name>Green</name>
		<pose>Unspecified</pose>
		<truncated>0</truncated>
		<difficult>0</difficult>
		<bndbox>
			<xmin>536</xmin>
			<ymin>555</ymin>
			<xmax>548</xmax>
			<ymax>578</ymax>
		</bndbox>
	</object>
	<object>
		<name>Green</name>
		<pose>Unspecified</pose>
		<truncated>0</truncated>
		<difficult>0</difficult>
		<bndbox>
			<xmin>581</xmin>
			<ymin>552</ymin>
			<xmax>594</xmax>
			<ymax>580</ymax>
		</bndbox>
	</object>
	<object>
		<name>Green</name>
		<pose>Unspecified</pose>
		<truncated>0</truncated>
		<difficult>0</difficult>
		<bndbox>
			<xmin>628</xmin>
			<ymin>551</ymin>
			<xmax>641</xmax>
			<ymax>581</ymax>
		</bndbox>
	</object>
</annotation>
