<annotation>
	<folder>green</folder>
	<filename>run5_258.jpg</filename>
	<path>/home/student/catkin_ws/CarND-Capstone/ros/image/green/run5_258.jpg</path>
	<source>
		<database>Unknown</database>
	</source>
	<size>
		<width>800</width>
		<height>600</height>
		<depth>3</depth>
	</size>
	<segmented>0</segmented>
	<object>
		<name>Green</name>
		<pose>Unspecified</pose>
		<truncated>0</truncated>
		<difficult>0</difficult>
		<bndbox>
			<xmin>140</xmin>
			<ymin>324</ymin>
			<xmax>186</xmax>
			<ymax>429</ymax>
		</bndbox>
	</object>
	<object>
		<name>Green</name>
		<pose>Unspecified</pose>
		<truncated>0</truncated>
		<difficult>0</difficult>
		<bndbox>
			<xmin>553</xmin>
			<ymin>330</ymin>
			<xmax>599</xmax>
			<ymax>435</ymax>
		</bndbox>
	</object>
	<object>
		<name>Green</name>
		<pose>Unspecified</pose>
		<truncated>0</truncated>
		<difficult>0</difficult>
		<bndbox>
			<xmin>345</xmin>
			<ymin>327</ymin>
			<xmax>391</xmax>
			<ymax>432</ymax>
		</bndbox>
	</object>
</annotation>
