<annotation>
	<folder>green</folder>
	<filename>run5_253.jpg</filename>
	<path>/home/student/catkin_ws/CarND-Capstone/ros/image/green/run5_253.jpg</path>
	<source>
		<database>Unknown</database>
	</source>
	<size>
		<width>800</width>
		<height>600</height>
		<depth>3</depth>
	</size>
	<segmented>0</segmented>
	<object>
		<name>Green</name>
		<pose>Unspecified</pose>
		<truncated>0</truncated>
		<difficult>0</difficult>
		<bndbox>
			<xmin>162</xmin>
			<ymin>351</ymin>
			<xmax>204</xmax>
			<ymax>446</ymax>
		</bndbox>
	</object>
	<object>
		<name>Green</name>
		<pose>Unspecified</pose>
		<truncated>0</truncated>
		<difficult>0</difficult>
		<bndbox>
			<xmin>534</xmin>
			<ymin>353</ymin>
			<xmax>576</xmax>
			<ymax>448</ymax>
		</bndbox>
	</object>
	<object>
		<name>Green</name>
		<pose>Unspecified</pose>
		<truncated>0</truncated>
		<difficult>0</difficult>
		<bndbox>
			<xmin>347</xmin>
			<ymin>352</ymin>
			<xmax>389</xmax>
			<ymax>447</ymax>
		</bndbox>
	</object>
</annotation>
