<annotation>
	<folder>green</folder>
	<filename>run5_237.jpg</filename>
	<path>/home/student/catkin_ws/CarND-Capstone/ros/image/green/run5_237.jpg</path>
	<source>
		<database>Unknown</database>
	</source>
	<size>
		<width>800</width>
		<height>600</height>
		<depth>3</depth>
	</size>
	<segmented>0</segmented>
	<object>
		<name>Green</name>
		<pose>Unspecified</pose>
		<truncated>0</truncated>
		<difficult>0</difficult>
		<bndbox>
			<xmin>408</xmin>
			<ymin>426</ymin>
			<xmax>438</xmax>
			<ymax>494</ymax>
		</bndbox>
	</object>
	<object>
		<name>Green</name>
		<pose>Unspecified</pose>
		<truncated>0</truncated>
		<difficult>0</difficult>
		<bndbox>
			<xmin>670</xmin>
			<ymin>430</ymin>
			<xmax>700</xmax>
			<ymax>498</ymax>
		</bndbox>
	</object>
	<object>
		<name>Green</name>
		<pose>Unspecified</pose>
		<truncated>0</truncated>
		<difficult>0</difficult>
		<bndbox>
			<xmin>537</xmin>
			<ymin>429</ymin>
			<xmax>567</xmax>
			<ymax>497</ymax>
		</bndbox>
	</object>
</annotation>
