<annotation>
	<folder>green</folder>
	<filename>run5_142.jpg</filename>
	<path>/home/student/catkin_ws/CarND-Capstone/ros/image/green/run5_142.jpg</path>
	<source>
		<database>Unknown</database>
	</source>
	<size>
		<width>800</width>
		<height>600</height>
		<depth>3</depth>
	</size>
	<segmented>0</segmented>
	<object>
		<name>Green</name>
		<pose>Unspecified</pose>
		<truncated>0</truncated>
		<difficult>0</difficult>
		<bndbox>
			<xmin>560</xmin>
			<ymin>547</ymin>
			<xmax>572</xmax>
			<ymax>576</ymax>
		</bndbox>
	</object>
	<object>
		<name>Green</name>
		<pose>Unspecified</pose>
		<truncated>0</truncated>
		<difficult>0</difficult>
		<bndbox>
			<xmin>608</xmin>
			<ymin>548</ymin>
			<xmax>621</xmax>
			<ymax>578</ymax>
		</bndbox>
	</object>
	<object>
		<name>Green</name>
		<pose>Unspecified</pose>
		<truncated>0</truncated>
		<difficult>0</difficult>
		<bndbox>
			<xmin>658</xmin>
			<ymin>543</ymin>
			<xmax>675</xmax>
			<ymax>581</ymax>
		</bndbox>
	</object>
</annotation>
