<annotation>
	<folder>green</folder>
	<filename>run5_255.jpg</filename>
	<path>/home/student/catkin_ws/CarND-Capstone/ros/image/green/run5_255.jpg</path>
	<source>
		<database>Unknown</database>
	</source>
	<size>
		<width>800</width>
		<height>600</height>
		<depth>3</depth>
	</size>
	<segmented>0</segmented>
	<object>
		<name>Green</name>
		<pose>Unspecified</pose>
		<truncated>0</truncated>
		<difficult>0</difficult>
		<bndbox>
			<xmin>149</xmin>
			<ymin>336</ymin>
			<xmax>194</xmax>
			<ymax>436</ymax>
		</bndbox>
	</object>
	<object>
		<name>Green</name>
		<pose>Unspecified</pose>
		<truncated>0</truncated>
		<difficult>0</difficult>
		<bndbox>
			<xmin>548</xmin>
			<ymin>340</ymin>
			<xmax>593</xmax>
			<ymax>440</ymax>
		</bndbox>
	</object>
	<object>
		<name>Green</name>
		<pose>Unspecified</pose>
		<truncated>0</truncated>
		<difficult>0</difficult>
		<bndbox>
			<xmin>347</xmin>
			<ymin>337</ymin>
			<xmax>392</xmax>
			<ymax>437</ymax>
		</bndbox>
	</object>
</annotation>
