<annotation>
	<folder>green</folder>
	<filename>run5_244.jpg</filename>
	<path>/home/student/catkin_ws/CarND-Capstone/ros/image/green/run5_244.jpg</path>
	<source>
		<database>Unknown</database>
	</source>
	<size>
		<width>800</width>
		<height>600</height>
		<depth>3</depth>
	</size>
	<segmented>0</segmented>
	<object>
		<name>Green</name>
		<pose>Unspecified</pose>
		<truncated>0</truncated>
		<difficult>0</difficult>
		<bndbox>
			<xmin>499</xmin>
			<ymin>406</ymin>
			<xmax>531</xmax>
			<ymax>477</ymax>
		</bndbox>
	</object>
	<object>
		<name>Green</name>
		<pose>Unspecified</pose>
		<truncated>0</truncated>
		<difficult>0</difficult>
		<bndbox>
			<xmin>351</xmin>
			<ymin>404</ymin>
			<xmax>383</xmax>
			<ymax>476</ymax>
		</bndbox>
	</object>
	<object>
		<name>Green</name>
		<pose>Unspecified</pose>
		<truncated>0</truncated>
		<difficult>0</difficult>
		<bndbox>
			<xmin>203</xmin>
			<ymin>401</ymin>
			<xmax>237</xmax>
			<ymax>471</ymax>
		</bndbox>
	</object>
</annotation>
