<annotation>
	<folder>green</folder>
	<filename>run5_182.jpg</filename>
	<path>/home/student/catkin_ws/CarND-Capstone/ros/image/green/run5_182.jpg</path>
	<source>
		<database>Unknown</database>
	</source>
	<size>
		<width>800</width>
		<height>600</height>
		<depth>3</depth>
	</size>
	<segmented>0</segmented>
	<object>
		<name>Green</name>
		<pose>Unspecified</pose>
		<truncated>0</truncated>
		<difficult>0</difficult>
		<bndbox>
			<xmin>698</xmin>
			<ymin>514</ymin>
			<xmax>717</xmax>
			<ymax>554</ymax>
		</bndbox>
	</object>
	<object>
		<name>Green</name>
		<pose>Unspecified</pose>
		<truncated>0</truncated>
		<difficult>0</difficult>
		<bndbox>
			<xmin>625</xmin>
			<ymin>513</ymin>
			<xmax>643</xmax>
			<ymax>555</ymax>
		</bndbox>
	</object>
	<object>
		<name>Green</name>
		<pose>Unspecified</pose>
		<truncated>0</truncated>
		<difficult>0</difficult>
		<bndbox>
			<xmin>549</xmin>
			<ymin>512</ymin>
			<xmax>566</xmax>
			<ymax>552</ymax>
		</bndbox>
	</object>
</annotation>
