<annotation>
	<folder>green</folder>
	<filename>run5_136.jpg</filename>
	<path>/home/student/catkin_ws/CarND-Capstone/ros/image/green/run5_136.jpg</path>
	<source>
		<database>Unknown</database>
	</source>
	<size>
		<width>800</width>
		<height>600</height>
		<depth>3</depth>
	</size>
	<segmented>0</segmented>
	<object>
		<name>Green</name>
		<pose>Unspecified</pose>
		<truncated>0</truncated>
		<difficult>0</difficult>
		<bndbox>
			<xmin>532</xmin>
			<ymin>554</ymin>
			<xmax>544</xmax>
			<ymax>578</ymax>
		</bndbox>
	</object>
	<object>
		<name>Green</name>
		<pose>Unspecified</pose>
		<truncated>0</truncated>
		<difficult>0</difficult>
		<bndbox>
			<xmin>576</xmin>
			<ymin>553</ymin>
			<xmax>589</xmax>
			<ymax>581</ymax>
		</bndbox>
	</object>
	<object>
		<name>Green</name>
		<pose>Unspecified</pose>
		<truncated>0</truncated>
		<difficult>0</difficult>
		<bndbox>
			<xmin>622</xmin>
			<ymin>551</ymin>
			<xmax>634</xmax>
			<ymax>581</ymax>
		</bndbox>
	</object>
</annotation>
