<annotation>
	<folder>green</folder>
	<filename>run5_183.jpg</filename>
	<path>/home/student/catkin_ws/CarND-Capstone/ros/image/green/run5_183.jpg</path>
	<source>
		<database>Unknown</database>
	</source>
	<size>
		<width>800</width>
		<height>600</height>
		<depth>3</depth>
	</size>
	<segmented>0</segmented>
	<object>
		<name>Green</name>
		<pose>Unspecified</pose>
		<truncated>0</truncated>
		<difficult>0</difficult>
		<bndbox>
			<xmin>551</xmin>
			<ymin>510</ymin>
			<xmax>568</xmax>
			<ymax>550</ymax>
		</bndbox>
	</object>
	<object>
		<name>Green</name>
		<pose>Unspecified</pose>
		<truncated>0</truncated>
		<difficult>0</difficult>
		<bndbox>
			<xmin>627</xmin>
			<ymin>510</ymin>
			<xmax>644</xmax>
			<ymax>550</ymax>
		</bndbox>
	</object>
	<object>
		<name>Green</name>
		<pose>Unspecified</pose>
		<truncated>0</truncated>
		<difficult>0</difficult>
		<bndbox>
			<xmin>705</xmin>
			<ymin>512</ymin>
			<xmax>722</xmax>
			<ymax>552</ymax>
		</bndbox>
	</object>
</annotation>
