<annotation>
	<folder>green</folder>
	<filename>run5_186.jpg</filename>
	<path>/home/student/catkin_ws/CarND-Capstone/ros/image/green/run5_186.jpg</path>
	<source>
		<database>Unknown</database>
	</source>
	<size>
		<width>800</width>
		<height>600</height>
		<depth>3</depth>
	</size>
	<segmented>0</segmented>
	<object>
		<name>Green</name>
		<pose>Unspecified</pose>
		<truncated>0</truncated>
		<difficult>0</difficult>
		<bndbox>
			<xmin>623</xmin>
			<ymin>507</ymin>
			<xmax>642</xmax>
			<ymax>550</ymax>
		</bndbox>
	</object>
	<object>
		<name>Green</name>
		<pose>Unspecified</pose>
		<truncated>0</truncated>
		<difficult>0</difficult>
		<bndbox>
			<xmin>545</xmin>
			<ymin>508</ymin>
			<xmax>564</xmax>
			<ymax>551</ymax>
		</bndbox>
	</object>
	<object>
		<name>Green</name>
		<pose>Unspecified</pose>
		<truncated>0</truncated>
		<difficult>0</difficult>
		<bndbox>
			<xmin>467</xmin>
			<ymin>504</ymin>
			<xmax>486</xmax>
			<ymax>547</ymax>
		</bndbox>
	</object>
</annotation>
