<annotation>
	<folder>green</folder>
	<filename>run5_238.jpg</filename>
	<path>/home/student/catkin_ws/CarND-Capstone/ros/image/green/run5_238.jpg</path>
	<source>
		<database>Unknown</database>
	</source>
	<size>
		<width>800</width>
		<height>600</height>
		<depth>3</depth>
	</size>
	<segmented>0</segmented>
	<object>
		<name>Green</name>
		<pose>Unspecified</pose>
		<truncated>0</truncated>
		<difficult>0</difficult>
		<bndbox>
			<xmin>677</xmin>
			<ymin>428</ymin>
			<xmax>707</xmax>
			<ymax>496</ymax>
		</bndbox>
	</object>
	<object>
		<name>Green</name>
		<pose>Unspecified</pose>
		<truncated>0</truncated>
		<difficult>0</difficult>
		<bndbox>
			<xmin>540</xmin>
			<ymin>424</ymin>
			<xmax>570</xmax>
			<ymax>492</ymax>
		</bndbox>
	</object>
	<object>
		<name>Green</name>
		<pose>Unspecified</pose>
		<truncated>0</truncated>
		<difficult>0</difficult>
		<bndbox>
			<xmin>408</xmin>
			<ymin>424</ymin>
			<xmax>438</xmax>
			<ymax>492</ymax>
		</bndbox>
	</object>
</annotation>
