<annotation>
	<folder>green</folder>
	<filename>run5_193.jpg</filename>
	<path>/home/student/catkin_ws/CarND-Capstone/ros/image/green/run5_193.jpg</path>
	<source>
		<database>Unknown</database>
	</source>
	<size>
		<width>800</width>
		<height>600</height>
		<depth>3</depth>
	</size>
	<segmented>0</segmented>
	<object>
		<name>Green</name>
		<pose>Unspecified</pose>
		<truncated>0</truncated>
		<difficult>0</difficult>
		<bndbox>
			<xmin>646</xmin>
			<ymin>499</ymin>
			<xmax>665</xmax>
			<ymax>542</ymax>
		</bndbox>
	</object>
	<object>
		<name>Green</name>
		<pose>Unspecified</pose>
		<truncated>0</truncated>
		<difficult>0</difficult>
		<bndbox>
			<xmin>563</xmin>
			<ymin>499</ymin>
			<xmax>582</xmax>
			<ymax>542</ymax>
		</bndbox>
	</object>
	<object>
		<name>Green</name>
		<pose>Unspecified</pose>
		<truncated>0</truncated>
		<difficult>0</difficult>
		<bndbox>
			<xmin>481</xmin>
			<ymin>498</ymin>
			<xmax>500</xmax>
			<ymax>541</ymax>
		</bndbox>
	</object>
</annotation>
