<annotation>
	<folder>green</folder>
	<filename>run5_197.jpg</filename>
	<path>/home/student/catkin_ws/CarND-Capstone/ros/image/green/run5_197.jpg</path>
	<source>
		<database>Unknown</database>
	</source>
	<size>
		<width>800</width>
		<height>600</height>
		<depth>3</depth>
	</size>
	<segmented>0</segmented>
	<object>
		<name>Green</name>
		<pose>Unspecified</pose>
		<truncated>0</truncated>
		<difficult>0</difficult>
		<bndbox>
			<xmin>687</xmin>
			<ymin>499</ymin>
			<xmax>706</xmax>
			<ymax>542</ymax>
		</bndbox>
	</object>
	<object>
		<name>Green</name>
		<pose>Unspecified</pose>
		<truncated>0</truncated>
		<difficult>0</difficult>
		<bndbox>
			<xmin>600</xmin>
			<ymin>496</ymin>
			<xmax>619</xmax>
			<ymax>539</ymax>
		</bndbox>
	</object>
	<object>
		<name>Green</name>
		<pose>Unspecified</pose>
		<truncated>0</truncated>
		<difficult>0</difficult>
		<bndbox>
			<xmin>515</xmin>
			<ymin>496</ymin>
			<xmax>534</xmax>
			<ymax>539</ymax>
		</bndbox>
	</object>
</annotation>
