<annotation>
	<folder>green</folder>
	<filename>run5_181.jpg</filename>
	<path>/home/student/catkin_ws/CarND-Capstone/ros/image/green/run5_181.jpg</path>
	<source>
		<database>Unknown</database>
	</source>
	<size>
		<width>800</width>
		<height>600</height>
		<depth>3</depth>
	</size>
	<segmented>0</segmented>
	<object>
		<name>Green</name>
		<pose>Unspecified</pose>
		<truncated>0</truncated>
		<difficult>0</difficult>
		<bndbox>
			<xmin>697</xmin>
			<ymin>512</ymin>
			<xmax>716</xmax>
			<ymax>552</ymax>
		</bndbox>
	</object>
	<object>
		<name>Green</name>
		<pose>Unspecified</pose>
		<truncated>0</truncated>
		<difficult>0</difficult>
		<bndbox>
			<xmin>621</xmin>
			<ymin>512</ymin>
			<xmax>640</xmax>
			<ymax>552</ymax>
		</bndbox>
	</object>
	<object>
		<name>Green</name>
		<pose>Unspecified</pose>
		<truncated>0</truncated>
		<difficult>0</difficult>
		<bndbox>
			<xmin>547</xmin>
			<ymin>512</ymin>
			<xmax>566</xmax>
			<ymax>552</ymax>
		</bndbox>
	</object>
</annotation>
