<annotation>
	<folder>green</folder>
	<filename>run5_192.jpg</filename>
	<path>/home/student/catkin_ws/CarND-Capstone/ros/image/green/run5_192.jpg</path>
	<source>
		<database>Unknown</database>
	</source>
	<size>
		<width>800</width>
		<height>600</height>
		<depth>3</depth>
	</size>
	<segmented>0</segmented>
	<object>
		<name>Green</name>
		<pose>Unspecified</pose>
		<truncated>0</truncated>
		<difficult>0</difficult>
		<bndbox>
			<xmin>641</xmin>
			<ymin>502</ymin>
			<xmax>660</xmax>
			<ymax>545</ymax>
		</bndbox>
	</object>
	<object>
		<name>Green</name>
		<pose>Unspecified</pose>
		<truncated>0</truncated>
		<difficult>0</difficult>
		<bndbox>
			<xmin>559</xmin>
			<ymin>501</ymin>
			<xmax>578</xmax>
			<ymax>544</ymax>
		</bndbox>
	</object>
	<object>
		<name>Green</name>
		<pose>Unspecified</pose>
		<truncated>0</truncated>
		<difficult>0</difficult>
		<bndbox>
			<xmin>478</xmin>
			<ymin>499</ymin>
			<xmax>497</xmax>
			<ymax>542</ymax>
		</bndbox>
	</object>
</annotation>
