<annotation>
	<folder>green</folder>
	<filename>run5_240.jpg</filename>
	<path>/home/student/catkin_ws/CarND-Capstone/ros/image/green/run5_240.jpg</path>
	<source>
		<database>Unknown</database>
	</source>
	<size>
		<width>800</width>
		<height>600</height>
		<depth>3</depth>
	</size>
	<segmented>0</segmented>
	<object>
		<name>Green</name>
		<pose>Unspecified</pose>
		<truncated>0</truncated>
		<difficult>0</difficult>
		<bndbox>
			<xmin>492</xmin>
			<ymin>418</ymin>
			<xmax>522</xmax>
			<ymax>486</ymax>
		</bndbox>
	</object>
	<object>
		<name>Green</name>
		<pose>Unspecified</pose>
		<truncated>0</truncated>
		<difficult>0</difficult>
		<bndbox>
			<xmin>352</xmin>
			<ymin>416</ymin>
			<xmax>382</xmax>
			<ymax>484</ymax>
		</bndbox>
	</object>
	<object>
		<name>Green</name>
		<pose>Unspecified</pose>
		<truncated>0</truncated>
		<difficult>0</difficult>
		<bndbox>
			<xmin>213</xmin>
			<ymin>413</ymin>
			<xmax>243</xmax>
			<ymax>481</ymax>
		</bndbox>
	</object>
</annotation>
