<annotation>
	<folder>green</folder>
	<filename>run5_191.jpg</filename>
	<path>/home/student/catkin_ws/CarND-Capstone/ros/image/green/run5_191.jpg</path>
	<source>
		<database>Unknown</database>
	</source>
	<size>
		<width>800</width>
		<height>600</height>
		<depth>3</depth>
	</size>
	<segmented>0</segmented>
	<object>
		<name>Green</name>
		<pose>Unspecified</pose>
		<truncated>0</truncated>
		<difficult>0</difficult>
		<bndbox>
			<xmin>639</xmin>
			<ymin>503</ymin>
			<xmax>658</xmax>
			<ymax>546</ymax>
		</bndbox>
	</object>
	<object>
		<name>Green</name>
		<pose>Unspecified</pose>
		<truncated>0</truncated>
		<difficult>0</difficult>
		<bndbox>
			<xmin>557</xmin>
			<ymin>503</ymin>
			<xmax>576</xmax>
			<ymax>546</ymax>
		</bndbox>
	</object>
	<object>
		<name>Green</name>
		<pose>Unspecified</pose>
		<truncated>0</truncated>
		<difficult>0</difficult>
		<bndbox>
			<xmin>477</xmin>
			<ymin>501</ymin>
			<xmax>496</xmax>
			<ymax>544</ymax>
		</bndbox>
	</object>
</annotation>
