<annotation>
	<folder>green</folder>
	<filename>run5_252.jpg</filename>
	<path>/home/student/catkin_ws/CarND-Capstone/ros/image/green/run5_252.jpg</path>
	<source>
		<database>Unknown</database>
	</source>
	<size>
		<width>800</width>
		<height>600</height>
		<depth>3</depth>
	</size>
	<segmented>0</segmented>
	<object>
		<name>Green</name>
		<pose>Unspecified</pose>
		<truncated>0</truncated>
		<difficult>0</difficult>
		<bndbox>
			<xmin>165</xmin>
			<ymin>353</ymin>
			<xmax>208</xmax>
			<ymax>445</ymax>
		</bndbox>
	</object>
	<object>
		<name>Green</name>
		<pose>Unspecified</pose>
		<truncated>0</truncated>
		<difficult>0</difficult>
		<bndbox>
			<xmin>533</xmin>
			<ymin>359</ymin>
			<xmax>576</xmax>
			<ymax>451</ymax>
		</bndbox>
	</object>
	<object>
		<name>Green</name>
		<pose>Unspecified</pose>
		<truncated>0</truncated>
		<difficult>0</difficult>
		<bndbox>
			<xmin>347</xmin>
			<ymin>355</ymin>
			<xmax>390</xmax>
			<ymax>447</ymax>
		</bndbox>
	</object>
</annotation>
