<annotation>
	<folder>green</folder>
	<filename>run5_179.jpg</filename>
	<path>/home/student/catkin_ws/CarND-Capstone/ros/image/green/run5_179.jpg</path>
	<source>
		<database>Unknown</database>
	</source>
	<size>
		<width>800</width>
		<height>600</height>
		<depth>3</depth>
	</size>
	<segmented>0</segmented>
	<object>
		<name>Green</name>
		<pose>Unspecified</pose>
		<truncated>0</truncated>
		<difficult>0</difficult>
		<bndbox>
			<xmin>649</xmin>
			<ymin>515</ymin>
			<xmax>666</xmax>
			<ymax>553</ymax>
		</bndbox>
	</object>
	<object>
		<name>Green</name>
		<pose>Unspecified</pose>
		<truncated>0</truncated>
		<difficult>0</difficult>
		<bndbox>
			<xmin>723</xmin>
			<ymin>514</ymin>
			<xmax>740</xmax>
			<ymax>554</ymax>
		</bndbox>
	</object>
</annotation>
