<annotation>
	<folder>green</folder>
	<filename>run5_250.jpg</filename>
	<path>/home/student/catkin_ws/CarND-Capstone/ros/image/green/run5_250.jpg</path>
	<source>
		<database>Unknown</database>
	</source>
	<size>
		<width>800</width>
		<height>600</height>
		<depth>3</depth>
	</size>
	<segmented>0</segmented>
	<object>
		<name>Green</name>
		<pose>Unspecified</pose>
		<truncated>0</truncated>
		<difficult>0</difficult>
		<bndbox>
			<xmin>175</xmin>
			<ymin>365</ymin>
			<xmax>214</xmax>
			<ymax>451</ymax>
		</bndbox>
	</object>
	<object>
		<name>Green</name>
		<pose>Unspecified</pose>
		<truncated>0</truncated>
		<difficult>0</difficult>
		<bndbox>
			<xmin>523</xmin>
			<ymin>369</ymin>
			<xmax>562</xmax>
			<ymax>455</ymax>
		</bndbox>
	</object>
	<object>
		<name>Green</name>
		<pose>Unspecified</pose>
		<truncated>0</truncated>
		<difficult>0</difficult>
		<bndbox>
			<xmin>348</xmin>
			<ymin>367</ymin>
			<xmax>387</xmax>
			<ymax>453</ymax>
		</bndbox>
	</object>
</annotation>
