<annotation>
	<folder>green</folder>
	<filename>run5_196.jpg</filename>
	<path>/home/student/catkin_ws/CarND-Capstone/ros/image/green/run5_196.jpg</path>
	<source>
		<database>Unknown</database>
	</source>
	<size>
		<width>800</width>
		<height>600</height>
		<depth>3</depth>
	</size>
	<segmented>0</segmented>
	<object>
		<name>Green</name>
		<pose>Unspecified</pose>
		<truncated>0</truncated>
		<difficult>0</difficult>
		<bndbox>
			<xmin>675</xmin>
			<ymin>499</ymin>
			<xmax>694</xmax>
			<ymax>542</ymax>
		</bndbox>
	</object>
	<object>
		<name>Green</name>
		<pose>Unspecified</pose>
		<truncated>0</truncated>
		<difficult>0</difficult>
		<bndbox>
			<xmin>589</xmin>
			<ymin>497</ymin>
			<xmax>608</xmax>
			<ymax>540</ymax>
		</bndbox>
	</object>
	<object>
		<name>Green</name>
		<pose>Unspecified</pose>
		<truncated>0</truncated>
		<difficult>0</difficult>
		<bndbox>
			<xmin>505</xmin>
			<ymin>496</ymin>
			<xmax>524</xmax>
			<ymax>539</ymax>
		</bndbox>
	</object>
</annotation>
