<annotation>
	<folder>green</folder>
	<filename>run5_189.jpg</filename>
	<path>/home/student/catkin_ws/CarND-Capstone/ros/image/green/run5_189.jpg</path>
	<source>
		<database>Unknown</database>
	</source>
	<size>
		<width>800</width>
		<height>600</height>
		<depth>3</depth>
	</size>
	<segmented>0</segmented>
	<object>
		<name>Green</name>
		<pose>Unspecified</pose>
		<truncated>0</truncated>
		<difficult>0</difficult>
		<bndbox>
			<xmin>633</xmin>
			<ymin>504</ymin>
			<xmax>652</xmax>
			<ymax>547</ymax>
		</bndbox>
	</object>
	<object>
		<name>Green</name>
		<pose>Unspecified</pose>
		<truncated>0</truncated>
		<difficult>0</difficult>
		<bndbox>
			<xmin>554</xmin>
			<ymin>502</ymin>
			<xmax>573</xmax>
			<ymax>545</ymax>
		</bndbox>
	</object>
	<object>
		<name>Green</name>
		<pose>Unspecified</pose>
		<truncated>0</truncated>
		<difficult>0</difficult>
		<bndbox>
			<xmin>475</xmin>
			<ymin>502</ymin>
			<xmax>494</xmax>
			<ymax>545</ymax>
		</bndbox>
	</object>
</annotation>
