<annotation>
	<folder>green</folder>
	<filename>run5_123.jpg</filename>
	<path>/home/student/catkin_ws/CarND-Capstone/ros/image/green/run5_123.jpg</path>
	<source>
		<database>Unknown</database>
	</source>
	<size>
		<width>800</width>
		<height>600</height>
		<depth>3</depth>
	</size>
	<segmented>0</segmented>
	<object>
		<name>Green</name>
		<pose>Unspecified</pose>
		<truncated>0</truncated>
		<difficult>0</difficult>
		<bndbox>
			<xmin>515</xmin>
			<ymin>564</ymin>
			<xmax>525</xmax>
			<ymax>586</ymax>
		</bndbox>
	</object>
	<object>
		<name>Green</name>
		<pose>Unspecified</pose>
		<truncated>0</truncated>
		<difficult>0</difficult>
		<bndbox>
			<xmin>554</xmin>
			<ymin>564</ymin>
			<xmax>564</xmax>
			<ymax>586</ymax>
		</bndbox>
	</object>
</annotation>
