<annotation>
	<folder>green</folder>
	<filename>run5_195.jpg</filename>
	<path>/home/student/catkin_ws/CarND-Capstone/ros/image/green/run5_195.jpg</path>
	<source>
		<database>Unknown</database>
	</source>
	<size>
		<width>800</width>
		<height>600</height>
		<depth>3</depth>
	</size>
	<segmented>0</segmented>
	<object>
		<name>Green</name>
		<pose>Unspecified</pose>
		<truncated>0</truncated>
		<difficult>0</difficult>
		<bndbox>
			<xmin>663</xmin>
			<ymin>498</ymin>
			<xmax>682</xmax>
			<ymax>541</ymax>
		</bndbox>
	</object>
	<object>
		<name>Green</name>
		<pose>Unspecified</pose>
		<truncated>0</truncated>
		<difficult>0</difficult>
		<bndbox>
			<xmin>578</xmin>
			<ymin>497</ymin>
			<xmax>597</xmax>
			<ymax>540</ymax>
		</bndbox>
	</object>
	<object>
		<name>Green</name>
		<pose>Unspecified</pose>
		<truncated>0</truncated>
		<difficult>0</difficult>
		<bndbox>
			<xmin>494</xmin>
			<ymin>496</ymin>
			<xmax>513</xmax>
			<ymax>539</ymax>
		</bndbox>
	</object>
</annotation>
