<annotation>
	<folder>green</folder>
	<filename>run5_185.jpg</filename>
	<path>/home/student/catkin_ws/CarND-Capstone/ros/image/green/run5_185.jpg</path>
	<source>
		<database>Unknown</database>
	</source>
	<size>
		<width>800</width>
		<height>600</height>
		<depth>3</depth>
	</size>
	<segmented>0</segmented>
	<object>
		<name>Green</name>
		<pose>Unspecified</pose>
		<truncated>0</truncated>
		<difficult>0</difficult>
		<bndbox>
			<xmin>553</xmin>
			<ymin>506</ymin>
			<xmax>572</xmax>
			<ymax>549</ymax>
		</bndbox>
	</object>
	<object>
		<name>Green</name>
		<pose>Unspecified</pose>
		<truncated>0</truncated>
		<difficult>0</difficult>
		<bndbox>
			<xmin>708</xmin>
			<ymin>509</ymin>
			<xmax>727</xmax>
			<ymax>552</ymax>
		</bndbox>
	</object>
	<object>
		<name>Green</name>
		<pose>Unspecified</pose>
		<truncated>0</truncated>
		<difficult>0</difficult>
		<bndbox>
			<xmin>631</xmin>
			<ymin>509</ymin>
			<xmax>650</xmax>
			<ymax>552</ymax>
		</bndbox>
	</object>
</annotation>
