<annotation>
	<folder>green</folder>
	<filename>run5_245.jpg</filename>
	<path>/home/student/catkin_ws/CarND-Capstone/ros/image/green/run5_245.jpg</path>
	<source>
		<database>Unknown</database>
	</source>
	<size>
		<width>800</width>
		<height>600</height>
		<depth>3</depth>
	</size>
	<segmented>0</segmented>
	<object>
		<name>Green</name>
		<pose>Unspecified</pose>
		<truncated>0</truncated>
		<difficult>0</difficult>
		<bndbox>
			<xmin>201</xmin>
			<ymin>396</ymin>
			<xmax>235</xmax>
			<ymax>472</ymax>
		</bndbox>
	</object>
	<object>
		<name>Green</name>
		<pose>Unspecified</pose>
		<truncated>0</truncated>
		<difficult>0</difficult>
		<bndbox>
			<xmin>501</xmin>
			<ymin>402</ymin>
			<xmax>535</xmax>
			<ymax>478</ymax>
		</bndbox>
	</object>
	<object>
		<name>Green</name>
		<pose>Unspecified</pose>
		<truncated>0</truncated>
		<difficult>0</difficult>
		<bndbox>
			<xmin>351</xmin>
			<ymin>397</ymin>
			<xmax>385</xmax>
			<ymax>473</ymax>
		</bndbox>
	</object>
</annotation>
