<annotation>
	<folder>green</folder>
	<filename>run5_141.jpg</filename>
	<path>/home/student/catkin_ws/CarND-Capstone/ros/image/green/run5_141.jpg</path>
	<source>
		<database>Unknown</database>
	</source>
	<size>
		<width>800</width>
		<height>600</height>
		<depth>3</depth>
	</size>
	<segmented>0</segmented>
	<object>
		<name>Green</name>
		<pose>Unspecified</pose>
		<truncated>0</truncated>
		<difficult>0</difficult>
		<bndbox>
			<xmin>559</xmin>
			<ymin>549</ymin>
			<xmax>571</xmax>
			<ymax>576</ymax>
		</bndbox>
	</object>
	<object>
		<name>Green</name>
		<pose>Unspecified</pose>
		<truncated>0</truncated>
		<difficult>0</difficult>
		<bndbox>
			<xmin>608</xmin>
			<ymin>548</ymin>
			<xmax>620</xmax>
			<ymax>575</ymax>
		</bndbox>
	</object>
	<object>
		<name>Green</name>
		<pose>Unspecified</pose>
		<truncated>0</truncated>
		<difficult>0</difficult>
		<bndbox>
			<xmin>658</xmin>
			<ymin>545</ymin>
			<xmax>673</xmax>
			<ymax>578</ymax>
		</bndbox>
	</object>
</annotation>
