<annotation>
	<folder>green</folder>
	<filename>run5_129.jpg</filename>
	<path>/home/student/catkin_ws/CarND-Capstone/ros/image/green/run5_129.jpg</path>
	<source>
		<database>Unknown</database>
	</source>
	<size>
		<width>800</width>
		<height>600</height>
		<depth>3</depth>
	</size>
	<segmented>0</segmented>
	<object>
		<name>Green</name>
		<pose>Unspecified</pose>
		<truncated>0</truncated>
		<difficult>0</difficult>
		<bndbox>
			<xmin>523</xmin>
			<ymin>555</ymin>
			<xmax>535</xmax>
			<ymax>583</ymax>
		</bndbox>
	</object>
	<object>
		<name>Green</name>
		<pose>Unspecified</pose>
		<truncated>0</truncated>
		<difficult>0</difficult>
		<bndbox>
			<xmin>567</xmin>
			<ymin>555</ymin>
			<xmax>577</xmax>
			<ymax>583</ymax>
		</bndbox>
	</object>
</annotation>
