<annotation>
	<folder>green</folder>
	<filename>run5_239.jpg</filename>
	<path>/home/student/catkin_ws/CarND-Capstone/ros/image/green/run5_239.jpg</path>
	<source>
		<database>Unknown</database>
	</source>
	<size>
		<width>800</width>
		<height>600</height>
		<depth>3</depth>
	</size>
	<segmented>0</segmented>
	<object>
		<name>Green</name>
		<pose>Unspecified</pose>
		<truncated>0</truncated>
		<difficult>0</difficult>
		<bndbox>
			<xmin>218</xmin>
			<ymin>417</ymin>
			<xmax>248</xmax>
			<ymax>485</ymax>
		</bndbox>
	</object>
	<object>
		<name>Green</name>
		<pose>Unspecified</pose>
		<truncated>0</truncated>
		<difficult>0</difficult>
		<bndbox>
			<xmin>488</xmin>
			<ymin>421</ymin>
			<xmax>518</xmax>
			<ymax>489</ymax>
		</bndbox>
	</object>
	<object>
		<name>Green</name>
		<pose>Unspecified</pose>
		<truncated>0</truncated>
		<difficult>0</difficult>
		<bndbox>
			<xmin>351</xmin>
			<ymin>417</ymin>
			<xmax>381</xmax>
			<ymax>485</ymax>
		</bndbox>
	</object>
</annotation>
