<annotation>
	<folder>green</folder>
	<filename>run5_246.jpg</filename>
	<path>/home/student/catkin_ws/CarND-Capstone/ros/image/green/run5_246.jpg</path>
	<source>
		<database>Unknown</database>
	</source>
	<size>
		<width>800</width>
		<height>600</height>
		<depth>3</depth>
	</size>
	<segmented>0</segmented>
	<object>
		<name>Green</name>
		<pose>Unspecified</pose>
		<truncated>0</truncated>
		<difficult>0</difficult>
		<bndbox>
			<xmin>505</xmin>
			<ymin>393</ymin>
			<xmax>541</xmax>
			<ymax>471</ymax>
		</bndbox>
	</object>
	<object>
		<name>Green</name>
		<pose>Unspecified</pose>
		<truncated>0</truncated>
		<difficult>0</difficult>
		<bndbox>
			<xmin>350</xmin>
			<ymin>393</ymin>
			<xmax>384</xmax>
			<ymax>469</ymax>
		</bndbox>
	</object>
	<object>
		<name>Green</name>
		<pose>Unspecified</pose>
		<truncated>0</truncated>
		<difficult>0</difficult>
		<bndbox>
			<xmin>196</xmin>
			<ymin>390</ymin>
			<xmax>231</xmax>
			<ymax>468</ymax>
		</bndbox>
	</object>
</annotation>
