<annotation>
	<folder>green</folder>
	<filename>run6_6.jpg</filename>
	<path>/home/student/catkin_ws/CarND-Capstone/ros/image/green/run6_6.jpg</path>
	<source>
		<database>Unknown</database>
	</source>
	<size>
		<width>800</width>
		<height>600</height>
		<depth>3</depth>
	</size>
	<segmented>0</segmented>
	<object>
		<name>Green</name>
		<pose>Unspecified</pose>
		<truncated>0</truncated>
		<difficult>0</difficult>
		<bndbox>
			<xmin>221</xmin>
			<ymin>386</ymin>
			<xmax>258</xmax>
			<ymax>470</ymax>
		</bndbox>
	</object>
	<object>
		<name>Green</name>
		<pose>Unspecified</pose>
		<truncated>0</truncated>
		<difficult>0</difficult>
		<bndbox>
			<xmin>540</xmin>
			<ymin>388</ymin>
			<xmax>577</xmax>
			<ymax>472</ymax>
		</bndbox>
	</object>
	<object>
		<name>Green</name>
		<pose>Unspecified</pose>
		<truncated>0</truncated>
		<difficult>0</difficult>
		<bndbox>
			<xmin>381</xmin>
			<ymin>388</ymin>
			<xmax>417</xmax>
			<ymax>470</ymax>
		</bndbox>
	</object>
</annotation>
