<annotation>
	<folder>green</folder>
	<filename>run6_7.jpg</filename>
	<path>/home/student/catkin_ws/CarND-Capstone/ros/image/green/run6_7.jpg</path>
	<source>
		<database>Unknown</database>
	</source>
	<size>
		<width>800</width>
		<height>600</height>
		<depth>3</depth>
	</size>
	<segmented>0</segmented>
	<object>
		<name>Green</name>
		<pose>Unspecified</pose>
		<truncated>0</truncated>
		<difficult>0</difficult>
		<bndbox>
			<xmin>542</xmin>
			<ymin>386</ymin>
			<xmax>579</xmax>
			<ymax>470</ymax>
		</bndbox>
	</object>
	<object>
		<name>Green</name>
		<pose>Unspecified</pose>
		<truncated>0</truncated>
		<difficult>0</difficult>
		<bndbox>
			<xmin>381</xmin>
			<ymin>385</ymin>
			<xmax>418</xmax>
			<ymax>469</ymax>
		</bndbox>
	</object>
	<object>
		<name>Green</name>
		<pose>Unspecified</pose>
		<truncated>0</truncated>
		<difficult>0</difficult>
		<bndbox>
			<xmin>219</xmin>
			<ymin>383</ymin>
			<xmax>256</xmax>
			<ymax>467</ymax>
		</bndbox>
	</object>
</annotation>
