<annotation>
	<folder>green</folder>
	<filename>run6_5.jpg</filename>
	<path>/home/student/catkin_ws/CarND-Capstone/ros/image/green/run6_5.jpg</path>
	<source>
		<database>Unknown</database>
	</source>
	<size>
		<width>800</width>
		<height>600</height>
		<depth>3</depth>
	</size>
	<segmented>0</segmented>
	<object>
		<name>Green</name>
		<pose>Unspecified</pose>
		<truncated>0</truncated>
		<difficult>0</difficult>
		<bndbox>
			<xmin>538</xmin>
			<ymin>390</ymin>
			<xmax>573</xmax>
			<ymax>471</ymax>
		</bndbox>
	</object>
	<object>
		<name>Green</name>
		<pose>Unspecified</pose>
		<truncated>0</truncated>
		<difficult>0</difficult>
		<bndbox>
			<xmin>380</xmin>
			<ymin>390</ymin>
			<xmax>415</xmax>
			<ymax>471</ymax>
		</bndbox>
	</object>
	<object>
		<name>Green</name>
		<pose>Unspecified</pose>
		<truncated>0</truncated>
		<difficult>0</difficult>
		<bndbox>
			<xmin>224</xmin>
			<ymin>388</ymin>
			<xmax>259</xmax>
			<ymax>469</ymax>
		</bndbox>
	</object>
</annotation>
