<annotation>
	<folder>green</folder>
	<filename>run6_4.jpg</filename>
	<path>/home/student/catkin_ws/CarND-Capstone/ros/image/green/run6_4.jpg</path>
	<source>
		<database>Unknown</database>
	</source>
	<size>
		<width>800</width>
		<height>600</height>
		<depth>3</depth>
	</size>
	<segmented>0</segmented>
	<object>
		<name>Green</name>
		<pose>Unspecified</pose>
		<truncated>0</truncated>
		<difficult>0</difficult>
		<bndbox>
			<xmin>225</xmin>
			<ymin>390</ymin>
			<xmax>261</xmax>
			<ymax>468</ymax>
		</bndbox>
	</object>
	<object>
		<name>Green</name>
		<pose>Unspecified</pose>
		<truncated>0</truncated>
		<difficult>0</difficult>
		<bndbox>
			<xmin>536</xmin>
			<ymin>392</ymin>
			<xmax>571</xmax>
			<ymax>473</ymax>
		</bndbox>
	</object>
	<object>
		<name>Green</name>
		<pose>Unspecified</pose>
		<truncated>0</truncated>
		<difficult>0</difficult>
		<bndbox>
			<xmin>380</xmin>
			<ymin>391</ymin>
			<xmax>415</xmax>
			<ymax>471</ymax>
		</bndbox>
	</object>
</annotation>
