<annotation>
	<folder>green</folder>
	<filename>run6_3.jpg</filename>
	<path>/home/student/catkin_ws/CarND-Capstone/ros/image/green/run6_3.jpg</path>
	<source>
		<database>Unknown</database>
	</source>
	<size>
		<width>800</width>
		<height>600</height>
		<depth>3</depth>
	</size>
	<segmented>0</segmented>
	<object>
		<name>Green</name>
		<pose>Unspecified</pose>
		<truncated>0</truncated>
		<difficult>0</difficult>
		<bndbox>
			<xmin>535</xmin>
			<ymin>395</ymin>
			<xmax>570</xmax>
			<ymax>476</ymax>
		</bndbox>
	</object>
	<object>
		<name>Green</name>
		<pose>Unspecified</pose>
		<truncated>0</truncated>
		<difficult>0</difficult>
		<bndbox>
			<xmin>380</xmin>
			<ymin>393</ymin>
			<xmax>415</xmax>
			<ymax>470</ymax>
		</bndbox>
	</object>
	<object>
		<name>Green</name>
		<pose>Unspecified</pose>
		<truncated>0</truncated>
		<difficult>0</difficult>
		<bndbox>
			<xmin>227</xmin>
			<ymin>391</ymin>
			<xmax>261</xmax>
			<ymax>469</ymax>
		</bndbox>
	</object>
</annotation>
