<annotation>
	<folder>green</folder>
	<filename>run6_8.jpg</filename>
	<path>/home/student/catkin_ws/CarND-Capstone/ros/image/green/run6_8.jpg</path>
	<source>
		<database>Unknown</database>
	</source>
	<size>
		<width>800</width>
		<height>600</height>
		<depth>3</depth>
	</size>
	<segmented>0</segmented>
	<object>
		<name>Green</name>
		<pose>Unspecified</pose>
		<truncated>0</truncated>
		<difficult>0</difficult>
		<bndbox>
			<xmin>546</xmin>
			<ymin>381</ymin>
			<xmax>583</xmax>
			<ymax>465</ymax>
		</bndbox>
	</object>
	<object>
		<name>Green</name>
		<pose>Unspecified</pose>
		<truncated>0</truncated>
		<difficult>0</difficult>
		<bndbox>
			<xmin>379</xmin>
			<ymin>382</ymin>
			<xmax>416</xmax>
			<ymax>466</ymax>
		</bndbox>
	</object>
	<object>
		<name>Green</name>
		<pose>Unspecified</pose>
		<truncated>0</truncated>
		<difficult>0</difficult>
		<bndbox>
			<xmin>217</xmin>
			<ymin>380</ymin>
			<xmax>254</xmax>
			<ymax>464</ymax>
		</bndbox>
	</object>
</annotation>
