<annotation>
	<folder>green</folder>
	<filename>run6_2.jpg</filename>
	<path>/home/student/catkin_ws/CarND-Capstone/ros/image/green/run6_2.jpg</path>
	<source>
		<database>Unknown</database>
	</source>
	<size>
		<width>800</width>
		<height>600</height>
		<depth>3</depth>
	</size>
	<segmented>0</segmented>
	<object>
		<name>Green</name>
		<pose>Unspecified</pose>
		<truncated>0</truncated>
		<difficult>0</difficult>
		<bndbox>
			<xmin>229</xmin>
			<ymin>393</ymin>
			<xmax>262</xmax>
			<ymax>469</ymax>
		</bndbox>
	</object>
	<object>
		<name>Green</name>
		<pose>Unspecified</pose>
		<truncated>0</truncated>
		<difficult>0</difficult>
		<bndbox>
			<xmin>379</xmin>
			<ymin>394</ymin>
			<xmax>413</xmax>
			<ymax>471</ymax>
		</bndbox>
	</object>
	<object>
		<name>Green</name>
		<pose>Unspecified</pose>
		<truncated>0</truncated>
		<difficult>0</difficult>
		<bndbox>
			<xmin>534</xmin>
			<ymin>397</ymin>
			<xmax>566</xmax>
			<ymax>473</ymax>
		</bndbox>
	</object>
</annotation>
