<annotation>
	<folder>green</folder>
	<filename>run7_41.jpg</filename>
	<path>/home/student/catkin_ws/CarND-Capstone/ros/image/green/run7_41.jpg</path>
	<source>
		<database>Unknown</database>
	</source>
	<size>
		<width>800</width>
		<height>600</height>
		<depth>3</depth>
	</size>
	<segmented>0</segmented>
	<object>
		<name>Green</name>
		<pose>Unspecified</pose>
		<truncated>0</truncated>
		<difficult>0</difficult>
		<bndbox>
			<xmin>137</xmin>
			<ymin>101</ymin>
			<xmax>214</xmax>
			<ymax>276</ymax>
		</bndbox>
	</object>
	<object>
		<name>Green</name>
		<pose>Unspecified</pose>
		<truncated>0</truncated>
		<difficult>0</difficult>
		<bndbox>
			<xmin>485</xmin>
			<ymin>112</ymin>
			<xmax>562</xmax>
			<ymax>287</ymax>
		</bndbox>
	</object>
</annotation>
