<annotation>
	<folder>green</folder>
	<filename>run7_44.jpg</filename>
	<path>/home/student/catkin_ws/CarND-Capstone/ros/image/green/run7_44.jpg</path>
	<source>
		<database>Unknown</database>
	</source>
	<size>
		<width>800</width>
		<height>600</height>
		<depth>3</depth>
	</size>
	<segmented>0</segmented>
	<object>
		<name>Green</name>
		<pose>Unspecified</pose>
		<truncated>0</truncated>
		<difficult>0</difficult>
		<bndbox>
			<xmin>94</xmin>
			<ymin>19</ymin>
			<xmax>189</xmax>
			<ymax>225</ymax>
		</bndbox>
	</object>
	<object>
		<name>Green</name>
		<pose>Unspecified</pose>
		<truncated>0</truncated>
		<difficult>0</difficult>
		<bndbox>
			<xmin>505</xmin>
			<ymin>38</ymin>
			<xmax>599</xmax>
			<ymax>240</ymax>
		</bndbox>
	</object>
</annotation>
