<annotation>
	<folder>green</folder>
	<filename>run7_9.jpg</filename>
	<path>/home/student/catkin_ws/CarND-Capstone/ros/image/green/run7_9.jpg</path>
	<source>
		<database>Unknown</database>
	</source>
	<size>
		<width>800</width>
		<height>600</height>
		<depth>3</depth>
	</size>
	<segmented>0</segmented>
	<object>
		<name>Green</name>
		<pose>Unspecified</pose>
		<truncated>0</truncated>
		<difficult>0</difficult>
		<bndbox>
			<xmin>444</xmin>
			<ymin>278</ymin>
			<xmax>497</xmax>
			<ymax>400</ymax>
		</bndbox>
	</object>
	<object>
		<name>Green</name>
		<pose>Unspecified</pose>
		<truncated>0</truncated>
		<difficult>0</difficult>
		<bndbox>
			<xmin>201</xmin>
			<ymin>271</ymin>
			<xmax>254</xmax>
			<ymax>392</ymax>
		</bndbox>
	</object>
</annotation>
