<annotation>
	<folder>green</folder>
	<filename>run7_8.jpg</filename>
	<path>/home/student/catkin_ws/CarND-Capstone/ros/image/green/run7_8.jpg</path>
	<source>
		<database>Unknown</database>
	</source>
	<size>
		<width>800</width>
		<height>600</height>
		<depth>3</depth>
	</size>
	<segmented>0</segmented>
	<object>
		<name>Green</name>
		<pose>Unspecified</pose>
		<truncated>0</truncated>
		<difficult>0</difficult>
		<bndbox>
			<xmin>440</xmin>
			<ymin>289</ymin>
			<xmax>492</xmax>
			<ymax>409</ymax>
		</bndbox>
	</object>
	<object>
		<name>Green</name>
		<pose>Unspecified</pose>
		<truncated>0</truncated>
		<difficult>0</difficult>
		<bndbox>
			<xmin>205</xmin>
			<ymin>280</ymin>
			<xmax>257</xmax>
			<ymax>401</ymax>
		</bndbox>
	</object>
</annotation>
