<annotation>
	<folder>green</folder>
	<filename>run7_11.jpg</filename>
	<path>/home/student/catkin_ws/CarND-Capstone/ros/image/green/run7_11.jpg</path>
	<source>
		<database>Unknown</database>
	</source>
	<size>
		<width>800</width>
		<height>600</height>
		<depth>3</depth>
	</size>
	<segmented>0</segmented>
	<object>
		<name>Green</name>
		<pose>Unspecified</pose>
		<truncated>0</truncated>
		<difficult>0</difficult>
		<bndbox>
			<xmin>446</xmin>
			<ymin>263</ymin>
			<xmax>501</xmax>
			<ymax>388</ymax>
		</bndbox>
	</object>
	<object>
		<name>Green</name>
		<pose>Unspecified</pose>
		<truncated>0</truncated>
		<difficult>0</difficult>
		<bndbox>
			<xmin>198</xmin>
			<ymin>256</ymin>
			<xmax>255</xmax>
			<ymax>384</ymax>
		</bndbox>
	</object>
</annotation>
