<annotation>
	<folder>green</folder>
	<filename>run7_13.jpg</filename>
	<path>/home/student/catkin_ws/CarND-Capstone/ros/image/green/run7_13.jpg</path>
	<source>
		<database>Unknown</database>
	</source>
	<size>
		<width>800</width>
		<height>600</height>
		<depth>3</depth>
	</size>
	<segmented>0</segmented>
	<object>
		<name>Green</name>
		<pose>Unspecified</pose>
		<truncated>0</truncated>
		<difficult>0</difficult>
		<bndbox>
			<xmin>451</xmin>
			<ymin>246</ymin>
			<xmax>508</xmax>
			<ymax>374</ymax>
		</bndbox>
	</object>
	<object>
		<name>Green</name>
		<pose>Unspecified</pose>
		<truncated>0</truncated>
		<difficult>0</difficult>
		<bndbox>
			<xmin>193</xmin>
			<ymin>236</ymin>
			<xmax>250</xmax>
			<ymax>370</ymax>
		</bndbox>
	</object>
</annotation>
