<annotation>
	<folder>green</folder>
	<filename>run7_17.jpg</filename>
	<path>/home/student/catkin_ws/CarND-Capstone/ros/image/green/run7_17.jpg</path>
	<source>
		<database>Unknown</database>
	</source>
	<size>
		<width>800</width>
		<height>600</height>
		<depth>3</depth>
	</size>
	<segmented>0</segmented>
	<object>
		<name>Green</name>
		<pose>Unspecified</pose>
		<truncated>0</truncated>
		<difficult>0</difficult>
		<bndbox>
			<xmin>174</xmin>
			<ymin>201</ymin>
			<xmax>237</xmax>
			<ymax>346</ymax>
		</bndbox>
	</object>
	<object>
		<name>Green</name>
		<pose>Unspecified</pose>
		<truncated>0</truncated>
		<difficult>0</difficult>
		<bndbox>
			<xmin>454</xmin>
			<ymin>210</ymin>
			<xmax>517</xmax>
			<ymax>355</ymax>
		</bndbox>
	</object>
</annotation>
