<annotation>
	<folder>green</folder>
	<filename>run7_42.jpg</filename>
	<path>/home/student/catkin_ws/CarND-Capstone/ros/image/green/run7_42.jpg</path>
	<source>
		<database>Unknown</database>
	</source>
	<size>
		<width>800</width>
		<height>600</height>
		<depth>3</depth>
	</size>
	<segmented>0</segmented>
	<object>
		<name>Green</name>
		<pose>Unspecified</pose>
		<truncated>0</truncated>
		<difficult>0</difficult>
		<bndbox>
			<xmin>492</xmin>
			<ymin>90</ymin>
			<xmax>574</xmax>
			<ymax>274</ymax>
		</bndbox>
	</object>
	<object>
		<name>Green</name>
		<pose>Unspecified</pose>
		<truncated>0</truncated>
		<difficult>0</difficult>
		<bndbox>
			<xmin>126</xmin>
			<ymin>77</ymin>
			<xmax>208</xmax>
			<ymax>260</ymax>
		</bndbox>
	</object>
</annotation>
