<annotation>
	<folder>green</folder>
	<filename>run7_43.jpg</filename>
	<path>/home/student/catkin_ws/CarND-Capstone/ros/image/green/run7_43.jpg</path>
	<source>
		<database>Unknown</database>
	</source>
	<size>
		<width>800</width>
		<height>600</height>
		<depth>3</depth>
	</size>
	<segmented>0</segmented>
	<object>
		<name>Green</name>
		<pose>Unspecified</pose>
		<truncated>0</truncated>
		<difficult>0</difficult>
		<bndbox>
			<xmin>109</xmin>
			<ymin>46</ymin>
			<xmax>199</xmax>
			<ymax>242</ymax>
		</bndbox>
	</object>
	<object>
		<name>Green</name>
		<pose>Unspecified</pose>
		<truncated>0</truncated>
		<difficult>0</difficult>
		<bndbox>
			<xmin>497</xmin>
			<ymin>62</ymin>
			<xmax>586</xmax>
			<ymax>255</ymax>
		</bndbox>
	</object>
</annotation>
