<annotation>
	<folder>green</folder>
	<filename>run7_51.jpg</filename>
	<path>/home/student/catkin_ws/CarND-Capstone/ros/image/green/run7_51.jpg</path>
	<source>
		<database>Unknown</database>
	</source>
	<size>
		<width>800</width>
		<height>600</height>
		<depth>3</depth>
	</size>
	<segmented>0</segmented>
	<object>
		<name>Green</name>
		<pose>Unspecified</pose>
		<truncated>1</truncated>
		<difficult>0</difficult>
		<bndbox>
			<xmin>50</xmin>
			<ymin>1</ymin>
			<xmax>163</xmax>
			<ymax>102</ymax>
		</bndbox>
	</object>
	<object>
		<name>Green</name>
		<pose>Unspecified</pose>
		<truncated>1</truncated>
		<difficult>0</difficult>
		<bndbox>
			<xmin>573</xmin>
			<ymin>1</ymin>
			<xmax>694</xmax>
			<ymax>126</ymax>
		</bndbox>
	</object>
</annotation>
