<annotation>
	<folder>green</folder>
	<filename>run7_46.jpg</filename>
	<path>/home/student/catkin_ws/CarND-Capstone/ros/image/green/run7_46.jpg</path>
	<source>
		<database>Unknown</database>
	</source>
	<size>
		<width>800</width>
		<height>600</height>
		<depth>3</depth>
	</size>
	<segmented>0</segmented>
	<object>
		<name>Green</name>
		<pose>Unspecified</pose>
		<truncated>1</truncated>
		<difficult>0</difficult>
		<bndbox>
			<xmin>60</xmin>
			<ymin>1</ymin>
			<xmax>166</xmax>
			<ymax>164</ymax>
		</bndbox>
	</object>
	<object>
		<name>Green</name>
		<pose>Unspecified</pose>
		<truncated>1</truncated>
		<difficult>0</difficult>
		<bndbox>
			<xmin>524</xmin>
			<ymin>1</ymin>
			<xmax>629</xmax>
			<ymax>182</ymax>
		</bndbox>
	</object>
</annotation>
