<annotation>
	<folder>green</folder>
	<filename>run7_5.jpg</filename>
	<path>/home/student/catkin_ws/CarND-Capstone/ros/image/green/run7_5.jpg</path>
	<source>
		<database>Unknown</database>
	</source>
	<size>
		<width>800</width>
		<height>600</height>
		<depth>3</depth>
	</size>
	<segmented>0</segmented>
	<object>
		<name>Green</name>
		<pose>Unspecified</pose>
		<truncated>0</truncated>
		<difficult>0</difficult>
		<bndbox>
			<xmin>435</xmin>
			<ymin>301</ymin>
			<xmax>484</xmax>
			<ymax>417</ymax>
		</bndbox>
	</object>
	<object>
		<name>Green</name>
		<pose>Unspecified</pose>
		<truncated>0</truncated>
		<difficult>0</difficult>
		<bndbox>
			<xmin>207</xmin>
			<ymin>293</ymin>
			<xmax>256</xmax>
			<ymax>409</ymax>
		</bndbox>
	</object>
</annotation>
