<annotation>
	<folder>green</folder>
	<filename>run7_14.jpg</filename>
	<path>/home/student/catkin_ws/CarND-Capstone/ros/image/green/run7_14.jpg</path>
	<source>
		<database>Unknown</database>
	</source>
	<size>
		<width>800</width>
		<height>600</height>
		<depth>3</depth>
	</size>
	<segmented>0</segmented>
	<object>
		<name>Green</name>
		<pose>Unspecified</pose>
		<truncated>0</truncated>
		<difficult>0</difficult>
		<bndbox>
			<xmin>189</xmin>
			<ymin>229</ymin>
			<xmax>249</xmax>
			<ymax>363</ymax>
		</bndbox>
	</object>
	<object>
		<name>Green</name>
		<pose>Unspecified</pose>
		<truncated>0</truncated>
		<difficult>0</difficult>
		<bndbox>
			<xmin>452</xmin>
			<ymin>237</ymin>
			<xmax>512</xmax>
			<ymax>371</ymax>
		</bndbox>
	</object>
</annotation>
