<annotation>
	<folder>green</folder>
	<filename>run7_7.jpg</filename>
	<path>/home/student/catkin_ws/CarND-Capstone/ros/image/green/run7_7.jpg</path>
	<source>
		<database>Unknown</database>
	</source>
	<size>
		<width>800</width>
		<height>600</height>
		<depth>3</depth>
	</size>
	<segmented>0</segmented>
	<object>
		<name>Green</name>
		<pose>Unspecified</pose>
		<truncated>0</truncated>
		<difficult>0</difficult>
		<bndbox>
			<xmin>441</xmin>
			<ymin>291</ymin>
			<xmax>489</xmax>
			<ymax>409</ymax>
		</bndbox>
	</object>
	<object>
		<name>Green</name>
		<pose>Unspecified</pose>
		<truncated>0</truncated>
		<difficult>0</difficult>
		<bndbox>
			<xmin>204</xmin>
			<ymin>283</ymin>
			<xmax>255</xmax>
			<ymax>402</ymax>
		</bndbox>
	</object>
</annotation>
