<annotation>
	<folder>green</folder>
	<filename>run7_16.jpg</filename>
	<path>/home/student/catkin_ws/CarND-Capstone/ros/image/green/run7_16.jpg</path>
	<source>
		<database>Unknown</database>
	</source>
	<size>
		<width>800</width>
		<height>600</height>
		<depth>3</depth>
	</size>
	<segmented>0</segmented>
	<object>
		<name>Green</name>
		<pose>Unspecified</pose>
		<truncated>0</truncated>
		<difficult>0</difficult>
		<bndbox>
			<xmin>180</xmin>
			<ymin>210</ymin>
			<xmax>240</xmax>
			<ymax>350</ymax>
		</bndbox>
	</object>
	<object>
		<name>Green</name>
		<pose>Unspecified</pose>
		<truncated>0</truncated>
		<difficult>0</difficult>
		<bndbox>
			<xmin>455</xmin>
			<ymin>220</ymin>
			<xmax>515</xmax>
			<ymax>360</ymax>
		</bndbox>
	</object>
</annotation>
