<annotation>
	<folder>green</folder>
	<filename>run7_49.jpg</filename>
	<path>/home/student/catkin_ws/CarND-Capstone/ros/image/green/run7_49.jpg</path>
	<source>
		<database>Unknown</database>
	</source>
	<size>
		<width>800</width>
		<height>600</height>
		<depth>3</depth>
	</size>
	<segmented>0</segmented>
	<object>
		<name>Green</name>
		<pose>Unspecified</pose>
		<truncated>1</truncated>
		<difficult>0</difficult>
		<bndbox>
			<xmin>39</xmin>
			<ymin>1</ymin>
			<xmax>148</xmax>
			<ymax>139</ymax>
		</bndbox>
	</object>
	<object>
		<name>Green</name>
		<pose>Unspecified</pose>
		<truncated>1</truncated>
		<difficult>0</difficult>
		<bndbox>
			<xmin>527</xmin>
			<ymin>1</ymin>
			<xmax>638</xmax>
			<ymax>159</ymax>
		</bndbox>
	</object>
</annotation>
