<annotation>
	<folder>green</folder>
	<filename>run7_15.jpg</filename>
	<path>/home/student/catkin_ws/CarND-Capstone/ros/image/green/run7_15.jpg</path>
	<source>
		<database>Unknown</database>
	</source>
	<size>
		<width>800</width>
		<height>600</height>
		<depth>3</depth>
	</size>
	<segmented>0</segmented>
	<object>
		<name>Green</name>
		<pose>Unspecified</pose>
		<truncated>0</truncated>
		<difficult>0</difficult>
		<bndbox>
			<xmin>454</xmin>
			<ymin>228</ymin>
			<xmax>515</xmax>
			<ymax>364</ymax>
		</bndbox>
	</object>
	<object>
		<name>Green</name>
		<pose>Unspecified</pose>
		<truncated>0</truncated>
		<difficult>0</difficult>
		<bndbox>
			<xmin>186</xmin>
			<ymin>221</ymin>
			<xmax>245</xmax>
			<ymax>357</ymax>
		</bndbox>
	</object>
</annotation>
