<annotation>
	<folder>green</folder>
	<filename>run7_12.jpg</filename>
	<path>/home/student/catkin_ws/CarND-Capstone/ros/image/green/run7_12.jpg</path>
	<source>
		<database>Unknown</database>
	</source>
	<size>
		<width>800</width>
		<height>600</height>
		<depth>3</depth>
	</size>
	<segmented>0</segmented>
	<object>
		<name>Green</name>
		<pose>Unspecified</pose>
		<truncated>0</truncated>
		<difficult>0</difficult>
		<bndbox>
			<xmin>196</xmin>
			<ymin>246</ymin>
			<xmax>253</xmax>
			<ymax>374</ymax>
		</bndbox>
	</object>
	<object>
		<name>Green</name>
		<pose>Unspecified</pose>
		<truncated>0</truncated>
		<difficult>0</difficult>
		<bndbox>
			<xmin>450</xmin>
			<ymin>255</ymin>
			<xmax>507</xmax>
			<ymax>383</ymax>
		</bndbox>
	</object>
</annotation>
