<annotation>
	<folder>green</folder>
	<filename>run7_6.jpg</filename>
	<path>/home/student/catkin_ws/CarND-Capstone/ros/image/green/run7_6.jpg</path>
	<source>
		<database>Unknown</database>
	</source>
	<size>
		<width>800</width>
		<height>600</height>
		<depth>3</depth>
	</size>
	<segmented>0</segmented>
	<object>
		<name>Green</name>
		<pose>Unspecified</pose>
		<truncated>0</truncated>
		<difficult>0</difficult>
		<bndbox>
			<xmin>438</xmin>
			<ymin>298</ymin>
			<xmax>487</xmax>
			<ymax>414</ymax>
		</bndbox>
	</object>
	<object>
		<name>Green</name>
		<pose>Unspecified</pose>
		<truncated>0</truncated>
		<difficult>0</difficult>
		<bndbox>
			<xmin>207</xmin>
			<ymin>291</ymin>
			<xmax>256</xmax>
			<ymax>408</ymax>
		</bndbox>
	</object>
</annotation>
