<annotation>
	<folder>green</folder>
	<filename>run8_19.jpg</filename>
	<path>/home/student/catkin_ws/CarND-Capstone/ros/image/green/run8_19.jpg</path>
	<source>
		<database>Unknown</database>
	</source>
	<size>
		<width>800</width>
		<height>600</height>
		<depth>3</depth>
	</size>
	<segmented>0</segmented>
	<object>
		<name>Green</name>
		<pose>Unspecified</pose>
		<truncated>0</truncated>
		<difficult>0</difficult>
		<bndbox>
			<xmin>160</xmin>
			<ymin>256</ymin>
			<xmax>218</xmax>
			<ymax>383</ymax>
		</bndbox>
	</object>
	<object>
		<name>Green</name>
		<pose>Unspecified</pose>
		<truncated>0</truncated>
		<difficult>0</difficult>
		<bndbox>
			<xmin>663</xmin>
			<ymin>270</ymin>
			<xmax>721</xmax>
			<ymax>397</ymax>
		</bndbox>
	</object>
	<object>
		<name>Green</name>
		<pose>Unspecified</pose>
		<truncated>0</truncated>
		<difficult>0</difficult>
		<bndbox>
			<xmin>412</xmin>
			<ymin>263</ymin>
			<xmax>470</xmax>
			<ymax>390</ymax>
		</bndbox>
	</object>
</annotation>
