<annotation>
	<folder>green</folder>
	<filename>run8_17.jpg</filename>
	<path>/home/student/catkin_ws/CarND-Capstone/ros/image/green/run8_17.jpg</path>
	<source>
		<database>Unknown</database>
	</source>
	<size>
		<width>800</width>
		<height>600</height>
		<depth>3</depth>
	</size>
	<segmented>0</segmented>
	<object>
		<name>Green</name>
		<pose>Unspecified</pose>
		<truncated>0</truncated>
		<difficult>0</difficult>
		<bndbox>
			<xmin>162</xmin>
			<ymin>276</ymin>
			<xmax>215</xmax>
			<ymax>399</ymax>
		</bndbox>
	</object>
	<object>
		<name>Green</name>
		<pose>Unspecified</pose>
		<truncated>0</truncated>
		<difficult>0</difficult>
		<bndbox>
			<xmin>636</xmin>
			<ymin>290</ymin>
			<xmax>693</xmax>
			<ymax>411</ymax>
		</bndbox>
	</object>
	<object>
		<name>Green</name>
		<pose>Unspecified</pose>
		<truncated>0</truncated>
		<difficult>0</difficult>
		<bndbox>
			<xmin>402</xmin>
			<ymin>283</ymin>
			<xmax>455</xmax>
			<ymax>404</ymax>
		</bndbox>
	</object>
</annotation>
