<annotation>
	<folder>green</folder>
	<filename>run8_11.jpg</filename>
	<path>/home/student/catkin_ws/CarND-Capstone/ros/image/green/run8_11.jpg</path>
	<source>
		<database>Unknown</database>
	</source>
	<size>
		<width>800</width>
		<height>600</height>
		<depth>3</depth>
	</size>
	<segmented>0</segmented>
	<object>
		<name>Green</name>
		<pose>Unspecified</pose>
		<truncated>0</truncated>
		<difficult>0</difficult>
		<bndbox>
			<xmin>212</xmin>
			<ymin>334</ymin>
			<xmax>257</xmax>
			<ymax>436</ymax>
		</bndbox>
	</object>
	<object>
		<name>Green</name>
		<pose>Unspecified</pose>
		<truncated>0</truncated>
		<difficult>0</difficult>
		<bndbox>
			<xmin>605</xmin>
			<ymin>344</ymin>
			<xmax>650</xmax>
			<ymax>446</ymax>
		</bndbox>
	</object>
	<object>
		<name>Green</name>
		<pose>Unspecified</pose>
		<truncated>0</truncated>
		<difficult>0</difficult>
		<bndbox>
			<xmin>409</xmin>
			<ymin>338</ymin>
			<xmax>454</xmax>
			<ymax>440</ymax>
		</bndbox>
	</object>
</annotation>
