<annotation>
	<folder>green</folder>
	<filename>run8_10.jpg</filename>
	<path>/home/student/catkin_ws/CarND-Capstone/ros/image/green/run8_10.jpg</path>
	<source>
		<database>Unknown</database>
	</source>
	<size>
		<width>800</width>
		<height>600</height>
		<depth>3</depth>
	</size>
	<segmented>0</segmented>
	<object>
		<name>Green</name>
		<pose>Unspecified</pose>
		<truncated>0</truncated>
		<difficult>0</difficult>
		<bndbox>
			<xmin>216</xmin>
			<ymin>343</ymin>
			<xmax>260</xmax>
			<ymax>439</ymax>
		</bndbox>
	</object>
	<object>
		<name>Green</name>
		<pose>Unspecified</pose>
		<truncated>0</truncated>
		<difficult>0</difficult>
		<bndbox>
			<xmin>596</xmin>
			<ymin>353</ymin>
			<xmax>640</xmax>
			<ymax>449</ymax>
		</bndbox>
	</object>
	<object>
		<name>Green</name>
		<pose>Unspecified</pose>
		<truncated>0</truncated>
		<difficult>0</difficult>
		<bndbox>
			<xmin>408</xmin>
			<ymin>349</ymin>
			<xmax>452</xmax>
			<ymax>445</ymax>
		</bndbox>
	</object>
</annotation>
