<annotation>
	<folder>green</folder>
	<filename>run8_12.jpg</filename>
	<path>/home/student/catkin_ws/CarND-Capstone/ros/image/green/run8_12.jpg</path>
	<source>
		<database>Unknown</database>
	</source>
	<size>
		<width>800</width>
		<height>600</height>
		<depth>3</depth>
	</size>
	<segmented>0</segmented>
	<object>
		<name>Green</name>
		<pose>Unspecified</pose>
		<truncated>0</truncated>
		<difficult>0</difficult>
		<bndbox>
			<xmin>203</xmin>
			<ymin>314</ymin>
			<xmax>250</xmax>
			<ymax>420</ymax>
		</bndbox>
	</object>
	<object>
		<name>Green</name>
		<pose>Unspecified</pose>
		<truncated>0</truncated>
		<difficult>0</difficult>
		<bndbox>
			<xmin>611</xmin>
			<ymin>326</ymin>
			<xmax>658</xmax>
			<ymax>430</ymax>
		</bndbox>
	</object>
	<object>
		<name>Green</name>
		<pose>Unspecified</pose>
		<truncated>0</truncated>
		<difficult>0</difficult>
		<bndbox>
			<xmin>408</xmin>
			<ymin>320</ymin>
			<xmax>454</xmax>
			<ymax>422</ymax>
		</bndbox>
	</object>
</annotation>
