<annotation>
	<folder>green</folder>
	<filename>run8_16.jpg</filename>
	<path>/home/student/catkin_ws/CarND-Capstone/ros/image/green/run8_16.jpg</path>
	<source>
		<database>Unknown</database>
	</source>
	<size>
		<width>800</width>
		<height>600</height>
		<depth>3</depth>
	</size>
	<segmented>0</segmented>
	<object>
		<name>Green</name>
		<pose>Unspecified</pose>
		<truncated>0</truncated>
		<difficult>0</difficult>
		<bndbox>
			<xmin>166</xmin>
			<ymin>286</ymin>
			<xmax>219</xmax>
			<ymax>403</ymax>
		</bndbox>
	</object>
	<object>
		<name>Green</name>
		<pose>Unspecified</pose>
		<truncated>0</truncated>
		<difficult>0</difficult>
		<bndbox>
			<xmin>628</xmin>
			<ymin>300</ymin>
			<xmax>680</xmax>
			<ymax>413</ymax>
		</bndbox>
	</object>
	<object>
		<name>Green</name>
		<pose>Unspecified</pose>
		<truncated>0</truncated>
		<difficult>0</difficult>
		<bndbox>
			<xmin>399</xmin>
			<ymin>293</ymin>
			<xmax>451</xmax>
			<ymax>411</ymax>
		</bndbox>
	</object>
</annotation>
