<annotation>
	<folder>green</folder>
	<filename>run8_18.jpg</filename>
	<path>/home/student/catkin_ws/CarND-Capstone/ros/image/green/run8_18.jpg</path>
	<source>
		<database>Unknown</database>
	</source>
	<size>
		<width>800</width>
		<height>600</height>
		<depth>3</depth>
	</size>
	<segmented>0</segmented>
	<object>
		<name>Green</name>
		<pose>Unspecified</pose>
		<truncated>0</truncated>
		<difficult>0</difficult>
		<bndbox>
			<xmin>157</xmin>
			<ymin>267</ymin>
			<xmax>212</xmax>
			<ymax>392</ymax>
		</bndbox>
	</object>
	<object>
		<name>Green</name>
		<pose>Unspecified</pose>
		<truncated>0</truncated>
		<difficult>0</difficult>
		<bndbox>
			<xmin>646</xmin>
			<ymin>280</ymin>
			<xmax>703</xmax>
			<ymax>404</ymax>
		</bndbox>
	</object>
	<object>
		<name>Green</name>
		<pose>Unspecified</pose>
		<truncated>0</truncated>
		<difficult>0</difficult>
		<bndbox>
			<xmin>402</xmin>
			<ymin>274</ymin>
			<xmax>459</xmax>
			<ymax>397</ymax>
		</bndbox>
	</object>
</annotation>
