<annotation>
	<folder>green</folder>
	<filename>run8_15.jpg</filename>
	<path>/home/student/catkin_ws/CarND-Capstone/ros/image/green/run8_15.jpg</path>
	<source>
		<database>Unknown</database>
	</source>
	<size>
		<width>800</width>
		<height>600</height>
		<depth>3</depth>
	</size>
	<segmented>0</segmented>
	<object>
		<name>Green</name>
		<pose>Unspecified</pose>
		<truncated>0</truncated>
		<difficult>0</difficult>
		<bndbox>
			<xmin>171</xmin>
			<ymin>297</ymin>
			<xmax>223</xmax>
			<ymax>409</ymax>
		</bndbox>
	</object>
	<object>
		<name>Green</name>
		<pose>Unspecified</pose>
		<truncated>0</truncated>
		<difficult>0</difficult>
		<bndbox>
			<xmin>619</xmin>
			<ymin>309</ymin>
			<xmax>671</xmax>
			<ymax>421</ymax>
		</bndbox>
	</object>
	<object>
		<name>Green</name>
		<pose>Unspecified</pose>
		<truncated>0</truncated>
		<difficult>0</difficult>
		<bndbox>
			<xmin>396</xmin>
			<ymin>302</ymin>
			<xmax>448</xmax>
			<ymax>414</ymax>
		</bndbox>
	</object>
</annotation>
