<annotation>
	<folder>green</folder>
	<filename>run8_13.jpg</filename>
	<path>/home/student/catkin_ws/CarND-Capstone/ros/image/green/run8_13.jpg</path>
	<source>
		<database>Unknown</database>
	</source>
	<size>
		<width>800</width>
		<height>600</height>
		<depth>3</depth>
	</size>
	<segmented>0</segmented>
	<object>
		<name>Green</name>
		<pose>Unspecified</pose>
		<truncated>0</truncated>
		<difficult>0</difficult>
		<bndbox>
			<xmin>184</xmin>
			<ymin>308</ymin>
			<xmax>231</xmax>
			<ymax>415</ymax>
		</bndbox>
	</object>
	<object>
		<name>Green</name>
		<pose>Unspecified</pose>
		<truncated>0</truncated>
		<difficult>0</difficult>
		<bndbox>
			<xmin>605</xmin>
			<ymin>318</ymin>
			<xmax>652</xmax>
			<ymax>425</ymax>
		</bndbox>
	</object>
	<object>
		<name>Green</name>
		<pose>Unspecified</pose>
		<truncated>0</truncated>
		<difficult>0</difficult>
		<bndbox>
			<xmin>396</xmin>
			<ymin>312</ymin>
			<xmax>443</xmax>
			<ymax>419</ymax>
		</bndbox>
	</object>
</annotation>
