<annotation>
	<folder>green</folder>
	<filename>run8_14.jpg</filename>
	<path>/home/student/catkin_ws/CarND-Capstone/ros/image/green/run8_14.jpg</path>
	<source>
		<database>Unknown</database>
	</source>
	<size>
		<width>800</width>
		<height>600</height>
		<depth>3</depth>
	</size>
	<segmented>0</segmented>
	<object>
		<name>Green</name>
		<pose>Unspecified</pose>
		<truncated>0</truncated>
		<difficult>0</difficult>
		<bndbox>
			<xmin>177</xmin>
			<ymin>305</ymin>
			<xmax>227</xmax>
			<ymax>417</ymax>
		</bndbox>
	</object>
	<object>
		<name>Green</name>
		<pose>Unspecified</pose>
		<truncated>0</truncated>
		<difficult>0</difficult>
		<bndbox>
			<xmin>612</xmin>
			<ymin>319</ymin>
			<xmax>662</xmax>
			<ymax>431</ymax>
		</bndbox>
	</object>
	<object>
		<name>Green</name>
		<pose>Unspecified</pose>
		<truncated>0</truncated>
		<difficult>0</difficult>
		<bndbox>
			<xmin>396</xmin>
			<ymin>312</ymin>
			<xmax>446</xmax>
			<ymax>424</ymax>
		</bndbox>
	</object>
</annotation>
