<annotation>
	<folder>green</folder>
	<filename>run9_44.jpg</filename>
	<path>/home/student/catkin_ws/CarND-Capstone/ros/image/green/run9_44.jpg</path>
	<source>
		<database>Unknown</database>
	</source>
	<size>
		<width>800</width>
		<height>600</height>
		<depth>3</depth>
	</size>
	<segmented>0</segmented>
	<object>
		<name>Green</name>
		<pose>Unspecified</pose>
		<truncated>0</truncated>
		<difficult>0</difficult>
		<bndbox>
			<xmin>182</xmin>
			<ymin>129</ymin>
			<xmax>254</xmax>
			<ymax>296</ymax>
		</bndbox>
	</object>
	<object>
		<name>Green</name>
		<pose>Unspecified</pose>
		<truncated>0</truncated>
		<difficult>0</difficult>
		<bndbox>
			<xmin>513</xmin>
			<ymin>142</ymin>
			<xmax>588</xmax>
			<ymax>307</ymax>
		</bndbox>
	</object>
</annotation>
