<annotation>
	<folder>green</folder>
	<filename>run9_52.jpg</filename>
	<path>/home/student/catkin_ws/CarND-Capstone/ros/image/green/run9_52.jpg</path>
	<source>
		<database>Unknown</database>
	</source>
	<size>
		<width>800</width>
		<height>600</height>
		<depth>3</depth>
	</size>
	<segmented>0</segmented>
	<object>
		<name>Green</name>
		<pose>Unspecified</pose>
		<truncated>0</truncated>
		<difficult>0</difficult>
		<bndbox>
			<xmin>140</xmin>
			<ymin>24</ymin>
			<xmax>228</xmax>
			<ymax>229</ymax>
		</bndbox>
	</object>
	<object>
		<name>Green</name>
		<pose>Unspecified</pose>
		<truncated>0</truncated>
		<difficult>0</difficult>
		<bndbox>
			<xmin>543</xmin>
			<ymin>39</ymin>
			<xmax>637</xmax>
			<ymax>241</ymax>
		</bndbox>
	</object>
</annotation>
