<annotation>
	<folder>green</folder>
	<filename>run9_47.jpg</filename>
	<path>/home/student/catkin_ws/CarND-Capstone/ros/image/green/run9_47.jpg</path>
	<source>
		<database>Unknown</database>
	</source>
	<size>
		<width>800</width>
		<height>600</height>
		<depth>3</depth>
	</size>
	<segmented>0</segmented>
	<object>
		<name>Green</name>
		<pose>Unspecified</pose>
		<truncated>0</truncated>
		<difficult>0</difficult>
		<bndbox>
			<xmin>171</xmin>
			<ymin>97</ymin>
			<xmax>250</xmax>
			<ymax>274</ymax>
		</bndbox>
	</object>
	<object>
		<name>Green</name>
		<pose>Unspecified</pose>
		<truncated>0</truncated>
		<difficult>0</difficult>
		<bndbox>
			<xmin>523</xmin>
			<ymin>110</ymin>
			<xmax>604</xmax>
			<ymax>285</ymax>
		</bndbox>
	</object>
</annotation>
