<annotation>
	<folder>green</folder>
	<filename>run9_45.jpg</filename>
	<path>/home/student/catkin_ws/CarND-Capstone/ros/image/green/run9_45.jpg</path>
	<source>
		<database>Unknown</database>
	</source>
	<size>
		<width>800</width>
		<height>600</height>
		<depth>3</depth>
	</size>
	<segmented>0</segmented>
	<object>
		<name>Green</name>
		<pose>Unspecified</pose>
		<truncated>0</truncated>
		<difficult>0</difficult>
		<bndbox>
			<xmin>178</xmin>
			<ymin>120</ymin>
			<xmax>251</xmax>
			<ymax>290</ymax>
		</bndbox>
	</object>
	<object>
		<name>Green</name>
		<pose>Unspecified</pose>
		<truncated>0</truncated>
		<difficult>0</difficult>
		<bndbox>
			<xmin>511</xmin>
			<ymin>131</ymin>
			<xmax>589</xmax>
			<ymax>300</ymax>
		</bndbox>
	</object>
</annotation>
