<annotation>
	<folder>green</folder>
	<filename>run9_18.jpg</filename>
	<path>/home/student/catkin_ws/CarND-Capstone/ros/image/green/run9_18.jpg</path>
	<source>
		<database>Unknown</database>
	</source>
	<size>
		<width>800</width>
		<height>600</height>
		<depth>3</depth>
	</size>
	<segmented>0</segmented>
	<object>
		<name>Green</name>
		<pose>Unspecified</pose>
		<truncated>0</truncated>
		<difficult>0</difficult>
		<bndbox>
			<xmin>20</xmin>
			<ymin>303</ymin>
			<xmax>70</xmax>
			<ymax>412</ymax>
		</bndbox>
	</object>
	<object>
		<name>Green</name>
		<pose>Unspecified</pose>
		<truncated>0</truncated>
		<difficult>0</difficult>
		<bndbox>
			<xmin>458</xmin>
			<ymin>316</ymin>
			<xmax>508</xmax>
			<ymax>425</ymax>
		</bndbox>
	</object>
	<object>
		<name>Green</name>
		<pose>Unspecified</pose>
		<truncated>0</truncated>
		<difficult>0</difficult>
		<bndbox>
			<xmin>241</xmin>
			<ymin>310</ymin>
			<xmax>291</xmax>
			<ymax>419</ymax>
		</bndbox>
	</object>
</annotation>
