<annotation>
	<folder>green</folder>
	<filename>run9_15.jpg</filename>
	<path>/home/student/catkin_ws/CarND-Capstone/ros/image/green/run9_15.jpg</path>
	<source>
		<database>Unknown</database>
	</source>
	<size>
		<width>800</width>
		<height>600</height>
		<depth>3</depth>
	</size>
	<segmented>0</segmented>
	<object>
		<name>Green</name>
		<pose>Unspecified</pose>
		<truncated>0</truncated>
		<difficult>0</difficult>
		<bndbox>
			<xmin>436</xmin>
			<ymin>329</ymin>
			<xmax>485</xmax>
			<ymax>434</ymax>
		</bndbox>
	</object>
	<object>
		<name>Green</name>
		<pose>Unspecified</pose>
		<truncated>0</truncated>
		<difficult>0</difficult>
		<bndbox>
			<xmin>230</xmin>
			<ymin>321</ymin>
			<xmax>275</xmax>
			<ymax>426</ymax>
		</bndbox>
	</object>
	<object>
		<name>Green</name>
		<pose>Unspecified</pose>
		<truncated>0</truncated>
		<difficult>0</difficult>
		<bndbox>
			<xmin>18</xmin>
			<ymin>315</ymin>
			<xmax>63</xmax>
			<ymax>420</ymax>
		</bndbox>
	</object>
</annotation>
