<annotation>
	<folder>green</folder>
	<filename>run9_20.jpg</filename>
	<path>/home/student/catkin_ws/CarND-Capstone/ros/image/green/run9_20.jpg</path>
	<source>
		<database>Unknown</database>
	</source>
	<size>
		<width>800</width>
		<height>600</height>
		<depth>3</depth>
	</size>
	<segmented>0</segmented>
	<object>
		<name>Green</name>
		<pose>Unspecified</pose>
		<truncated>0</truncated>
		<difficult>0</difficult>
		<bndbox>
			<xmin>15</xmin>
			<ymin>294</ymin>
			<xmax>68</xmax>
			<ymax>408</ymax>
		</bndbox>
	</object>
	<object>
		<name>Green</name>
		<pose>Unspecified</pose>
		<truncated>0</truncated>
		<difficult>0</difficult>
		<bndbox>
			<xmin>464</xmin>
			<ymin>307</ymin>
			<xmax>517</xmax>
			<ymax>421</ymax>
		</bndbox>
	</object>
	<object>
		<name>Green</name>
		<pose>Unspecified</pose>
		<truncated>0</truncated>
		<difficult>0</difficult>
		<bndbox>
			<xmin>240</xmin>
			<ymin>301</ymin>
			<xmax>293</xmax>
			<ymax>415</ymax>
		</bndbox>
	</object>
</annotation>
