<annotation>
	<folder>green</folder>
	<filename>run9_19.jpg</filename>
	<path>/home/student/catkin_ws/CarND-Capstone/ros/image/green/run9_19.jpg</path>
	<source>
		<database>Unknown</database>
	</source>
	<size>
		<width>800</width>
		<height>600</height>
		<depth>3</depth>
	</size>
	<segmented>0</segmented>
	<object>
		<name>Green</name>
		<pose>Unspecified</pose>
		<truncated>0</truncated>
		<difficult>0</difficult>
		<bndbox>
			<xmin>17</xmin>
			<ymin>299</ymin>
			<xmax>68</xmax>
			<ymax>412</ymax>
		</bndbox>
	</object>
	<object>
		<name>Green</name>
		<pose>Unspecified</pose>
		<truncated>0</truncated>
		<difficult>0</difficult>
		<bndbox>
			<xmin>459</xmin>
			<ymin>312</ymin>
			<xmax>510</xmax>
			<ymax>425</ymax>
		</bndbox>
	</object>
	<object>
		<name>Green</name>
		<pose>Unspecified</pose>
		<truncated>0</truncated>
		<difficult>0</difficult>
		<bndbox>
			<xmin>241</xmin>
			<ymin>305</ymin>
			<xmax>292</xmax>
			<ymax>418</ymax>
		</bndbox>
	</object>
</annotation>
