<annotation>
	<folder>green</folder>
	<filename>run9_11.jpg</filename>
	<path>/home/student/catkin_ws/CarND-Capstone/ros/image/green/run9_11.jpg</path>
	<source>
		<database>Unknown</database>
	</source>
	<size>
		<width>800</width>
		<height>600</height>
		<depth>3</depth>
	</size>
	<segmented>0</segmented>
	<object>
		<name>Green</name>
		<pose>Unspecified</pose>
		<truncated>0</truncated>
		<difficult>0</difficult>
		<bndbox>
			<xmin>176</xmin>
			<ymin>323</ymin>
			<xmax>220</xmax>
			<ymax>424</ymax>
		</bndbox>
	</object>
	<object>
		<name>Green</name>
		<pose>Unspecified</pose>
		<truncated>0</truncated>
		<difficult>0</difficult>
		<bndbox>
			<xmin>375</xmin>
			<ymin>330</ymin>
			<xmax>420</xmax>
			<ymax>431</ymax>
		</bndbox>
	</object>
</annotation>
