<annotation>
	<folder>green</folder>
	<filename>run9_46.jpg</filename>
	<path>/home/student/catkin_ws/CarND-Capstone/ros/image/green/run9_46.jpg</path>
	<source>
		<database>Unknown</database>
	</source>
	<size>
		<width>800</width>
		<height>600</height>
		<depth>3</depth>
	</size>
	<segmented>0</segmented>
	<object>
		<name>Green</name>
		<pose>Unspecified</pose>
		<truncated>0</truncated>
		<difficult>0</difficult>
		<bndbox>
			<xmin>172</xmin>
			<ymin>109</ymin>
			<xmax>250</xmax>
			<ymax>281</ymax>
		</bndbox>
	</object>
	<object>
		<name>Green</name>
		<pose>Unspecified</pose>
		<truncated>0</truncated>
		<difficult>0</difficult>
		<bndbox>
			<xmin>517</xmin>
			<ymin>123</ymin>
			<xmax>595</xmax>
			<ymax>294</ymax>
		</bndbox>
	</object>
</annotation>
