<annotation>
	<folder>green</folder>
	<filename>run9_12.jpg</filename>
	<path>/home/student/catkin_ws/CarND-Capstone/ros/image/green/run9_12.jpg</path>
	<source>
		<database>Unknown</database>
	</source>
	<size>
		<width>800</width>
		<height>600</height>
		<depth>3</depth>
	</size>
	<segmented>0</segmented>
	<object>
		<name>Green</name>
		<pose>Unspecified</pose>
		<truncated>0</truncated>
		<difficult>0</difficult>
		<bndbox>
			<xmin>177</xmin>
			<ymin>322</ymin>
			<xmax>222</xmax>
			<ymax>423</ymax>
		</bndbox>
	</object>
	<object>
		<name>Green</name>
		<pose>Unspecified</pose>
		<truncated>0</truncated>
		<difficult>0</difficult>
		<bndbox>
			<xmin>378</xmin>
			<ymin>328</ymin>
			<xmax>424</xmax>
			<ymax>430</ymax>
		</bndbox>
	</object>
</annotation>
