<annotation>
	<folder>green</folder>
	<filename>run9_13.jpg</filename>
	<path>/home/student/catkin_ws/CarND-Capstone/ros/image/green/run9_13.jpg</path>
	<source>
		<database>Unknown</database>
	</source>
	<size>
		<width>800</width>
		<height>600</height>
		<depth>3</depth>
	</size>
	<segmented>0</segmented>
	<object>
		<name>Green</name>
		<pose>Unspecified</pose>
		<truncated>0</truncated>
		<difficult>0</difficult>
		<bndbox>
			<xmin>5</xmin>
			<ymin>313</ymin>
			<xmax>49</xmax>
			<ymax>418</ymax>
		</bndbox>
	</object>
	<object>
		<name>Green</name>
		<pose>Unspecified</pose>
		<truncated>0</truncated>
		<difficult>0</difficult>
		<bndbox>
			<xmin>210</xmin>
			<ymin>322</ymin>
			<xmax>256</xmax>
			<ymax>423</ymax>
		</bndbox>
	</object>
	<object>
		<name>Green</name>
		<pose>Unspecified</pose>
		<truncated>0</truncated>
		<difficult>0</difficult>
		<bndbox>
			<xmin>414</xmin>
			<ymin>327</ymin>
			<xmax>460</xmax>
			<ymax>429</ymax>
		</bndbox>
	</object>
</annotation>
