<annotation>
	<folder>green</folder>
	<filename>run9_53.jpg</filename>
	<path>/home/student/catkin_ws/CarND-Capstone/ros/image/green/run9_53.jpg</path>
	<source>
		<database>Unknown</database>
	</source>
	<size>
		<width>800</width>
		<height>600</height>
		<depth>3</depth>
	</size>
	<segmented>0</segmented>
	<object>
		<name>Green</name>
		<pose>Unspecified</pose>
		<truncated>1</truncated>
		<difficult>0</difficult>
		<bndbox>
			<xmin>129</xmin>
			<ymin>1</ymin>
			<xmax>220</xmax>
			<ymax>208</ymax>
		</bndbox>
	</object>
	<object>
		<name>Green</name>
		<pose>Unspecified</pose>
		<truncated>0</truncated>
		<difficult>0</difficult>
		<bndbox>
			<xmin>556</xmin>
			<ymin>10</ymin>
			<xmax>650</xmax>
			<ymax>222</ymax>
		</bndbox>
	</object>
</annotation>
