<annotation>
	<folder>green</folder>
	<filename>run9_50.jpg</filename>
	<path>/home/student/catkin_ws/CarND-Capstone/ros/image/green/run9_50.jpg</path>
	<source>
		<database>Unknown</database>
	</source>
	<size>
		<width>800</width>
		<height>600</height>
		<depth>3</depth>
	</size>
	<segmented>0</segmented>
	<object>
		<name>Green</name>
		<pose>Unspecified</pose>
		<truncated>0</truncated>
		<difficult>0</difficult>
		<bndbox>
			<xmin>155</xmin>
			<ymin>52</ymin>
			<xmax>238</xmax>
			<ymax>245</ymax>
		</bndbox>
	</object>
	<object>
		<name>Green</name>
		<pose>Unspecified</pose>
		<truncated>0</truncated>
		<difficult>0</difficult>
		<bndbox>
			<xmin>535</xmin>
			<ymin>67</ymin>
			<xmax>622</xmax>
			<ymax>259</ymax>
		</bndbox>
	</object>
</annotation>
