<annotation>
	<folder>green</folder>
	<filename>run9_51.jpg</filename>
	<path>/home/student/catkin_ws/CarND-Capstone/ros/image/green/run9_51.jpg</path>
	<source>
		<database>Unknown</database>
	</source>
	<size>
		<width>800</width>
		<height>600</height>
		<depth>3</depth>
	</size>
	<segmented>0</segmented>
	<object>
		<name>Green</name>
		<pose>Unspecified</pose>
		<truncated>0</truncated>
		<difficult>0</difficult>
		<bndbox>
			<xmin>146</xmin>
			<ymin>35</ymin>
			<xmax>234</xmax>
			<ymax>232</ymax>
		</bndbox>
	</object>
	<object>
		<name>Green</name>
		<pose>Unspecified</pose>
		<truncated>0</truncated>
		<difficult>0</difficult>
		<bndbox>
			<xmin>537</xmin>
			<ymin>48</ymin>
			<xmax>630</xmax>
			<ymax>247</ymax>
		</bndbox>
	</object>
</annotation>
