<annotation>
	<folder>green</folder>
	<filename>run9_17.jpg</filename>
	<path>/home/student/catkin_ws/CarND-Capstone/ros/image/green/run9_17.jpg</path>
	<source>
		<database>Unknown</database>
	</source>
	<size>
		<width>800</width>
		<height>600</height>
		<depth>3</depth>
	</size>
	<segmented>0</segmented>
	<object>
		<name>Green</name>
		<pose>Unspecified</pose>
		<truncated>0</truncated>
		<difficult>0</difficult>
		<bndbox>
			<xmin>23</xmin>
			<ymin>307</ymin>
			<xmax>71</xmax>
			<ymax>416</ymax>
		</bndbox>
	</object>
	<object>
		<name>Green</name>
		<pose>Unspecified</pose>
		<truncated>0</truncated>
		<difficult>0</difficult>
		<bndbox>
			<xmin>454</xmin>
			<ymin>321</ymin>
			<xmax>502</xmax>
			<ymax>430</ymax>
		</bndbox>
	</object>
	<object>
		<name>Green</name>
		<pose>Unspecified</pose>
		<truncated>0</truncated>
		<difficult>0</difficult>
		<bndbox>
			<xmin>241</xmin>
			<ymin>314</ymin>
			<xmax>289</xmax>
			<ymax>423</ymax>
		</bndbox>
	</object>
</annotation>
