<annotation>
	<folder>green</folder>
	<filename>run9_48.jpg</filename>
	<path>/home/student/catkin_ws/CarND-Capstone/ros/image/green/run9_48.jpg</path>
	<source>
		<database>Unknown</database>
	</source>
	<size>
		<width>800</width>
		<height>600</height>
		<depth>3</depth>
	</size>
	<segmented>0</segmented>
	<object>
		<name>Green</name>
		<pose>Unspecified</pose>
		<truncated>0</truncated>
		<difficult>0</difficult>
		<bndbox>
			<xmin>164</xmin>
			<ymin>83</ymin>
			<xmax>248</xmax>
			<ymax>263</ymax>
		</bndbox>
	</object>
	<object>
		<name>Green</name>
		<pose>Unspecified</pose>
		<truncated>0</truncated>
		<difficult>0</difficult>
		<bndbox>
			<xmin>527</xmin>
			<ymin>97</ymin>
			<xmax>608</xmax>
			<ymax>278</ymax>
		</bndbox>
	</object>
</annotation>
