<annotation>
	<folder>green</folder>
	<filename>run9_10.jpg</filename>
	<path>/home/student/catkin_ws/CarND-Capstone/ros/image/green/run9_10.jpg</path>
	<source>
		<database>Unknown</database>
	</source>
	<size>
		<width>800</width>
		<height>600</height>
		<depth>3</depth>
	</size>
	<segmented>0</segmented>
	<object>
		<name>Green</name>
		<pose>Unspecified</pose>
		<truncated>1</truncated>
		<difficult>0</difficult>
		<bndbox>
			<xmin>1</xmin>
			<ymin>319</ymin>
			<xmax>24</xmax>
			<ymax>420</ymax>
		</bndbox>
	</object>
	<object>
		<name>Green</name>
		<pose>Unspecified</pose>
		<truncated>0</truncated>
		<difficult>0</difficult>
		<bndbox>
			<xmin>180</xmin>
			<ymin>325</ymin>
			<xmax>224</xmax>
			<ymax>427</ymax>
		</bndbox>
	</object>
	<object>
		<name>Green</name>
		<pose>Unspecified</pose>
		<truncated>0</truncated>
		<difficult>0</difficult>
		<bndbox>
			<xmin>375</xmin>
			<ymin>332</ymin>
			<xmax>420</xmax>
			<ymax>432</ymax>
		</bndbox>
	</object>
</annotation>
