<annotation>
	<folder>green</folder>
	<filename>run9_21.jpg</filename>
	<path>/home/student/catkin_ws/CarND-Capstone/ros/image/green/run9_21.jpg</path>
	<source>
		<database>Unknown</database>
	</source>
	<size>
		<width>800</width>
		<height>600</height>
		<depth>3</depth>
	</size>
	<segmented>0</segmented>
	<object>
		<name>Green</name>
		<pose>Unspecified</pose>
		<truncated>0</truncated>
		<difficult>0</difficult>
		<bndbox>
			<xmin>462</xmin>
			<ymin>305</ymin>
			<xmax>515</xmax>
			<ymax>419</ymax>
		</bndbox>
	</object>
	<object>
		<name>Green</name>
		<pose>Unspecified</pose>
		<truncated>0</truncated>
		<difficult>0</difficult>
		<bndbox>
			<xmin>237</xmin>
			<ymin>297</ymin>
			<xmax>290</xmax>
			<ymax>411</ymax>
		</bndbox>
	</object>
	<object>
		<name>Green</name>
		<pose>Unspecified</pose>
		<truncated>0</truncated>
		<difficult>0</difficult>
		<bndbox>
			<xmin>7</xmin>
			<ymin>289</ymin>
			<xmax>60</xmax>
			<ymax>403</ymax>
		</bndbox>
	</object>
</annotation>
