<annotation>
	<folder>green</folder>
	<filename>run9_49.jpg</filename>
	<path>/home/student/catkin_ws/CarND-Capstone/ros/image/green/run9_49.jpg</path>
	<source>
		<database>Unknown</database>
	</source>
	<size>
		<width>800</width>
		<height>600</height>
		<depth>3</depth>
	</size>
	<segmented>0</segmented>
	<object>
		<name>Green</name>
		<pose>Unspecified</pose>
		<truncated>0</truncated>
		<difficult>0</difficult>
		<bndbox>
			<xmin>160</xmin>
			<ymin>66</ymin>
			<xmax>243</xmax>
			<ymax>254</ymax>
		</bndbox>
	</object>
	<object>
		<name>Green</name>
		<pose>Unspecified</pose>
		<truncated>0</truncated>
		<difficult>0</difficult>
		<bndbox>
			<xmin>531</xmin>
			<ymin>81</ymin>
			<xmax>617</xmax>
			<ymax>267</ymax>
		</bndbox>
	</object>
</annotation>
