<annotation>
	<folder>green</folder>
	<filename>run9_14.jpg</filename>
	<path>/home/student/catkin_ws/CarND-Capstone/ros/image/green/run9_14.jpg</path>
	<source>
		<database>Unknown</database>
	</source>
	<size>
		<width>800</width>
		<height>600</height>
		<depth>3</depth>
	</size>
	<segmented>0</segmented>
	<object>
		<name>Green</name>
		<pose>Unspecified</pose>
		<truncated>0</truncated>
		<difficult>0</difficult>
		<bndbox>
			<xmin>22</xmin>
			<ymin>320</ymin>
			<xmax>67</xmax>
			<ymax>425</ymax>
		</bndbox>
	</object>
	<object>
		<name>Green</name>
		<pose>Unspecified</pose>
		<truncated>0</truncated>
		<difficult>0</difficult>
		<bndbox>
			<xmin>437</xmin>
			<ymin>333</ymin>
			<xmax>482</xmax>
			<ymax>438</ymax>
		</bndbox>
	</object>
	<object>
		<name>Green</name>
		<pose>Unspecified</pose>
		<truncated>0</truncated>
		<difficult>0</difficult>
		<bndbox>
			<xmin>231</xmin>
			<ymin>326</ymin>
			<xmax>276</xmax>
			<ymax>431</ymax>
		</bndbox>
	</object>
</annotation>
