<annotation>
	<folder>green</folder>
	<filename>run9_8.jpg</filename>
	<path>/home/student/catkin_ws/CarND-Capstone/ros/image/green/run9_8.jpg</path>
	<source>
		<database>Unknown</database>
	</source>
	<size>
		<width>800</width>
		<height>600</height>
		<depth>3</depth>
	</size>
	<segmented>0</segmented>
	<object>
		<name>Green</name>
		<pose>Unspecified</pose>
		<truncated>1</truncated>
		<difficult>0</difficult>
		<bndbox>
			<xmin>1</xmin>
			<ymin>334</ymin>
			<xmax>34</xmax>
			<ymax>433</ymax>
		</bndbox>
	</object>
	<object>
		<name>Green</name>
		<pose>Unspecified</pose>
		<truncated>0</truncated>
		<difficult>0</difficult>
		<bndbox>
			<xmin>185</xmin>
			<ymin>339</ymin>
			<xmax>227</xmax>
			<ymax>439</ymax>
		</bndbox>
	</object>
	<object>
		<name>Green</name>
		<pose>Unspecified</pose>
		<truncated>0</truncated>
		<difficult>0</difficult>
		<bndbox>
			<xmin>376</xmin>
			<ymin>345</ymin>
			<xmax>420</xmax>
			<ymax>443</ymax>
		</bndbox>
	</object>
</annotation>
