<annotation>
	<folder>green</folder>
	<filename>11.jpg</filename>
	<path>/home/student/catkin_ws/CarND-Capstone/ros/image/green/11.jpg</path>
	<source>
		<database>Unknown</database>
	</source>
	<size>
		<width>800</width>
		<height>600</height>
		<depth>3</depth>
	</size>
	<segmented>0</segmented>
	<object>
		<name>Green</name>
		<pose>Unspecified</pose>
		<truncated>0</truncated>
		<difficult>0</difficult>
		<bndbox>
			<xmin>119</xmin>
			<ymin>250</ymin>
			<xmax>180</xmax>
			<ymax>375</ymax>
		</bndbox>
	</object>
	<object>
		<name>Green</name>
		<pose>Unspecified</pose>
		<truncated>0</truncated>
		<difficult>0</difficult>
		<bndbox>
			<xmin>374</xmin>
			<ymin>253</ymin>
			<xmax>432</xmax>
			<ymax>379</ymax>
		</bndbox>
	</object>
	<object>
		<name>Green</name>
		<pose>Unspecified</pose>
		<truncated>0</truncated>
		<difficult>0</difficult>
		<bndbox>
			<xmin>630</xmin>
			<ymin>254</ymin>
			<xmax>690</xmax>
			<ymax>385</ymax>
		</bndbox>
	</object>
</annotation>
