<annotation>
	<folder>green</folder>
	<filename>112.jpg</filename>
	<path>/home/student/catkin_ws/CarND-Capstone/ros/image/green/112.jpg</path>
	<source>
		<database>Unknown</database>
	</source>
	<size>
		<width>800</width>
		<height>600</height>
		<depth>3</depth>
	</size>
	<segmented>0</segmented>
	<object>
		<name>Green</name>
		<pose>Unspecified</pose>
		<truncated>0</truncated>
		<difficult>0</difficult>
		<bndbox>
			<xmin>268</xmin>
			<ymin>538</ymin>
			<xmax>280</xmax>
			<ymax>566</ymax>
		</bndbox>
	</object>
	<object>
		<name>Green</name>
		<pose>Unspecified</pose>
		<truncated>0</truncated>
		<difficult>0</difficult>
		<bndbox>
			<xmin>319</xmin>
			<ymin>539</ymin>
			<xmax>333</xmax>
			<ymax>568</ymax>
		</bndbox>
	</object>
	<object>
		<name>Green</name>
		<pose>Unspecified</pose>
		<truncated>0</truncated>
		<difficult>0</difficult>
		<bndbox>
			<xmin>373</xmin>
			<ymin>538</ymin>
			<xmax>387</xmax>
			<ymax>568</ymax>
		</bndbox>
	</object>
</annotation>
