<annotation>
	<folder>green</folder>
	<filename>113.jpg</filename>
	<path>/home/student/catkin_ws/CarND-Capstone/ros/image/green/113.jpg</path>
	<source>
		<database>Unknown</database>
	</source>
	<size>
		<width>800</width>
		<height>600</height>
		<depth>3</depth>
	</size>
	<segmented>0</segmented>
	<object>
		<name>Green</name>
		<pose>Unspecified</pose>
		<truncated>0</truncated>
		<difficult>0</difficult>
		<bndbox>
			<xmin>266</xmin>
			<ymin>535</ymin>
			<xmax>280</xmax>
			<ymax>566</ymax>
		</bndbox>
	</object>
	<object>
		<name>Green</name>
		<pose>Unspecified</pose>
		<truncated>0</truncated>
		<difficult>0</difficult>
		<bndbox>
			<xmin>319</xmin>
			<ymin>537</ymin>
			<xmax>333</xmax>
			<ymax>566</ymax>
		</bndbox>
	</object>
	<object>
		<name>Green</name>
		<pose>Unspecified</pose>
		<truncated>0</truncated>
		<difficult>0</difficult>
		<bndbox>
			<xmin>372</xmin>
			<ymin>538</ymin>
			<xmax>387</xmax>
			<ymax>569</ymax>
		</bndbox>
	</object>
</annotation>
