<annotation>
	<folder>yellow</folder>
	<filename>118.jpg</filename>
	<path>/home/student/catkin_ws/CarND-Capstone/ros/image/yellow/118.jpg</path>
	<source>
		<database>Unknown</database>
	</source>
	<size>
		<width>800</width>
		<height>600</height>
		<depth>3</depth>
	</size>
	<segmented>0</segmented>
	<object>
		<name>Yellow</name>
		<pose>Unspecified</pose>
		<truncated>0</truncated>
		<difficult>0</difficult>
		<bndbox>
			<xmin>260</xmin>
			<ymin>532</ymin>
			<xmax>274</xmax>
			<ymax>563</ymax>
		</bndbox>
	</object>
	<object>
		<name>Yellow</name>
		<pose>Unspecified</pose>
		<truncated>0</truncated>
		<difficult>0</difficult>
		<bndbox>
			<xmin>374</xmin>
			<ymin>534</ymin>
			<xmax>386</xmax>
			<ymax>564</ymax>
		</bndbox>
	</object>
	<object>
		<name>Yellow</name>
		<pose>Unspecified</pose>
		<truncated>0</truncated>
		<difficult>0</difficult>
		<bndbox>
			<xmin>317</xmin>
			<ymin>532</ymin>
			<xmax>331</xmax>
			<ymax>563</ymax>
		</bndbox>
	</object>
</annotation>
