<annotation>
	<folder>yellow</folder>
	<filename>119.jpg</filename>
	<path>/home/student/catkin_ws/CarND-Capstone/ros/image/yellow/119.jpg</path>
	<source>
		<database>Unknown</database>
	</source>
	<size>
		<width>800</width>
		<height>600</height>
		<depth>3</depth>
	</size>
	<segmented>0</segmented>
	<object>
		<name>Yellow</name>
		<pose>Unspecified</pose>
		<truncated>0</truncated>
		<difficult>0</difficult>
		<bndbox>
			<xmin>260</xmin>
			<ymin>530</ymin>
			<xmax>272</xmax>
			<ymax>560</ymax>
		</bndbox>
	</object>
	<object>
		<name>Yellow</name>
		<pose>Unspecified</pose>
		<truncated>0</truncated>
		<difficult>0</difficult>
		<bndbox>
			<xmin>375</xmin>
			<ymin>533</ymin>
			<xmax>387</xmax>
			<ymax>563</ymax>
		</bndbox>
	</object>
	<object>
		<name>Yellow</name>
		<pose>Unspecified</pose>
		<truncated>0</truncated>
		<difficult>0</difficult>
		<bndbox>
			<xmin>318</xmin>
			<ymin>532</ymin>
			<xmax>330</xmax>
			<ymax>562</ymax>
		</bndbox>
	</object>
</annotation>
