<annotation>
	<folder>yellow</folder>
	<filename>122.jpg</filename>
	<path>/home/student/catkin_ws/CarND-Capstone/ros/image/yellow/122.jpg</path>
	<source>
		<database>Unknown</database>
	</source>
	<size>
		<width>800</width>
		<height>600</height>
		<depth>3</depth>
	</size>
	<segmented>0</segmented>
	<object>
		<name>Yellow</name>
		<pose>Unspecified</pose>
		<truncated>0</truncated>
		<difficult>0</difficult>
		<bndbox>
			<xmin>375</xmin>
			<ymin>529</ymin>
			<xmax>387</xmax>
			<ymax>561</ymax>
		</bndbox>
	</object>
	<object>
		<name>Yellow</name>
		<pose>Unspecified</pose>
		<truncated>0</truncated>
		<difficult>0</difficult>
		<bndbox>
			<xmin>255</xmin>
			<ymin>527</ymin>
			<xmax>267</xmax>
			<ymax>557</ymax>
		</bndbox>
	</object>
	<object>
		<name>Yellow</name>
		<pose>Unspecified</pose>
		<truncated>0</truncated>
		<difficult>0</difficult>
		<bndbox>
			<xmin>314</xmin>
			<ymin>527</ymin>
			<xmax>329</xmax>
			<ymax>560</ymax>
		</bndbox>
	</object>
</annotation>
