<annotation>
	<folder>yellow</folder>
	<filename>123.jpg</filename>
	<path>/home/student/catkin_ws/CarND-Capstone/ros/image/yellow/123.jpg</path>
	<source>
		<database>Unknown</database>
	</source>
	<size>
		<width>800</width>
		<height>600</height>
		<depth>3</depth>
	</size>
	<segmented>0</segmented>
	<object>
		<name>Yellow</name>
		<pose>Unspecified</pose>
		<truncated>0</truncated>
		<difficult>0</difficult>
		<bndbox>
			<xmin>376</xmin>
			<ymin>527</ymin>
			<xmax>388</xmax>
			<ymax>559</ymax>
		</bndbox>
	</object>
	<object>
		<name>Yellow</name>
		<pose>Unspecified</pose>
		<truncated>0</truncated>
		<difficult>0</difficult>
		<bndbox>
			<xmin>315</xmin>
			<ymin>526</ymin>
			<xmax>327</xmax>
			<ymax>558</ymax>
		</bndbox>
	</object>
	<object>
		<name>Yellow</name>
		<pose>Unspecified</pose>
		<truncated>0</truncated>
		<difficult>0</difficult>
		<bndbox>
			<xmin>254</xmin>
			<ymin>525</ymin>
			<xmax>266</xmax>
			<ymax>557</ymax>
		</bndbox>
	</object>
</annotation>
