<annotation>
	<folder>red</folder>
	<filename>124.jpg</filename>
	<path>/home/student/catkin_ws/CarND-Capstone/ros/image/red/124.jpg</path>
	<source>
		<database>Unknown</database>
	</source>
	<size>
		<width>800</width>
		<height>600</height>
		<depth>3</depth>
	</size>
	<segmented>0</segmented>
	<object>
		<name>Red</name>
		<pose>Unspecified</pose>
		<truncated>0</truncated>
		<difficult>0</difficult>
		<bndbox>
			<xmin>250</xmin>
			<ymin>522</ymin>
			<xmax>266</xmax>
			<ymax>556</ymax>
		</bndbox>
	</object>
	<object>
		<name>Red</name>
		<pose>Unspecified</pose>
		<truncated>0</truncated>
		<difficult>0</difficult>
		<bndbox>
			<xmin>374</xmin>
			<ymin>527</ymin>
			<xmax>389</xmax>
			<ymax>559</ymax>
		</bndbox>
	</object>
	<object>
		<name>Red</name>
		<pose>Unspecified</pose>
		<truncated>0</truncated>
		<difficult>0</difficult>
		<bndbox>
			<xmin>312</xmin>
			<ymin>524</ymin>
			<xmax>328</xmax>
			<ymax>558</ymax>
		</bndbox>
	</object>
</annotation>
