<annotation>
	<folder>green</folder>
	<filename>13.jpg</filename>
	<path>/home/student/catkin_ws/CarND-Capstone/ros/image/green/13.jpg</path>
	<source>
		<database>Unknown</database>
	</source>
	<size>
		<width>800</width>
		<height>600</height>
		<depth>3</depth>
	</size>
	<segmented>0</segmented>
	<object>
		<name>Green</name>
		<pose>Unspecified</pose>
		<truncated>0</truncated>
		<difficult>0</difficult>
		<bndbox>
			<xmin>75</xmin>
			<ymin>183</ymin>
			<xmax>145</xmax>
			<ymax>334</ymax>
		</bndbox>
	</object>
	<object>
		<name>Green</name>
		<pose>Unspecified</pose>
		<truncated>0</truncated>
		<difficult>0</difficult>
		<bndbox>
			<xmin>377</xmin>
			<ymin>188</ymin>
			<xmax>444</xmax>
			<ymax>338</ymax>
		</bndbox>
	</object>
	<object>
		<name>Green</name>
		<pose>Unspecified</pose>
		<truncated>0</truncated>
		<difficult>0</difficult>
		<bndbox>
			<xmin>675</xmin>
			<ymin>192</ymin>
			<xmax>744</xmax>
			<ymax>341</ymax>
		</bndbox>
	</object>
</annotation>
