<annotation>
	<folder>red</folder>
	<filename>130.jpg</filename>
	<path>/home/student/catkin_ws/CarND-Capstone/ros/image/red/130.jpg</path>
	<source>
		<database>Unknown</database>
	</source>
	<size>
		<width>800</width>
		<height>600</height>
		<depth>3</depth>
	</size>
	<segmented>0</segmented>
	<object>
		<name>Red</name>
		<pose>Unspecified</pose>
		<truncated>0</truncated>
		<difficult>0</difficult>
		<bndbox>
			<xmin>239</xmin>
			<ymin>513</ymin>
			<xmax>256</xmax>
			<ymax>549</ymax>
		</bndbox>
	</object>
	<object>
		<name>Red</name>
		<pose>Unspecified</pose>
		<truncated>0</truncated>
		<difficult>0</difficult>
		<bndbox>
			<xmin>376</xmin>
			<ymin>518</ymin>
			<xmax>393</xmax>
			<ymax>554</ymax>
		</bndbox>
	</object>
	<object>
		<name>Red</name>
		<pose>Unspecified</pose>
		<truncated>0</truncated>
		<difficult>0</difficult>
		<bndbox>
			<xmin>307</xmin>
			<ymin>515</ymin>
			<xmax>324</xmax>
			<ymax>551</ymax>
		</bndbox>
	</object>
</annotation>
