<annotation>
	<folder>red</folder>
	<filename>132.jpg</filename>
	<path>/home/student/catkin_ws/CarND-Capstone/ros/image/red/132.jpg</path>
	<source>
		<database>Unknown</database>
	</source>
	<size>
		<width>800</width>
		<height>600</height>
		<depth>3</depth>
	</size>
	<segmented>0</segmented>
	<object>
		<name>Red</name>
		<pose>Unspecified</pose>
		<truncated>0</truncated>
		<difficult>0</difficult>
		<bndbox>
			<xmin>377</xmin>
			<ymin>514</ymin>
			<xmax>394</xmax>
			<ymax>550</ymax>
		</bndbox>
	</object>
	<object>
		<name>Red</name>
		<pose>Unspecified</pose>
		<truncated>0</truncated>
		<difficult>0</difficult>
		<bndbox>
			<xmin>305</xmin>
			<ymin>511</ymin>
			<xmax>322</xmax>
			<ymax>547</ymax>
		</bndbox>
	</object>
	<object>
		<name>Red</name>
		<pose>Unspecified</pose>
		<truncated>0</truncated>
		<difficult>0</difficult>
		<bndbox>
			<xmin>235</xmin>
			<ymin>511</ymin>
			<xmax>252</xmax>
			<ymax>547</ymax>
		</bndbox>
	</object>
</annotation>
