<annotation>
	<folder>red</folder>
	<filename>137.jpg</filename>
	<path>/home/student/catkin_ws/CarND-Capstone/ros/image/red/137.jpg</path>
	<source>
		<database>Unknown</database>
	</source>
	<size>
		<width>800</width>
		<height>600</height>
		<depth>3</depth>
	</size>
	<segmented>0</segmented>
	<object>
		<name>Red</name>
		<pose>Unspecified</pose>
		<truncated>0</truncated>
		<difficult>0</difficult>
		<bndbox>
			<xmin>222</xmin>
			<ymin>499</ymin>
			<xmax>242</xmax>
			<ymax>540</ymax>
		</bndbox>
	</object>
	<object>
		<name>Red</name>
		<pose>Unspecified</pose>
		<truncated>0</truncated>
		<difficult>0</difficult>
		<bndbox>
			<xmin>378</xmin>
			<ymin>504</ymin>
			<xmax>398</xmax>
			<ymax>545</ymax>
		</bndbox>
	</object>
	<object>
		<name>Red</name>
		<pose>Unspecified</pose>
		<truncated>0</truncated>
		<difficult>0</difficult>
		<bndbox>
			<xmin>300</xmin>
			<ymin>501</ymin>
			<xmax>320</xmax>
			<ymax>542</ymax>
		</bndbox>
	</object>
</annotation>
