<annotation>
	<folder>red</folder>
	<filename>140.jpg</filename>
	<path>/home/student/catkin_ws/CarND-Capstone/ros/image/red/140.jpg</path>
	<source>
		<database>Unknown</database>
	</source>
	<size>
		<width>800</width>
		<height>600</height>
		<depth>3</depth>
	</size>
	<segmented>0</segmented>
	<object>
		<name>Red</name>
		<pose>Unspecified</pose>
		<truncated>0</truncated>
		<difficult>0</difficult>
		<bndbox>
			<xmin>213</xmin>
			<ymin>490</ymin>
			<xmax>233</xmax>
			<ymax>536</ymax>
		</bndbox>
	</object>
	<object>
		<name>Red</name>
		<pose>Unspecified</pose>
		<truncated>0</truncated>
		<difficult>0</difficult>
		<bndbox>
			<xmin>379</xmin>
			<ymin>495</ymin>
			<xmax>399</xmax>
			<ymax>541</ymax>
		</bndbox>
	</object>
	<object>
		<name>Red</name>
		<pose>Unspecified</pose>
		<truncated>0</truncated>
		<difficult>0</difficult>
		<bndbox>
			<xmin>297</xmin>
			<ymin>492</ymin>
			<xmax>317</xmax>
			<ymax>538</ymax>
		</bndbox>
	</object>
</annotation>
