<annotation>
	<folder>red</folder>
	<filename>141.jpg</filename>
	<path>/home/student/catkin_ws/CarND-Capstone/ros/image/red/141.jpg</path>
	<source>
		<database>Unknown</database>
	</source>
	<size>
		<width>800</width>
		<height>600</height>
		<depth>3</depth>
	</size>
	<segmented>0</segmented>
	<object>
		<name>Red</name>
		<pose>Unspecified</pose>
		<truncated>0</truncated>
		<difficult>0</difficult>
		<bndbox>
			<xmin>380</xmin>
			<ymin>493</ymin>
			<xmax>400</xmax>
			<ymax>539</ymax>
		</bndbox>
	</object>
	<object>
		<name>Red</name>
		<pose>Unspecified</pose>
		<truncated>0</truncated>
		<difficult>0</difficult>
		<bndbox>
			<xmin>296</xmin>
			<ymin>491</ymin>
			<xmax>316</xmax>
			<ymax>537</ymax>
		</bndbox>
	</object>
	<object>
		<name>Red</name>
		<pose>Unspecified</pose>
		<truncated>0</truncated>
		<difficult>0</difficult>
		<bndbox>
			<xmin>211</xmin>
			<ymin>490</ymin>
			<xmax>231</xmax>
			<ymax>535</ymax>
		</bndbox>
	</object>
</annotation>
