<annotation>
	<folder>red</folder>
	<filename>143.jpg</filename>
	<path>/home/student/catkin_ws/CarND-Capstone/ros/image/red/143.jpg</path>
	<source>
		<database>Unknown</database>
	</source>
	<size>
		<width>800</width>
		<height>600</height>
		<depth>3</depth>
	</size>
	<segmented>0</segmented>
	<object>
		<name>Red</name>
		<pose>Unspecified</pose>
		<truncated>0</truncated>
		<difficult>0</difficult>
		<bndbox>
			<xmin>380</xmin>
			<ymin>490</ymin>
			<xmax>400</xmax>
			<ymax>535</ymax>
		</bndbox>
	</object>
	<object>
		<name>Red</name>
		<pose>Unspecified</pose>
		<truncated>0</truncated>
		<difficult>0</difficult>
		<bndbox>
			<xmin>294</xmin>
			<ymin>488</ymin>
			<xmax>314</xmax>
			<ymax>533</ymax>
		</bndbox>
	</object>
	<object>
		<name>Red</name>
		<pose>Unspecified</pose>
		<truncated>0</truncated>
		<difficult>0</difficult>
		<bndbox>
			<xmin>206</xmin>
			<ymin>485</ymin>
			<xmax>226</xmax>
			<ymax>530</ymax>
		</bndbox>
	</object>
</annotation>
