<annotation>
	<folder>red</folder>
	<filename>151.jpg</filename>
	<path>/home/student/catkin_ws/CarND-Capstone/ros/image/red/151.jpg</path>
	<source>
		<database>Unknown</database>
	</source>
	<size>
		<width>800</width>
		<height>600</height>
		<depth>3</depth>
	</size>
	<segmented>0</segmented>
	<object>
		<name>Red</name>
		<pose>Unspecified</pose>
		<truncated>0</truncated>
		<difficult>0</difficult>
		<bndbox>
			<xmin>185</xmin>
			<ymin>467</ymin>
			<xmax>207</xmax>
			<ymax>517</ymax>
		</bndbox>
	</object>
	<object>
		<name>Red</name>
		<pose>Unspecified</pose>
		<truncated>0</truncated>
		<difficult>0</difficult>
		<bndbox>
			<xmin>383</xmin>
			<ymin>472</ymin>
			<xmax>405</xmax>
			<ymax>522</ymax>
		</bndbox>
	</object>
	<object>
		<name>Red</name>
		<pose>Unspecified</pose>
		<truncated>0</truncated>
		<difficult>0</difficult>
		<bndbox>
			<xmin>284</xmin>
			<ymin>470</ymin>
			<xmax>306</xmax>
			<ymax>520</ymax>
		</bndbox>
	</object>
</annotation>
