<annotation>
	<folder>green</folder>
	<filename>154.jpg</filename>
	<path>/home/student/catkin_ws/CarND-Capstone/ros/image/green/154.jpg</path>
	<source>
		<database>Unknown</database>
	</source>
	<size>
		<width>800</width>
		<height>600</height>
		<depth>3</depth>
	</size>
	<segmented>0</segmented>
	<object>
		<name>Green</name>
		<pose>Unspecified</pose>
		<truncated>0</truncated>
		<difficult>0</difficult>
		<bndbox>
			<xmin>176</xmin>
			<ymin>460</ymin>
			<xmax>200</xmax>
			<ymax>512</ymax>
		</bndbox>
	</object>
	<object>
		<name>Green</name>
		<pose>Unspecified</pose>
		<truncated>0</truncated>
		<difficult>0</difficult>
		<bndbox>
			<xmin>281</xmin>
			<ymin>463</ymin>
			<xmax>305</xmax>
			<ymax>515</ymax>
		</bndbox>
	</object>
	<object>
		<name>Green</name>
		<pose>Unspecified</pose>
		<truncated>0</truncated>
		<difficult>0</difficult>
		<bndbox>
			<xmin>386</xmin>
			<ymin>465</ymin>
			<xmax>410</xmax>
			<ymax>517</ymax>
		</bndbox>
	</object>
</annotation>
