<annotation>
	<folder>green</folder>
	<filename>156.jpg</filename>
	<path>/home/student/catkin_ws/CarND-Capstone/ros/image/green/156.jpg</path>
	<source>
		<database>Unknown</database>
	</source>
	<size>
		<width>800</width>
		<height>600</height>
		<depth>3</depth>
	</size>
	<segmented>0</segmented>
	<object>
		<name>Green</name>
		<pose>Unspecified</pose>
		<truncated>0</truncated>
		<difficult>0</difficult>
		<bndbox>
			<xmin>278</xmin>
			<ymin>457</ymin>
			<xmax>302</xmax>
			<ymax>511</ymax>
		</bndbox>
	</object>
	<object>
		<name>Green</name>
		<pose>Unspecified</pose>
		<truncated>0</truncated>
		<difficult>0</difficult>
		<bndbox>
			<xmin>386</xmin>
			<ymin>460</ymin>
			<xmax>410</xmax>
			<ymax>514</ymax>
		</bndbox>
	</object>
	<object>
		<name>Green</name>
		<pose>Unspecified</pose>
		<truncated>0</truncated>
		<difficult>0</difficult>
		<bndbox>
			<xmin>170</xmin>
			<ymin>453</ymin>
			<xmax>194</xmax>
			<ymax>507</ymax>
		</bndbox>
	</object>
</annotation>
