<annotation>
	<folder>green</folder>
	<filename>157.jpg</filename>
	<path>/home/student/catkin_ws/CarND-Capstone/ros/image/green/157.jpg</path>
	<source>
		<database>Unknown</database>
	</source>
	<size>
		<width>800</width>
		<height>600</height>
		<depth>3</depth>
	</size>
	<segmented>0</segmented>
	<object>
		<name>Green</name>
		<pose>Unspecified</pose>
		<truncated>0</truncated>
		<difficult>0</difficult>
		<bndbox>
			<xmin>276</xmin>
			<ymin>454</ymin>
			<xmax>302</xmax>
			<ymax>511</ymax>
		</bndbox>
	</object>
	<object>
		<name>Green</name>
		<pose>Unspecified</pose>
		<truncated>0</truncated>
		<difficult>0</difficult>
		<bndbox>
			<xmin>386</xmin>
			<ymin>456</ymin>
			<xmax>412</xmax>
			<ymax>513</ymax>
		</bndbox>
	</object>
	<object>
		<name>Green</name>
		<pose>Unspecified</pose>
		<truncated>0</truncated>
		<difficult>0</difficult>
		<bndbox>
			<xmin>166</xmin>
			<ymin>450</ymin>
			<xmax>192</xmax>
			<ymax>508</ymax>
		</bndbox>
	</object>
</annotation>
