<annotation>
	<folder>green</folder>
	<filename>158.jpg</filename>
	<path>/home/student/catkin_ws/CarND-Capstone/ros/image/green/158.jpg</path>
	<source>
		<database>Unknown</database>
	</source>
	<size>
		<width>800</width>
		<height>600</height>
		<depth>3</depth>
	</size>
	<segmented>0</segmented>
	<object>
		<name>Green</name>
		<pose>Unspecified</pose>
		<truncated>0</truncated>
		<difficult>0</difficult>
		<bndbox>
			<xmin>385</xmin>
			<ymin>454</ymin>
			<xmax>411</xmax>
			<ymax>511</ymax>
		</bndbox>
	</object>
	<object>
		<name>Green</name>
		<pose>Unspecified</pose>
		<truncated>0</truncated>
		<difficult>0</difficult>
		<bndbox>
			<xmin>275</xmin>
			<ymin>451</ymin>
			<xmax>301</xmax>
			<ymax>508</ymax>
		</bndbox>
	</object>
	<object>
		<name>Green</name>
		<pose>Unspecified</pose>
		<truncated>0</truncated>
		<difficult>0</difficult>
		<bndbox>
			<xmin>164</xmin>
			<ymin>448</ymin>
			<xmax>190</xmax>
			<ymax>505</ymax>
		</bndbox>
	</object>
</annotation>
