<annotation>
	<folder>green</folder>
	<filename>164.jpg</filename>
	<path>/home/student/catkin_ws/CarND-Capstone/ros/image/green/164.jpg</path>
	<source>
		<database>Unknown</database>
	</source>
	<size>
		<width>800</width>
		<height>600</height>
		<depth>3</depth>
	</size>
	<segmented>0</segmented>
	<object>
		<name>Green</name>
		<pose>Unspecified</pose>
		<truncated>0</truncated>
		<difficult>0</difficult>
		<bndbox>
			<xmin>387</xmin>
			<ymin>441</ymin>
			<xmax>415</xmax>
			<ymax>502</ymax>
		</bndbox>
	</object>
	<object>
		<name>Green</name>
		<pose>Unspecified</pose>
		<truncated>0</truncated>
		<difficult>0</difficult>
		<bndbox>
			<xmin>267</xmin>
			<ymin>438</ymin>
			<xmax>295</xmax>
			<ymax>499</ymax>
		</bndbox>
	</object>
	<object>
		<name>Green</name>
		<pose>Unspecified</pose>
		<truncated>0</truncated>
		<difficult>0</difficult>
		<bndbox>
			<xmin>146</xmin>
			<ymin>433</ymin>
			<xmax>174</xmax>
			<ymax>494</ymax>
		</bndbox>
	</object>
</annotation>
