<annotation>
	<folder>green</folder>
	<filename>167.jpg</filename>
	<path>/home/student/catkin_ws/CarND-Capstone/ros/image/green/167.jpg</path>
	<source>
		<database>Unknown</database>
	</source>
	<size>
		<width>800</width>
		<height>600</height>
		<depth>3</depth>
	</size>
	<segmented>0</segmented>
	<object>
		<name>Green</name>
		<pose>Unspecified</pose>
		<truncated>0</truncated>
		<difficult>0</difficult>
		<bndbox>
			<xmin>134</xmin>
			<ymin>423</ymin>
			<xmax>163</xmax>
			<ymax>488</ymax>
		</bndbox>
	</object>
	<object>
		<name>Green</name>
		<pose>Unspecified</pose>
		<truncated>0</truncated>
		<difficult>0</difficult>
		<bndbox>
			<xmin>390</xmin>
			<ymin>430</ymin>
			<xmax>419</xmax>
			<ymax>495</ymax>
		</bndbox>
	</object>
	<object>
		<name>Green</name>
		<pose>Unspecified</pose>
		<truncated>0</truncated>
		<difficult>0</difficult>
		<bndbox>
			<xmin>262</xmin>
			<ymin>426</ymin>
			<xmax>291</xmax>
			<ymax>491</ymax>
		</bndbox>
	</object>
</annotation>
