<annotation>
	<folder>green</folder>
	<filename>168.jpg</filename>
	<path>/home/student/catkin_ws/CarND-Capstone/ros/image/green/168.jpg</path>
	<source>
		<database>Unknown</database>
	</source>
	<size>
		<width>800</width>
		<height>600</height>
		<depth>3</depth>
	</size>
	<segmented>0</segmented>
	<object>
		<name>Green</name>
		<pose>Unspecified</pose>
		<truncated>0</truncated>
		<difficult>0</difficult>
		<bndbox>
			<xmin>129</xmin>
			<ymin>418</ymin>
			<xmax>160</xmax>
			<ymax>487</ymax>
		</bndbox>
	</object>
	<object>
		<name>Green</name>
		<pose>Unspecified</pose>
		<truncated>0</truncated>
		<difficult>0</difficult>
		<bndbox>
			<xmin>390</xmin>
			<ymin>427</ymin>
			<xmax>421</xmax>
			<ymax>496</ymax>
		</bndbox>
	</object>
	<object>
		<name>Green</name>
		<pose>Unspecified</pose>
		<truncated>0</truncated>
		<difficult>0</difficult>
		<bndbox>
			<xmin>260</xmin>
			<ymin>422</ymin>
			<xmax>291</xmax>
			<ymax>491</ymax>
		</bndbox>
	</object>
</annotation>
