<annotation>
	<folder>yellow</folder>
	<filename>173.jpg</filename>
	<path>/home/student/catkin_ws/CarND-Capstone/ros/image/yellow/173.jpg</path>
	<source>
		<database>Unknown</database>
	</source>
	<size>
		<width>800</width>
		<height>600</height>
		<depth>3</depth>
	</size>
	<segmented>0</segmented>
	<object>
		<name>Yellow</name>
		<pose>Unspecified</pose>
		<truncated>0</truncated>
		<difficult>0</difficult>
		<bndbox>
			<xmin>87</xmin>
			<ymin>386</ymin>
			<xmax>123</xmax>
			<ymax>465</ymax>
		</bndbox>
	</object>
	<object>
		<name>Yellow</name>
		<pose>Unspecified</pose>
		<truncated>0</truncated>
		<difficult>0</difficult>
		<bndbox>
			<xmin>394</xmin>
			<ymin>395</ymin>
			<xmax>430</xmax>
			<ymax>474</ymax>
		</bndbox>
	</object>
	<object>
		<name>Yellow</name>
		<pose>Unspecified</pose>
		<truncated>0</truncated>
		<difficult>0</difficult>
		<bndbox>
			<xmin>241</xmin>
			<ymin>392</ymin>
			<xmax>277</xmax>
			<ymax>471</ymax>
		</bndbox>
	</object>
</annotation>
