<annotation>
	<folder>yellow</folder>
	<filename>175.jpg</filename>
	<path>/home/student/catkin_ws/CarND-Capstone/ros/image/yellow/175.jpg</path>
	<source>
		<database>Unknown</database>
	</source>
	<size>
		<width>800</width>
		<height>600</height>
		<depth>3</depth>
	</size>
	<segmented>0</segmented>
	<object>
		<name>Yellow</name>
		<pose>Unspecified</pose>
		<truncated>0</truncated>
		<difficult>0</difficult>
		<bndbox>
			<xmin>395</xmin>
			<ymin>392</ymin>
			<xmax>431</xmax>
			<ymax>471</ymax>
		</bndbox>
	</object>
	<object>
		<name>Yellow</name>
		<pose>Unspecified</pose>
		<truncated>0</truncated>
		<difficult>0</difficult>
		<bndbox>
			<xmin>240</xmin>
			<ymin>388</ymin>
			<xmax>276</xmax>
			<ymax>467</ymax>
		</bndbox>
	</object>
	<object>
		<name>Yellow</name>
		<pose>Unspecified</pose>
		<truncated>0</truncated>
		<difficult>0</difficult>
		<bndbox>
			<xmin>82</xmin>
			<ymin>385</ymin>
			<xmax>118</xmax>
			<ymax>464</ymax>
		</bndbox>
	</object>
</annotation>
