<annotation>
	<folder>yellow</folder>
	<filename>178.jpg</filename>
	<path>/home/student/catkin_ws/CarND-Capstone/ros/image/yellow/178.jpg</path>
	<source>
		<database>Unknown</database>
	</source>
	<size>
		<width>800</width>
		<height>600</height>
		<depth>3</depth>
	</size>
	<segmented>0</segmented>
	<object>
		<name>Yellow</name>
		<pose>Unspecified</pose>
		<truncated>0</truncated>
		<difficult>0</difficult>
		<bndbox>
			<xmin>398</xmin>
			<ymin>383</ymin>
			<xmax>436</xmax>
			<ymax>465</ymax>
		</bndbox>
	</object>
	<object>
		<name>Yellow</name>
		<pose>Unspecified</pose>
		<truncated>0</truncated>
		<difficult>0</difficult>
		<bndbox>
			<xmin>232</xmin>
			<ymin>378</ymin>
			<xmax>270</xmax>
			<ymax>460</ymax>
		</bndbox>
	</object>
	<object>
		<name>Yellow</name>
		<pose>Unspecified</pose>
		<truncated>0</truncated>
		<difficult>0</difficult>
		<bndbox>
			<xmin>66</xmin>
			<ymin>373</ymin>
			<xmax>104</xmax>
			<ymax>455</ymax>
		</bndbox>
	</object>
</annotation>
