<annotation>
	<folder>red</folder>
	<filename>187.jpg</filename>
	<path>/home/student/catkin_ws/CarND-Capstone/ros/image/red/187.jpg</path>
	<source>
		<database>Unknown</database>
	</source>
	<size>
		<width>800</width>
		<height>600</height>
		<depth>3</depth>
	</size>
	<segmented>0</segmented>
	<object>
		<name>Red</name>
		<pose>Unspecified</pose>
		<truncated>0</truncated>
		<difficult>0</difficult>
		<bndbox>
			<xmin>216</xmin>
			<ymin>349</ymin>
			<xmax>257</xmax>
			<ymax>445</ymax>
		</bndbox>
	</object>
	<object>
		<name>Red</name>
		<pose>Unspecified</pose>
		<truncated>0</truncated>
		<difficult>0</difficult>
		<bndbox>
			<xmin>403</xmin>
			<ymin>355</ymin>
			<xmax>444</xmax>
			<ymax>451</ymax>
		</bndbox>
	</object>
	<object>
		<name>Red</name>
		<pose>Unspecified</pose>
		<truncated>0</truncated>
		<difficult>0</difficult>
		<bndbox>
			<xmin>24</xmin>
			<ymin>343</ymin>
			<xmax>65</xmax>
			<ymax>439</ymax>
		</bndbox>
	</object>
</annotation>
