<annotation>
	<folder>red</folder>
	<filename>190.jpg</filename>
	<path>/home/student/catkin_ws/CarND-Capstone/ros/image/red/190.jpg</path>
	<source>
		<database>Unknown</database>
	</source>
	<size>
		<width>800</width>
		<height>600</height>
		<depth>3</depth>
	</size>
	<segmented>0</segmented>
	<object>
		<name>Red</name>
		<pose>Unspecified</pose>
		<truncated>0</truncated>
		<difficult>0</difficult>
		<bndbox>
			<xmin>403</xmin>
			<ymin>348</ymin>
			<xmax>448</xmax>
			<ymax>443</ymax>
		</bndbox>
	</object>
	<object>
		<name>Red</name>
		<pose>Unspecified</pose>
		<truncated>0</truncated>
		<difficult>0</difficult>
		<bndbox>
			<xmin>210</xmin>
			<ymin>342</ymin>
			<xmax>254</xmax>
			<ymax>439</ymax>
		</bndbox>
	</object>
	<object>
		<name>Red</name>
		<pose>Unspecified</pose>
		<truncated>0</truncated>
		<difficult>0</difficult>
		<bndbox>
			<xmin>13</xmin>
			<ymin>336</ymin>
			<xmax>57</xmax>
			<ymax>434</ymax>
		</bndbox>
	</object>
</annotation>
