<annotation>
	<folder>red</folder>
	<filename>191.jpg</filename>
	<path>/home/student/catkin_ws/CarND-Capstone/ros/image/red/191.jpg</path>
	<source>
		<database>Unknown</database>
	</source>
	<size>
		<width>800</width>
		<height>600</height>
		<depth>3</depth>
	</size>
	<segmented>0</segmented>
	<object>
		<name>Red</name>
		<pose>Unspecified</pose>
		<truncated>0</truncated>
		<difficult>0</difficult>
		<bndbox>
			<xmin>11</xmin>
			<ymin>332</ymin>
			<xmax>57</xmax>
			<ymax>432</ymax>
		</bndbox>
	</object>
	<object>
		<name>Red</name>
		<pose>Unspecified</pose>
		<truncated>0</truncated>
		<difficult>0</difficult>
		<bndbox>
			<xmin>403</xmin>
			<ymin>344</ymin>
			<xmax>449</xmax>
			<ymax>444</ymax>
		</bndbox>
	</object>
	<object>
		<name>Red</name>
		<pose>Unspecified</pose>
		<truncated>0</truncated>
		<difficult>0</difficult>
		<bndbox>
			<xmin>208</xmin>
			<ymin>339</ymin>
			<xmax>254</xmax>
			<ymax>439</ymax>
		</bndbox>
	</object>
</annotation>
