<annotation>
	<folder>red</folder>
	<filename>198.jpg</filename>
	<path>/home/student/catkin_ws/CarND-Capstone/ros/image/red/198.jpg</path>
	<source>
		<database>Unknown</database>
	</source>
	<size>
		<width>800</width>
		<height>600</height>
		<depth>3</depth>
	</size>
	<segmented>0</segmented>
	<object>
		<name>Red</name>
		<pose>Unspecified</pose>
		<truncated>0</truncated>
		<difficult>0</difficult>
		<bndbox>
			<xmin>455</xmin>
			<ymin>311</ymin>
			<xmax>505</xmax>
			<ymax>420</ymax>
		</bndbox>
	</object>
	<object>
		<name>Red</name>
		<pose>Unspecified</pose>
		<truncated>0</truncated>
		<difficult>0</difficult>
		<bndbox>
			<xmin>237</xmin>
			<ymin>302</ymin>
			<xmax>287</xmax>
			<ymax>411</ymax>
		</bndbox>
	</object>
	<object>
		<name>Red</name>
		<pose>Unspecified</pose>
		<truncated>0</truncated>
		<difficult>0</difficult>
		<bndbox>
			<xmin>15</xmin>
			<ymin>295</ymin>
			<xmax>65</xmax>
			<ymax>404</ymax>
		</bndbox>
	</object>
</annotation>
