<annotation>
	<folder>green</folder>
	<filename>208.jpg</filename>
	<path>/home/student/catkin_ws/CarND-Capstone/ros/image/green/208.jpg</path>
	<source>
		<database>Unknown</database>
	</source>
	<size>
		<width>800</width>
		<height>600</height>
		<depth>3</depth>
	</size>
	<segmented>0</segmented>
	<object>
		<name>Green</name>
		<pose>Unspecified</pose>
		<truncated>0</truncated>
		<difficult>0</difficult>
		<bndbox>
			<xmin>14</xmin>
			<ymin>292</ymin>
			<xmax>65</xmax>
			<ymax>403</ymax>
		</bndbox>
	</object>
	<object>
		<name>Green</name>
		<pose>Unspecified</pose>
		<truncated>0</truncated>
		<difficult>0</difficult>
		<bndbox>
			<xmin>455</xmin>
			<ymin>308</ymin>
			<xmax>506</xmax>
			<ymax>419</ymax>
		</bndbox>
	</object>
	<object>
		<name>Green</name>
		<pose>Unspecified</pose>
		<truncated>0</truncated>
		<difficult>0</difficult>
		<bndbox>
			<xmin>236</xmin>
			<ymin>300</ymin>
			<xmax>287</xmax>
			<ymax>411</ymax>
		</bndbox>
	</object>
</annotation>
