<annotation>
	<folder>green</folder>
	<filename>209.jpg</filename>
	<path>/home/student/catkin_ws/CarND-Capstone/ros/image/green/209.jpg</path>
	<source>
		<database>Unknown</database>
	</source>
	<size>
		<width>800</width>
		<height>600</height>
		<depth>3</depth>
	</size>
	<segmented>0</segmented>
	<object>
		<name>Green</name>
		<pose>Unspecified</pose>
		<truncated>0</truncated>
		<difficult>0</difficult>
		<bndbox>
			<xmin>11</xmin>
			<ymin>287</ymin>
			<xmax>62</xmax>
			<ymax>398</ymax>
		</bndbox>
	</object>
	<object>
		<name>Green</name>
		<pose>Unspecified</pose>
		<truncated>0</truncated>
		<difficult>0</difficult>
		<bndbox>
			<xmin>454</xmin>
			<ymin>302</ymin>
			<xmax>505</xmax>
			<ymax>413</ymax>
		</bndbox>
	</object>
	<object>
		<name>Green</name>
		<pose>Unspecified</pose>
		<truncated>0</truncated>
		<difficult>0</difficult>
		<bndbox>
			<xmin>234</xmin>
			<ymin>295</ymin>
			<xmax>285</xmax>
			<ymax>406</ymax>
		</bndbox>
	</object>
</annotation>
