<annotation>
	<folder>green</folder>
	<filename>211.jpg</filename>
	<path>/home/student/catkin_ws/CarND-Capstone/ros/image/green/211.jpg</path>
	<source>
		<database>Unknown</database>
	</source>
	<size>
		<width>800</width>
		<height>600</height>
		<depth>3</depth>
	</size>
	<segmented>0</segmented>
	<object>
		<name>Green</name>
		<pose>Unspecified</pose>
		<truncated>0</truncated>
		<difficult>0</difficult>
		<bndbox>
			<xmin>206</xmin>
			<ymin>224</ymin>
			<xmax>267</xmax>
			<ymax>362</ymax>
		</bndbox>
	</object>
	<object>
		<name>Green</name>
		<pose>Unspecified</pose>
		<truncated>0</truncated>
		<difficult>0</difficult>
		<bndbox>
			<xmin>477</xmin>
			<ymin>235</ymin>
			<xmax>538</xmax>
			<ymax>368</ymax>
		</bndbox>
	</object>
</annotation>
