<annotation>
	<folder>green</folder>
	<filename>212.jpg</filename>
	<path>/home/student/catkin_ws/CarND-Capstone/ros/image/green/212.jpg</path>
	<source>
		<database>Unknown</database>
	</source>
	<size>
		<width>800</width>
		<height>600</height>
		<depth>3</depth>
	</size>
	<segmented>0</segmented>
	<object>
		<name>Green</name>
		<pose>Unspecified</pose>
		<truncated>0</truncated>
		<difficult>0</difficult>
		<bndbox>
			<xmin>177</xmin>
			<ymin>147</ymin>
			<xmax>252</xmax>
			<ymax>308</ymax>
		</bndbox>
	</object>
	<object>
		<name>Green</name>
		<pose>Unspecified</pose>
		<truncated>0</truncated>
		<difficult>0</difficult>
		<bndbox>
			<xmin>497</xmin>
			<ymin>159</ymin>
			<xmax>572</xmax>
			<ymax>320</ymax>
		</bndbox>
	</object>
</annotation>
