<annotation>
	<folder>yellow</folder>
	<filename>27.jpg</filename>
	<path>/home/student/catkin_ws/CarND-Capstone/ros/image/yellow/27.jpg</path>
	<source>
		<database>Unknown</database>
	</source>
	<size>
		<width>800</width>
		<height>600</height>
		<depth>3</depth>
	</size>
	<segmented>0</segmented>
	<object>
		<name>Yellow</name>
		<pose>Unspecified</pose>
		<truncated>1</truncated>
		<difficult>0</difficult>
		<bndbox>
			<xmin>635</xmin>
			<ymin>587</ymin>
			<xmax>643</xmax>
			<ymax>600</ymax>
		</bndbox>
	</object>
	<object>
		<name>Yellow</name>
		<pose>Unspecified</pose>
		<truncated>1</truncated>
		<difficult>0</difficult>
		<bndbox>
			<xmin>660</xmin>
			<ymin>586</ymin>
			<xmax>666</xmax>
			<ymax>600</ymax>
		</bndbox>
	</object>
	<object>
		<name>Yellow</name>
		<pose>Unspecified</pose>
		<truncated>1</truncated>
		<difficult>0</difficult>
		<bndbox>
			<xmin>686</xmin>
			<ymin>590</ymin>
			<xmax>692</xmax>
			<ymax>600</ymax>
		</bndbox>
	</object>
</annotation>
