<annotation>
	<folder>yellow</folder>
	<filename>28.jpg</filename>
	<path>/home/student/catkin_ws/CarND-Capstone/ros/image/yellow/28.jpg</path>
	<source>
		<database>Unknown</database>
	</source>
	<size>
		<width>800</width>
		<height>600</height>
		<depth>3</depth>
	</size>
	<segmented>0</segmented>
	<object>
		<name>Yellow</name>
		<pose>Unspecified</pose>
		<truncated>1</truncated>
		<difficult>0</difficult>
		<bndbox>
			<xmin>638</xmin>
			<ymin>586</ymin>
			<xmax>645</xmax>
			<ymax>600</ymax>
		</bndbox>
	</object>
	<object>
		<name>Yellow</name>
		<pose>Unspecified</pose>
		<truncated>1</truncated>
		<difficult>0</difficult>
		<bndbox>
			<xmin>663</xmin>
			<ymin>586</ymin>
			<xmax>671</xmax>
			<ymax>600</ymax>
		</bndbox>
	</object>
	<object>
		<name>Yellow</name>
		<pose>Unspecified</pose>
		<truncated>1</truncated>
		<difficult>0</difficult>
		<bndbox>
			<xmin>689</xmin>
			<ymin>586</ymin>
			<xmax>697</xmax>
			<ymax>600</ymax>
		</bndbox>
	</object>
</annotation>
