<annotation>
	<folder>yellow</folder>
	<filename>29.jpg</filename>
	<path>/home/student/catkin_ws/CarND-Capstone/ros/image/yellow/29.jpg</path>
	<source>
		<database>Unknown</database>
	</source>
	<size>
		<width>800</width>
		<height>600</height>
		<depth>3</depth>
	</size>
	<segmented>0</segmented>
	<object>
		<name>Yellow</name>
		<pose>Unspecified</pose>
		<truncated>0</truncated>
		<difficult>0</difficult>
		<bndbox>
			<xmin>640</xmin>
			<ymin>583</ymin>
			<xmax>648</xmax>
			<ymax>598</ymax>
		</bndbox>
	</object>
	<object>
		<name>Yellow</name>
		<pose>Unspecified</pose>
		<truncated>0</truncated>
		<difficult>0</difficult>
		<bndbox>
			<xmin>666</xmin>
			<ymin>583</ymin>
			<xmax>673</xmax>
			<ymax>597</ymax>
		</bndbox>
	</object>
	<object>
		<name>Yellow</name>
		<pose>Unspecified</pose>
		<truncated>0</truncated>
		<difficult>0</difficult>
		<bndbox>
			<xmin>691</xmin>
			<ymin>584</ymin>
			<xmax>697</xmax>
			<ymax>597</ymax>
		</bndbox>
	</object>
</annotation>
