<annotation>
	<folder>yellow</folder>
	<filename>30.jpg</filename>
	<path>/home/student/catkin_ws/CarND-Capstone/ros/image/yellow/30.jpg</path>
	<source>
		<database>Unknown</database>
	</source>
	<size>
		<width>800</width>
		<height>600</height>
		<depth>3</depth>
	</size>
	<segmented>0</segmented>
	<object>
		<name>Yellow</name>
		<pose>Unspecified</pose>
		<truncated>0</truncated>
		<difficult>0</difficult>
		<bndbox>
			<xmin>642</xmin>
			<ymin>569</ymin>
			<xmax>649</xmax>
			<ymax>587</ymax>
		</bndbox>
	</object>
	<object>
		<name>Yellow</name>
		<pose>Unspecified</pose>
		<truncated>0</truncated>
		<difficult>0</difficult>
		<bndbox>
			<xmin>668</xmin>
			<ymin>571</ymin>
			<xmax>675</xmax>
			<ymax>586</ymax>
		</bndbox>
	</object>
	<object>
		<name>Yellow</name>
		<pose>Unspecified</pose>
		<truncated>0</truncated>
		<difficult>0</difficult>
		<bndbox>
			<xmin>695</xmin>
			<ymin>571</ymin>
			<xmax>701</xmax>
			<ymax>588</ymax>
		</bndbox>
	</object>
</annotation>
