<annotation>
	<folder>red</folder>
	<filename>40.jpg</filename>
	<path>/home/student/catkin_ws/CarND-Capstone/ros/image/red/40.jpg</path>
	<source>
		<database>Unknown</database>
	</source>
	<size>
		<width>800</width>
		<height>600</height>
		<depth>3</depth>
	</size>
	<segmented>0</segmented>
	<object>
		<name>Red</name>
		<pose>Unspecified</pose>
		<truncated>0</truncated>
		<difficult>0</difficult>
		<bndbox>
			<xmin>533</xmin>
			<ymin>578</ymin>
			<xmax>541</xmax>
			<ymax>594</ymax>
		</bndbox>
	</object>
	<object>
		<name>Red</name>
		<pose>Unspecified</pose>
		<truncated>0</truncated>
		<difficult>0</difficult>
		<bndbox>
			<xmin>559</xmin>
			<ymin>578</ymin>
			<xmax>568</xmax>
			<ymax>594</ymax>
		</bndbox>
	</object>
	<object>
		<name>Red</name>
		<pose>Unspecified</pose>
		<truncated>0</truncated>
		<difficult>0</difficult>
		<bndbox>
			<xmin>587</xmin>
			<ymin>577</ymin>
			<xmax>595</xmax>
			<ymax>595</ymax>
		</bndbox>
	</object>
</annotation>
