<annotation>
	<folder>red</folder>
	<filename>46.jpg</filename>
	<path>/home/student/catkin_ws/CarND-Capstone/ros/image/red/46.jpg</path>
	<source>
		<database>Unknown</database>
	</source>
	<size>
		<width>800</width>
		<height>600</height>
		<depth>3</depth>
	</size>
	<segmented>0</segmented>
	<object>
		<name>Red</name>
		<pose>Unspecified</pose>
		<truncated>0</truncated>
		<difficult>0</difficult>
		<bndbox>
			<xmin>629</xmin>
			<ymin>580</ymin>
			<xmax>638</xmax>
			<ymax>598</ymax>
		</bndbox>
	</object>
	<object>
		<name>Red</name>
		<pose>Unspecified</pose>
		<truncated>0</truncated>
		<difficult>0</difficult>
		<bndbox>
			<xmin>657</xmin>
			<ymin>581</ymin>
			<xmax>666</xmax>
			<ymax>599</ymax>
		</bndbox>
	</object>
	<object>
		<name>Red</name>
		<pose>Unspecified</pose>
		<truncated>0</truncated>
		<difficult>0</difficult>
		<bndbox>
			<xmin>684</xmin>
			<ymin>581</ymin>
			<xmax>694</xmax>
			<ymax>599</ymax>
		</bndbox>
	</object>
</annotation>
