<annotation>
	<folder>red</folder>
	<filename>49.jpg</filename>
	<path>/home/student/catkin_ws/CarND-Capstone/ros/image/red/49.jpg</path>
	<source>
		<database>Unknown</database>
	</source>
	<size>
		<width>800</width>
		<height>600</height>
		<depth>3</depth>
	</size>
	<segmented>0</segmented>
	<object>
		<name>Red</name>
		<pose>Unspecified</pose>
		<truncated>0</truncated>
		<difficult>0</difficult>
		<bndbox>
			<xmin>634</xmin>
			<ymin>581</ymin>
			<xmax>642</xmax>
			<ymax>597</ymax>
		</bndbox>
	</object>
	<object>
		<name>Red</name>
		<pose>Unspecified</pose>
		<truncated>0</truncated>
		<difficult>0</difficult>
		<bndbox>
			<xmin>662</xmin>
			<ymin>580</ymin>
			<xmax>671</xmax>
			<ymax>599</ymax>
		</bndbox>
	</object>
	<object>
		<name>Red</name>
		<pose>Unspecified</pose>
		<truncated>0</truncated>
		<difficult>0</difficult>
		<bndbox>
			<xmin>689</xmin>
			<ymin>580</ymin>
			<xmax>700</xmax>
			<ymax>599</ymax>
		</bndbox>
	</object>
</annotation>
