<annotation>
	<folder>red</folder>
	<filename>50.jpg</filename>
	<path>/home/student/catkin_ws/CarND-Capstone/ros/image/red/50.jpg</path>
	<source>
		<database>Unknown</database>
	</source>
	<size>
		<width>800</width>
		<height>600</height>
		<depth>3</depth>
	</size>
	<segmented>0</segmented>
	<object>
		<name>Red</name>
		<pose>Unspecified</pose>
		<truncated>0</truncated>
		<difficult>0</difficult>
		<bndbox>
			<xmin>635</xmin>
			<ymin>582</ymin>
			<xmax>643</xmax>
			<ymax>599</ymax>
		</bndbox>
	</object>
	<object>
		<name>Red</name>
		<pose>Unspecified</pose>
		<truncated>0</truncated>
		<difficult>0</difficult>
		<bndbox>
			<xmin>664</xmin>
			<ymin>580</ymin>
			<xmax>673</xmax>
			<ymax>599</ymax>
		</bndbox>
	</object>
	<object>
		<name>Red</name>
		<pose>Unspecified</pose>
		<truncated>0</truncated>
		<difficult>0</difficult>
		<bndbox>
			<xmin>693</xmin>
			<ymin>581</ymin>
			<xmax>701</xmax>
			<ymax>599</ymax>
		</bndbox>
	</object>
</annotation>
