<annotation>
	<folder>green</folder>
	<filename>67.jpg</filename>
	<path>/home/student/catkin_ws/CarND-Capstone/ros/image/green/67.jpg</path>
	<source>
		<database>Unknown</database>
	</source>
	<size>
		<width>800</width>
		<height>600</height>
		<depth>3</depth>
	</size>
	<segmented>0</segmented>
	<object>
		<name>Green</name>
		<pose>Unspecified</pose>
		<truncated>0</truncated>
		<difficult>0</difficult>
		<bndbox>
			<xmin>480</xmin>
			<ymin>569</ymin>
			<xmax>489</xmax>
			<ymax>590</ymax>
		</bndbox>
	</object>
	<object>
		<name>Green</name>
		<pose>Unspecified</pose>
		<truncated>0</truncated>
		<difficult>0</difficult>
		<bndbox>
			<xmin>549</xmin>
			<ymin>568</ymin>
			<xmax>558</xmax>
			<ymax>590</ymax>
		</bndbox>
	</object>
	<object>
		<name>Green</name>
		<pose>Unspecified</pose>
		<truncated>0</truncated>
		<difficult>0</difficult>
		<bndbox>
			<xmin>514</xmin>
			<ymin>569</ymin>
			<xmax>523</xmax>
			<ymax>589</ymax>
		</bndbox>
	</object>
</annotation>
