<annotation>
	<folder>red</folder>
	<filename>7.jpg</filename>
	<path>/home/student/catkin_ws/CarND-Capstone/ros/image/red/7.jpg</path>
	<source>
		<database>Unknown</database>
	</source>
	<size>
		<width>800</width>
		<height>600</height>
		<depth>3</depth>
	</size>
	<segmented>0</segmented>
	<object>
		<name>Red</name>
		<pose>Unspecified</pose>
		<truncated>0</truncated>
		<difficult>0</difficult>
		<bndbox>
			<xmin>621</xmin>
			<ymin>267</ymin>
			<xmax>679</xmax>
			<ymax>391</ymax>
		</bndbox>
	</object>
	<object>
		<name>Red</name>
		<pose>Unspecified</pose>
		<truncated>0</truncated>
		<difficult>0</difficult>
		<bndbox>
			<xmin>372</xmin>
			<ymin>263</ymin>
			<xmax>430</xmax>
			<ymax>387</ymax>
		</bndbox>
	</object>
	<object>
		<name>Red</name>
		<pose>Unspecified</pose>
		<truncated>0</truncated>
		<difficult>0</difficult>
		<bndbox>
			<xmin>126</xmin>
			<ymin>258</ymin>
			<xmax>184</xmax>
			<ymax>382</ymax>
		</bndbox>
	</object>
</annotation>
