<annotation>
	<folder>yellow</folder>
	<filename>70.jpg</filename>
	<path>/home/student/catkin_ws/CarND-Capstone/ros/image/yellow/70.jpg</path>
	<source>
		<database>Unknown</database>
	</source>
	<size>
		<width>800</width>
		<height>600</height>
		<depth>3</depth>
	</size>
	<segmented>0</segmented>
	<object>
		<name>Yellow</name>
		<pose>Unspecified</pose>
		<truncated>0</truncated>
		<difficult>0</difficult>
		<bndbox>
			<xmin>401</xmin>
			<ymin>568</ymin>
			<xmax>409</xmax>
			<ymax>587</ymax>
		</bndbox>
	</object>
	<object>
		<name>Yellow</name>
		<pose>Unspecified</pose>
		<truncated>0</truncated>
		<difficult>0</difficult>
		<bndbox>
			<xmin>435</xmin>
			<ymin>566</ymin>
			<xmax>444</xmax>
			<ymax>588</ymax>
		</bndbox>
	</object>
	<object>
		<name>Yellow</name>
		<pose>Unspecified</pose>
		<truncated>0</truncated>
		<difficult>0</difficult>
		<bndbox>
			<xmin>471</xmin>
			<ymin>569</ymin>
			<xmax>479</xmax>
			<ymax>587</ymax>
		</bndbox>
	</object>
</annotation>
