<annotation>
	<folder>yellow</folder>
	<filename>73.jpg</filename>
	<path>/home/student/catkin_ws/CarND-Capstone/ros/image/yellow/73.jpg</path>
	<source>
		<database>Unknown</database>
	</source>
	<size>
		<width>800</width>
		<height>600</height>
		<depth>3</depth>
	</size>
	<segmented>0</segmented>
	<object>
		<name>Yellow</name>
		<pose>Unspecified</pose>
		<truncated>0</truncated>
		<difficult>0</difficult>
		<bndbox>
			<xmin>427</xmin>
			<ymin>566</ymin>
			<xmax>435</xmax>
			<ymax>587</ymax>
		</bndbox>
	</object>
	<object>
		<name>Yellow</name>
		<pose>Unspecified</pose>
		<truncated>0</truncated>
		<difficult>0</difficult>
		<bndbox>
			<xmin>462</xmin>
			<ymin>566</ymin>
			<xmax>471</xmax>
			<ymax>588</ymax>
		</bndbox>
	</object>
	<object>
		<name>Yellow</name>
		<pose>Unspecified</pose>
		<truncated>0</truncated>
		<difficult>0</difficult>
		<bndbox>
			<xmin>498</xmin>
			<ymin>569</ymin>
			<xmax>506</xmax>
			<ymax>589</ymax>
		</bndbox>
	</object>
</annotation>
