<annotation>
	<folder>red</folder>
	<filename>77.jpg</filename>
	<path>/home/student/catkin_ws/CarND-Capstone/ros/image/red/77.jpg</path>
	<source>
		<database>Unknown</database>
	</source>
	<size>
		<width>800</width>
		<height>600</height>
		<depth>3</depth>
	</size>
	<segmented>0</segmented>
	<object>
		<name>Red</name>
		<pose>Unspecified</pose>
		<truncated>0</truncated>
		<difficult>0</difficult>
		<bndbox>
			<xmin>428</xmin>
			<ymin>562</ymin>
			<xmax>441</xmax>
			<ymax>585</ymax>
		</bndbox>
	</object>
	<object>
		<name>Red</name>
		<pose>Unspecified</pose>
		<truncated>0</truncated>
		<difficult>0</difficult>
		<bndbox>
			<xmin>467</xmin>
			<ymin>561</ymin>
			<xmax>478</xmax>
			<ymax>585</ymax>
		</bndbox>
	</object>
	<object>
		<name>Red</name>
		<pose>Unspecified</pose>
		<truncated>0</truncated>
		<difficult>0</difficult>
		<bndbox>
			<xmin>504</xmin>
			<ymin>562</ymin>
			<xmax>514</xmax>
			<ymax>585</ymax>
		</bndbox>
	</object>
</annotation>
