<annotation>
	<folder>red</folder>
	<filename>81.jpg</filename>
	<path>/home/student/catkin_ws/CarND-Capstone/ros/image/red/81.jpg</path>
	<source>
		<database>Unknown</database>
	</source>
	<size>
		<width>800</width>
		<height>600</height>
		<depth>3</depth>
	</size>
	<segmented>0</segmented>
	<object>
		<name>Red</name>
		<pose>Unspecified</pose>
		<truncated>0</truncated>
		<difficult>0</difficult>
		<bndbox>
			<xmin>429</xmin>
			<ymin>562</ymin>
			<xmax>440</xmax>
			<ymax>585</ymax>
		</bndbox>
	</object>
	<object>
		<name>Red</name>
		<pose>Unspecified</pose>
		<truncated>0</truncated>
		<difficult>0</difficult>
		<bndbox>
			<xmin>467</xmin>
			<ymin>563</ymin>
			<xmax>477</xmax>
			<ymax>586</ymax>
		</bndbox>
	</object>
	<object>
		<name>Red</name>
		<pose>Unspecified</pose>
		<truncated>0</truncated>
		<difficult>0</difficult>
		<bndbox>
			<xmin>501</xmin>
			<ymin>562</ymin>
			<xmax>515</xmax>
			<ymax>586</ymax>
		</bndbox>
	</object>
</annotation>
