<annotation>
	<folder>red</folder>
	<filename>89.jpg</filename>
	<path>/home/student/catkin_ws/CarND-Capstone/ros/image/red/89.jpg</path>
	<source>
		<database>Unknown</database>
	</source>
	<size>
		<width>800</width>
		<height>600</height>
		<depth>3</depth>
	</size>
	<segmented>0</segmented>
	<object>
		<name>Red</name>
		<pose>Unspecified</pose>
		<truncated>0</truncated>
		<difficult>0</difficult>
		<bndbox>
			<xmin>164</xmin>
			<ymin>556</ymin>
			<xmax>175</xmax>
			<ymax>579</ymax>
		</bndbox>
	</object>
	<object>
		<name>Red</name>
		<pose>Unspecified</pose>
		<truncated>0</truncated>
		<difficult>0</difficult>
		<bndbox>
			<xmin>204</xmin>
			<ymin>557</ymin>
			<xmax>215</xmax>
			<ymax>580</ymax>
		</bndbox>
	</object>
	<object>
		<name>Red</name>
		<pose>Unspecified</pose>
		<truncated>0</truncated>
		<difficult>0</difficult>
		<bndbox>
			<xmin>243</xmin>
			<ymin>557</ymin>
			<xmax>254</xmax>
			<ymax>581</ymax>
		</bndbox>
	</object>
</annotation>
