<annotation>
	<folder>green</folder>
	<filename>9.jpg</filename>
	<path>/home/student/catkin_ws/CarND-Capstone/ros/image/green/9.jpg</path>
	<source>
		<database>Unknown</database>
	</source>
	<size>
		<width>800</width>
		<height>600</height>
		<depth>3</depth>
	</size>
	<segmented>0</segmented>
	<object>
		<name>Green</name>
		<pose>Unspecified</pose>
		<truncated>0</truncated>
		<difficult>0</difficult>
		<bndbox>
			<xmin>124</xmin>
			<ymin>257</ymin>
			<xmax>185</xmax>
			<ymax>382</ymax>
		</bndbox>
	</object>
	<object>
		<name>Green</name>
		<pose>Unspecified</pose>
		<truncated>0</truncated>
		<difficult>0</difficult>
		<bndbox>
			<xmin>373</xmin>
			<ymin>263</ymin>
			<xmax>429</xmax>
			<ymax>387</ymax>
		</bndbox>
	</object>
	<object>
		<name>Green</name>
		<pose>Unspecified</pose>
		<truncated>0</truncated>
		<difficult>0</difficult>
		<bndbox>
			<xmin>620</xmin>
			<ymin>266</ymin>
			<xmax>677</xmax>
			<ymax>390</ymax>
		</bndbox>
	</object>
</annotation>
