<annotation>
	<folder>red</folder>
	<filename>90.jpg</filename>
	<path>/home/student/catkin_ws/CarND-Capstone/ros/image/red/90.jpg</path>
	<source>
		<database>Unknown</database>
	</source>
	<size>
		<width>800</width>
		<height>600</height>
		<depth>3</depth>
	</size>
	<segmented>0</segmented>
	<object>
		<name>Red</name>
		<pose>Unspecified</pose>
		<truncated>0</truncated>
		<difficult>0</difficult>
		<bndbox>
			<xmin>163</xmin>
			<ymin>554</ymin>
			<xmax>173</xmax>
			<ymax>579</ymax>
		</bndbox>
	</object>
	<object>
		<name>Red</name>
		<pose>Unspecified</pose>
		<truncated>0</truncated>
		<difficult>0</difficult>
		<bndbox>
			<xmin>203</xmin>
			<ymin>554</ymin>
			<xmax>214</xmax>
			<ymax>579</ymax>
		</bndbox>
	</object>
	<object>
		<name>Red</name>
		<pose>Unspecified</pose>
		<truncated>0</truncated>
		<difficult>0</difficult>
		<bndbox>
			<xmin>242</xmin>
			<ymin>556</ymin>
			<xmax>252</xmax>
			<ymax>580</ymax>
		</bndbox>
	</object>
</annotation>
