<annotation>
	<folder>red</folder>
	<filename>97.jpg</filename>
	<path>/home/student/catkin_ws/CarND-Capstone/ros/image/red/97.jpg</path>
	<source>
		<database>Unknown</database>
	</source>
	<size>
		<width>800</width>
		<height>600</height>
		<depth>3</depth>
	</size>
	<segmented>0</segmented>
	<object>
		<name>Red</name>
		<pose>Unspecified</pose>
		<truncated>0</truncated>
		<difficult>0</difficult>
		<bndbox>
			<xmin>219</xmin>
			<ymin>552</ymin>
			<xmax>231</xmax>
			<ymax>576</ymax>
		</bndbox>
	</object>
	<object>
		<name>Red</name>
		<pose>Unspecified</pose>
		<truncated>0</truncated>
		<difficult>0</difficult>
		<bndbox>
			<xmin>263</xmin>
			<ymin>553</ymin>
			<xmax>273</xmax>
			<ymax>576</ymax>
		</bndbox>
	</object>
	<object>
		<name>Red</name>
		<pose>Unspecified</pose>
		<truncated>0</truncated>
		<difficult>0</difficult>
		<bndbox>
			<xmin>304</xmin>
			<ymin>553</ymin>
			<xmax>316</xmax>
			<ymax>579</ymax>
		</bndbox>
	</object>
</annotation>
