<annotation>
	<folder>red</folder>
	<filename>run10_33.jpg</filename>
	<path>/home/student/catkin_ws/CarND-Capstone/ros/image/red/run10_33.jpg</path>
	<source>
		<database>Unknown</database>
	</source>
	<size>
		<width>800</width>
		<height>600</height>
		<depth>3</depth>
	</size>
	<segmented>0</segmented>
	<object>
		<name>Red</name>
		<pose>Unspecified</pose>
		<truncated>0</truncated>
		<difficult>0</difficult>
		<bndbox>
			<xmin>6</xmin>
			<ymin>148</ymin>
			<xmax>75</xmax>
			<ymax>308</ymax>
		</bndbox>
	</object>
	<object>
		<name>Red</name>
		<pose>Unspecified</pose>
		<truncated>0</truncated>
		<difficult>0</difficult>
		<bndbox>
			<xmin>634</xmin>
			<ymin>171</ymin>
			<xmax>704</xmax>
			<ymax>327</ymax>
		</bndbox>
	</object>
	<object>
		<name>Red</name>
		<pose>Unspecified</pose>
		<truncated>0</truncated>
		<difficult>0</difficult>
		<bndbox>
			<xmin>322</xmin>
			<ymin>158</ymin>
			<xmax>393</xmax>
			<ymax>316</ymax>
		</bndbox>
	</object>
</annotation>
