<annotation>
	<folder>red</folder>
	<filename>run11_3.jpg</filename>
	<path>/home/student/catkin_ws/CarND-Capstone/ros/image/red/run11_3.jpg</path>
	<source>
		<database>Unknown</database>
	</source>
	<size>
		<width>800</width>
		<height>600</height>
		<depth>3</depth>
	</size>
	<segmented>0</segmented>
	<object>
		<name>Red</name>
		<pose>Unspecified</pose>
		<truncated>0</truncated>
		<difficult>0</difficult>
		<bndbox>
			<xmin>506</xmin>
			<ymin>268</ymin>
			<xmax>561</xmax>
			<ymax>388</ymax>
		</bndbox>
	</object>
	<object>
		<name>Red</name>
		<pose>Unspecified</pose>
		<truncated>1</truncated>
		<difficult>0</difficult>
		<bndbox>
			<xmin>746</xmin>
			<ymin>271</ymin>
			<xmax>800</xmax>
			<ymax>392</ymax>
		</bndbox>
	</object>
	<object>
		<name>Red</name>
		<pose>Unspecified</pose>
		<truncated>0</truncated>
		<difficult>0</difficult>
		<bndbox>
			<xmin>267</xmin>
			<ymin>267</ymin>
			<xmax>320</xmax>
			<ymax>386</ymax>
		</bndbox>
	</object>
</annotation>
