<annotation>
	<folder>green</folder>
	<filename>run11_23.jpg</filename>
	<path>/home/student/catkin_ws/CarND-Capstone/ros/image/green/run11_23.jpg</path>
	<source>
		<database>Unknown</database>
	</source>
	<size>
		<width>800</width>
		<height>600</height>
		<depth>3</depth>
	</size>
	<segmented>0</segmented>
	<object>
		<name>Green</name>
		<pose>Unspecified</pose>
		<truncated>0</truncated>
		<difficult>0</difficult>
		<bndbox>
			<xmin>12</xmin>
			<ymin>12</ymin>
			<xmax>107</xmax>
			<ymax>219</ymax>
		</bndbox>
	</object>
	<object>
		<name>Green</name>
		<pose>Unspecified</pose>
		<truncated>0</truncated>
		<difficult>0</difficult>
		<bndbox>
			<xmin>433</xmin>
			<ymin>14</ymin>
			<xmax>527</xmax>
			<ymax>224</ymax>
		</bndbox>
	</object>
</annotation>
