<annotation>
	<folder>red</folder>
	<filename>run10_31.jpg</filename>
	<path>/home/student/catkin_ws/CarND-Capstone/ros/image/red/run10_31.jpg</path>
	<source>
		<database>Unknown</database>
	</source>
	<size>
		<width>800</width>
		<height>600</height>
		<depth>3</depth>
	</size>
	<segmented>0</segmented>
	<object>
		<name>Red</name>
		<pose>Unspecified</pose>
		<truncated>0</truncated>
		<difficult>0</difficult>
		<bndbox>
			<xmin>25</xmin>
			<ymin>173</ymin>
			<xmax>92</xmax>
			<ymax>324</ymax>
		</bndbox>
	</object>
	<object>
		<name>Red</name>
		<pose>Unspecified</pose>
		<truncated>0</truncated>
		<difficult>0</difficult>
		<bndbox>
			<xmin>618</xmin>
			<ymin>194</ymin>
			<xmax>689</xmax>
			<ymax>341</ymax>
		</bndbox>
	</object>
	<object>
		<name>Red</name>
		<pose>Unspecified</pose>
		<truncated>0</truncated>
		<difficult>0</difficult>
		<bndbox>
			<xmin>325</xmin>
			<ymin>184</ymin>
			<xmax>392</xmax>
			<ymax>333</ymax>
		</bndbox>
	</object>
</annotation>
