<annotation>
	<folder>yellow</folder>
	<filename>run10_22.jpg</filename>
	<path>/home/student/catkin_ws/CarND-Capstone/ros/image/yellow/run10_22.jpg</path>
	<source>
		<database>Unknown</database>
	</source>
	<size>
		<width>800</width>
		<height>600</height>
		<depth>3</depth>
	</size>
	<segmented>0</segmented>
	<object>
		<name>Yellow</name>
		<pose>Unspecified</pose>
		<truncated>0</truncated>
		<difficult>0</difficult>
		<bndbox>
			<xmin>83</xmin>
			<ymin>267</ymin>
			<xmax>141</xmax>
			<ymax>394</ymax>
		</bndbox>
	</object>
	<object>
		<name>Yellow</name>
		<pose>Unspecified</pose>
		<truncated>0</truncated>
		<difficult>0</difficult>
		<bndbox>
			<xmin>569</xmin>
			<ymin>282</ymin>
			<xmax>624</xmax>
			<ymax>402</ymax>
		</bndbox>
	</object>
	<object>
		<name>Yellow</name>
		<pose>Unspecified</pose>
		<truncated>0</truncated>
		<difficult>0</difficult>
		<bndbox>
			<xmin>329</xmin>
			<ymin>275</ymin>
			<xmax>385</xmax>
			<ymax>400</ymax>
		</bndbox>
	</object>
</annotation>
