<annotation>
	<folder>red</folder>
	<filename>run11_2.jpg</filename>
	<path>/home/student/catkin_ws/CarND-Capstone/ros/image/red/run11_2.jpg</path>
	<source>
		<database>Unknown</database>
	</source>
	<size>
		<width>800</width>
		<height>600</height>
		<depth>3</depth>
	</size>
	<segmented>0</segmented>
	<object>
		<name>Red</name>
		<pose>Unspecified</pose>
		<truncated>0</truncated>
		<difficult>0</difficult>
		<bndbox>
			<xmin>268</xmin>
			<ymin>270</ymin>
			<xmax>321</xmax>
			<ymax>389</ymax>
		</bndbox>
	</object>
	<object>
		<name>Red</name>
		<pose>Unspecified</pose>
		<truncated>0</truncated>
		<difficult>0</difficult>
		<bndbox>
			<xmin>745</xmin>
			<ymin>275</ymin>
			<xmax>798</xmax>
			<ymax>394</ymax>
		</bndbox>
	</object>
	<object>
		<name>Red</name>
		<pose>Unspecified</pose>
		<truncated>0</truncated>
		<difficult>0</difficult>
		<bndbox>
			<xmin>505</xmin>
			<ymin>272</ymin>
			<xmax>558</xmax>
			<ymax>391</ymax>
		</bndbox>
	</object>
</annotation>
