<annotation>
	<folder>green</folder>
	<filename>run11_14.jpg</filename>
	<path>/home/student/catkin_ws/CarND-Capstone/ros/image/green/run11_14.jpg</path>
	<source>
		<database>Unknown</database>
	</source>
	<size>
		<width>800</width>
		<height>600</height>
		<depth>3</depth>
	</size>
	<segmented>0</segmented>
	<object>
		<name>Green</name>
		<pose>Unspecified</pose>
		<truncated>0</truncated>
		<difficult>0</difficult>
		<bndbox>
			<xmin>229</xmin>
			<ymin>163</ymin>
			<xmax>298</xmax>
			<ymax>320</ymax>
		</bndbox>
	</object>
	<object>
		<name>Green</name>
		<pose>Unspecified</pose>
		<truncated>0</truncated>
		<difficult>0</difficult>
		<bndbox>
			<xmin>542</xmin>
			<ymin>170</ymin>
			<xmax>611</xmax>
			<ymax>327</ymax>
		</bndbox>
	</object>
</annotation>
