<annotation>
	<folder>yellow</folder>
	<filename>run10_21.jpg</filename>
	<path>/home/student/catkin_ws/CarND-Capstone/ros/image/yellow/run10_21.jpg</path>
	<source>
		<database>Unknown</database>
	</source>
	<size>
		<width>800</width>
		<height>600</height>
		<depth>3</depth>
	</size>
	<segmented>0</segmented>
	<object>
		<name>Yellow</name>
		<pose>Unspecified</pose>
		<truncated>0</truncated>
		<difficult>0</difficult>
		<bndbox>
			<xmin>92</xmin>
			<ymin>274</ymin>
			<xmax>144</xmax>
			<ymax>395</ymax>
		</bndbox>
	</object>
	<object>
		<name>Yellow</name>
		<pose>Unspecified</pose>
		<truncated>0</truncated>
		<difficult>0</difficult>
		<bndbox>
			<xmin>565</xmin>
			<ymin>290</ymin>
			<xmax>618</xmax>
			<ymax>409</ymax>
		</bndbox>
	</object>
	<object>
		<name>Yellow</name>
		<pose>Unspecified</pose>
		<truncated>0</truncated>
		<difficult>0</difficult>
		<bndbox>
			<xmin>330</xmin>
			<ymin>283</ymin>
			<xmax>384</xmax>
			<ymax>403</ymax>
		</bndbox>
	</object>
</annotation>
