<annotation>
	<folder>red</folder>
	<filename>run10_3.jpg</filename>
	<path>/home/student/catkin_ws/CarND-Capstone/ros/image/red/run10_3.jpg</path>
	<source>
		<database>Unknown</database>
	</source>
	<size>
		<width>800</width>
		<height>600</height>
		<depth>3</depth>
	</size>
	<segmented>0</segmented>
	<object>
		<name>Red</name>
		<pose>Unspecified</pose>
		<truncated>0</truncated>
		<difficult>0</difficult>
		<bndbox>
			<xmin>629</xmin>
			<ymin>413</ymin>
			<xmax>661</xmax>
			<ymax>486</ymax>
		</bndbox>
	</object>
	<object>
		<name>Red</name>
		<pose>Unspecified</pose>
		<truncated>0</truncated>
		<difficult>0</difficult>
		<bndbox>
			<xmin>487</xmin>
			<ymin>409</ymin>
			<xmax>519</xmax>
			<ymax>482</ymax>
		</bndbox>
	</object>
	<object>
		<name>Red</name>
		<pose>Unspecified</pose>
		<truncated>0</truncated>
		<difficult>0</difficult>
		<bndbox>
			<xmin>344</xmin>
			<ymin>406</ymin>
			<xmax>376</xmax>
			<ymax>479</ymax>
		</bndbox>
	</object>
</annotation>
