<annotation>
	<folder>red</folder>
	<filename>run10_27.jpg</filename>
	<path>/home/student/catkin_ws/CarND-Capstone/ros/image/red/run10_27.jpg</path>
	<source>
		<database>Unknown</database>
	</source>
	<size>
		<width>800</width>
		<height>600</height>
		<depth>3</depth>
	</size>
	<segmented>0</segmented>
	<object>
		<name>Red</name>
		<pose>Unspecified</pose>
		<truncated>0</truncated>
		<difficult>0</difficult>
		<bndbox>
			<xmin>58</xmin>
			<ymin>223</ymin>
			<xmax>120</xmax>
			<ymax>356</ymax>
		</bndbox>
	</object>
	<object>
		<name>Red</name>
		<pose>Unspecified</pose>
		<truncated>0</truncated>
		<difficult>0</difficult>
		<bndbox>
			<xmin>590</xmin>
			<ymin>240</ymin>
			<xmax>652</xmax>
			<ymax>373</ymax>
		</bndbox>
	</object>
	<object>
		<name>Red</name>
		<pose>Unspecified</pose>
		<truncated>0</truncated>
		<difficult>0</difficult>
		<bndbox>
			<xmin>326</xmin>
			<ymin>231</ymin>
			<xmax>388</xmax>
			<ymax>364</ymax>
		</bndbox>
	</object>
</annotation>
