<annotation>
	<folder>red</folder>
	<filename>run11_4.jpg</filename>
	<path>/home/student/catkin_ws/CarND-Capstone/ros/image/red/run11_4.jpg</path>
	<source>
		<database>Unknown</database>
	</source>
	<size>
		<width>800</width>
		<height>600</height>
		<depth>3</depth>
	</size>
	<segmented>0</segmented>
	<object>
		<name>Red</name>
		<pose>Unspecified</pose>
		<truncated>0</truncated>
		<difficult>0</difficult>
		<bndbox>
			<xmin>265</xmin>
			<ymin>262</ymin>
			<xmax>319</xmax>
			<ymax>383</ymax>
		</bndbox>
	</object>
	<object>
		<name>Red</name>
		<pose>Unspecified</pose>
		<truncated>1</truncated>
		<difficult>0</difficult>
		<bndbox>
			<xmin>747</xmin>
			<ymin>268</ymin>
			<xmax>800</xmax>
			<ymax>390</ymax>
		</bndbox>
	</object>
	<object>
		<name>Red</name>
		<pose>Unspecified</pose>
		<truncated>0</truncated>
		<difficult>0</difficult>
		<bndbox>
			<xmin>506</xmin>
			<ymin>265</ymin>
			<xmax>560</xmax>
			<ymax>386</ymax>
		</bndbox>
	</object>
</annotation>
