<annotation>
	<folder>green</folder>
	<filename>run11_17.jpg</filename>
	<path>/home/student/catkin_ws/CarND-Capstone/ros/image/green/run11_17.jpg</path>
	<source>
		<database>Unknown</database>
	</source>
	<size>
		<width>800</width>
		<height>600</height>
		<depth>3</depth>
	</size>
	<segmented>0</segmented>
	<object>
		<name>Green</name>
		<pose>Unspecified</pose>
		<truncated>0</truncated>
		<difficult>0</difficult>
		<bndbox>
			<xmin>42</xmin>
			<ymin>69</ymin>
			<xmax>128</xmax>
			<ymax>255</ymax>
		</bndbox>
	</object>
	<object>
		<name>Green</name>
		<pose>Unspecified</pose>
		<truncated>0</truncated>
		<difficult>0</difficult>
		<bndbox>
			<xmin>414</xmin>
			<ymin>72</ymin>
			<xmax>500</xmax>
			<ymax>258</ymax>
		</bndbox>
	</object>
</annotation>
