<annotation>
	<folder>green</folder>
	<filename>run11_15.jpg</filename>
	<path>/home/student/catkin_ws/CarND-Capstone/ros/image/green/run11_15.jpg</path>
	<source>
		<database>Unknown</database>
	</source>
	<size>
		<width>800</width>
		<height>600</height>
		<depth>3</depth>
	</size>
	<segmented>0</segmented>
	<object>
		<name>Green</name>
		<pose>Unspecified</pose>
		<truncated>0</truncated>
		<difficult>0</difficult>
		<bndbox>
			<xmin>223</xmin>
			<ymin>137</ymin>
			<xmax>296</xmax>
			<ymax>302</ymax>
		</bndbox>
	</object>
	<object>
		<name>Green</name>
		<pose>Unspecified</pose>
		<truncated>0</truncated>
		<difficult>0</difficult>
		<bndbox>
			<xmin>551</xmin>
			<ymin>145</ymin>
			<xmax>624</xmax>
			<ymax>310</ymax>
		</bndbox>
	</object>
</annotation>
