<annotation>
	<folder>red</folder>
	<filename>run11_13.jpg</filename>
	<path>/home/student/catkin_ws/CarND-Capstone/ros/image/red/run11_13.jpg</path>
	<source>
		<database>Unknown</database>
	</source>
	<size>
		<width>800</width>
		<height>600</height>
		<depth>3</depth>
	</size>
	<segmented>0</segmented>
	<object>
		<name>Red</name>
		<pose>Unspecified</pose>
		<truncated>0</truncated>
		<difficult>0</difficult>
		<bndbox>
			<xmin>232</xmin>
			<ymin>168</ymin>
			<xmax>302</xmax>
			<ymax>322</ymax>
		</bndbox>
	</object>
	<object>
		<name>Red</name>
		<pose>Unspecified</pose>
		<truncated>0</truncated>
		<difficult>0</difficult>
		<bndbox>
			<xmin>540</xmin>
			<ymin>175</ymin>
			<xmax>610</xmax>
			<ymax>329</ymax>
		</bndbox>
	</object>
</annotation>
