<annotation>
	<folder>yellow</folder>
	<filename>run10_23.jpg</filename>
	<path>/home/student/catkin_ws/CarND-Capstone/ros/image/yellow/run10_23.jpg</path>
	<source>
		<database>Unknown</database>
	</source>
	<size>
		<width>800</width>
		<height>600</height>
		<depth>3</depth>
	</size>
	<segmented>0</segmented>
	<object>
		<name>Yellow</name>
		<pose>Unspecified</pose>
		<truncated>0</truncated>
		<difficult>0</difficult>
		<bndbox>
			<xmin>76</xmin>
			<ymin>256</ymin>
			<xmax>135</xmax>
			<ymax>383</ymax>
		</bndbox>
	</object>
	<object>
		<name>Yellow</name>
		<pose>Unspecified</pose>
		<truncated>0</truncated>
		<difficult>0</difficult>
		<bndbox>
			<xmin>577</xmin>
			<ymin>272</ymin>
			<xmax>636</xmax>
			<ymax>399</ymax>
		</bndbox>
	</object>
	<object>
		<name>Yellow</name>
		<pose>Unspecified</pose>
		<truncated>0</truncated>
		<difficult>0</difficult>
		<bndbox>
			<xmin>328</xmin>
			<ymin>263</ymin>
			<xmax>387</xmax>
			<ymax>390</ymax>
		</bndbox>
	</object>
</annotation>
