<annotation>
	<folder>green</folder>
	<filename>run10_48.jpg</filename>
	<path>/home/student/catkin_ws/CarND-Capstone/ros/image/green/run10_48.jpg</path>
	<source>
		<database>Unknown</database>
	</source>
	<size>
		<width>800</width>
		<height>600</height>
		<depth>3</depth>
	</size>
	<segmented>0</segmented>
	<object>
		<name>Green</name>
		<pose>Unspecified</pose>
		<truncated>1</truncated>
		<difficult>0</difficult>
		<bndbox>
			<xmin>303</xmin>
			<ymin>1</ymin>
			<xmax>422</xmax>
			<ymax>122</ymax>
		</bndbox>
	</object>
</annotation>
