<annotation>
	<folder>green</folder>
	<filename>run10_5.jpg</filename>
	<path>/home/student/catkin_ws/CarND-Capstone/ros/image/green/run10_5.jpg</path>
	<source>
		<database>Unknown</database>
	</source>
	<size>
		<width>800</width>
		<height>600</height>
		<depth>3</depth>
	</size>
	<segmented>0</segmented>
	<object>
		<name>Green</name>
		<pose>Unspecified</pose>
		<truncated>0</truncated>
		<difficult>0</difficult>
		<bndbox>
			<xmin>290</xmin>
			<ymin>399</ymin>
			<xmax>325</xmax>
			<ymax>479</ymax>
		</bndbox>
	</object>
	<object>
		<name>Green</name>
		<pose>Unspecified</pose>
		<truncated>0</truncated>
		<difficult>0</difficult>
		<bndbox>
			<xmin>589</xmin>
			<ymin>406</ymin>
			<xmax>624</xmax>
			<ymax>486</ymax>
		</bndbox>
	</object>
	<object>
		<name>Green</name>
		<pose>Unspecified</pose>
		<truncated>0</truncated>
		<difficult>0</difficult>
		<bndbox>
			<xmin>439</xmin>
			<ymin>401</ymin>
			<xmax>474</xmax>
			<ymax>481</ymax>
		</bndbox>
	</object>
</annotation>
