<annotation>
	<folder>yellow</folder>
	<filename>run10_20.jpg</filename>
	<path>/home/student/catkin_ws/CarND-Capstone/ros/image/yellow/run10_20.jpg</path>
	<source>
		<database>Unknown</database>
	</source>
	<size>
		<width>800</width>
		<height>600</height>
		<depth>3</depth>
	</size>
	<segmented>0</segmented>
	<object>
		<name>Yellow</name>
		<pose>Unspecified</pose>
		<truncated>0</truncated>
		<difficult>0</difficult>
		<bndbox>
			<xmin>90</xmin>
			<ymin>275</ymin>
			<xmax>142</xmax>
			<ymax>393</ymax>
		</bndbox>
	</object>
	<object>
		<name>Yellow</name>
		<pose>Unspecified</pose>
		<truncated>0</truncated>
		<difficult>0</difficult>
		<bndbox>
			<xmin>563</xmin>
			<ymin>290</ymin>
			<xmax>616</xmax>
			<ymax>412</ymax>
		</bndbox>
	</object>
	<object>
		<name>Yellow</name>
		<pose>Unspecified</pose>
		<truncated>0</truncated>
		<difficult>0</difficult>
		<bndbox>
			<xmin>329</xmin>
			<ymin>283</ymin>
			<xmax>381</xmax>
			<ymax>401</ymax>
		</bndbox>
	</object>
</annotation>
