<annotation>
	<folder>green</folder>
	<filename>run11_25.jpg</filename>
	<path>/home/student/catkin_ws/CarND-Capstone/ros/image/green/run11_25.jpg</path>
	<source>
		<database>Unknown</database>
	</source>
	<size>
		<width>800</width>
		<height>600</height>
		<depth>3</depth>
	</size>
	<segmented>0</segmented>
	<object>
		<name>Green</name>
		<pose>Unspecified</pose>
		<truncated>1</truncated>
		<difficult>0</difficult>
		<bndbox>
			<xmin>1</xmin>
			<ymin>1</ymin>
			<xmax>92</xmax>
			<ymax>198</ymax>
		</bndbox>
	</object>
	<object>
		<name>Green</name>
		<pose>Unspecified</pose>
		<truncated>1</truncated>
		<difficult>0</difficult>
		<bndbox>
			<xmin>437</xmin>
			<ymin>1</ymin>
			<xmax>539</xmax>
			<ymax>202</ymax>
		</bndbox>
	</object>
</annotation>
