<annotation>
	<folder>red</folder>
	<filename>run10_30.jpg</filename>
	<path>/home/student/catkin_ws/CarND-Capstone/ros/image/red/run10_30.jpg</path>
	<source>
		<database>Unknown</database>
	</source>
	<size>
		<width>800</width>
		<height>600</height>
		<depth>3</depth>
	</size>
	<segmented>0</segmented>
	<object>
		<name>Red</name>
		<pose>Unspecified</pose>
		<truncated>0</truncated>
		<difficult>0</difficult>
		<bndbox>
			<xmin>33</xmin>
			<ymin>187</ymin>
			<xmax>101</xmax>
			<ymax>330</ymax>
		</bndbox>
	</object>
	<object>
		<name>Red</name>
		<pose>Unspecified</pose>
		<truncated>0</truncated>
		<difficult>0</difficult>
		<bndbox>
			<xmin>611</xmin>
			<ymin>207</ymin>
			<xmax>679</xmax>
			<ymax>350</ymax>
		</bndbox>
	</object>
	<object>
		<name>Red</name>
		<pose>Unspecified</pose>
		<truncated>0</truncated>
		<difficult>0</difficult>
		<bndbox>
			<xmin>325</xmin>
			<ymin>197</ymin>
			<xmax>393</xmax>
			<ymax>340</ymax>
		</bndbox>
	</object>
</annotation>
