<annotation>
	<folder>red</folder>
	<filename>run10_28.jpg</filename>
	<path>/home/student/catkin_ws/CarND-Capstone/ros/image/red/run10_28.jpg</path>
	<source>
		<database>Unknown</database>
	</source>
	<size>
		<width>800</width>
		<height>600</height>
		<depth>3</depth>
	</size>
	<segmented>0</segmented>
	<object>
		<name>Red</name>
		<pose>Unspecified</pose>
		<truncated>0</truncated>
		<difficult>0</difficult>
		<bndbox>
			<xmin>596</xmin>
			<ymin>229</ymin>
			<xmax>660</xmax>
			<ymax>365</ymax>
		</bndbox>
	</object>
	<object>
		<name>Red</name>
		<pose>Unspecified</pose>
		<truncated>0</truncated>
		<difficult>0</difficult>
		<bndbox>
			<xmin>324</xmin>
			<ymin>220</ymin>
			<xmax>389</xmax>
			<ymax>357</ymax>
		</bndbox>
	</object>
	<object>
		<name>Red</name>
		<pose>Unspecified</pose>
		<truncated>0</truncated>
		<difficult>0</difficult>
		<bndbox>
			<xmin>52</xmin>
			<ymin>212</ymin>
			<xmax>113</xmax>
			<ymax>347</ymax>
		</bndbox>
	</object>
</annotation>
