<annotation>
	<folder>green</folder>
	<filename>run11_24.jpg</filename>
	<path>/home/student/catkin_ws/CarND-Capstone/ros/image/green/run11_24.jpg</path>
	<source>
		<database>Unknown</database>
	</source>
	<size>
		<width>800</width>
		<height>600</height>
		<depth>3</depth>
	</size>
	<segmented>0</segmented>
	<object>
		<name>Green</name>
		<pose>Unspecified</pose>
		<truncated>0</truncated>
		<difficult>0</difficult>
		<bndbox>
			<xmin>12</xmin>
			<ymin>9</ymin>
			<xmax>107</xmax>
			<ymax>216</ymax>
		</bndbox>
	</object>
	<object>
		<name>Green</name>
		<pose>Unspecified</pose>
		<truncated>0</truncated>
		<difficult>0</difficult>
		<bndbox>
			<xmin>432</xmin>
			<ymin>11</ymin>
			<xmax>531</xmax>
			<ymax>222</ymax>
		</bndbox>
	</object>
</annotation>
