<annotation>
	<folder>green</folder>
	<filename>run10_10.jpg</filename>
	<path>/home/student/catkin_ws/CarND-Capstone/ros/image/green/run10_10.jpg</path>
	<source>
		<database>Unknown</database>
	</source>
	<size>
		<width>800</width>
		<height>600</height>
		<depth>3</depth>
	</size>
	<segmented>0</segmented>
	<object>
		<name>Green</name>
		<pose>Unspecified</pose>
		<truncated>0</truncated>
		<difficult>0</difficult>
		<bndbox>
			<xmin>348</xmin>
			<ymin>377</ymin>
			<xmax>387</xmax>
			<ymax>463</ymax>
		</bndbox>
	</object>
	<object>
		<name>Green</name>
		<pose>Unspecified</pose>
		<truncated>0</truncated>
		<difficult>0</difficult>
		<bndbox>
			<xmin>183</xmin>
			<ymin>373</ymin>
			<xmax>222</xmax>
			<ymax>459</ymax>
		</bndbox>
	</object>
	<object>
		<name>Green</name>
		<pose>Unspecified</pose>
		<truncated>0</truncated>
		<difficult>0</difficult>
		<bndbox>
			<xmin>13</xmin>
			<ymin>365</ymin>
			<xmax>52</xmax>
			<ymax>451</ymax>
		</bndbox>
	</object>
</annotation>
