<annotation>
	<folder>green</folder>
	<filename>run10_16.jpg</filename>
	<path>/home/student/catkin_ws/CarND-Capstone/ros/image/green/run10_16.jpg</path>
	<source>
		<database>Unknown</database>
	</source>
	<size>
		<width>800</width>
		<height>600</height>
		<depth>3</depth>
	</size>
	<segmented>0</segmented>
	<object>
		<name>Green</name>
		<pose>Unspecified</pose>
		<truncated>0</truncated>
		<difficult>0</difficult>
		<bndbox>
			<xmin>210</xmin>
			<ymin>338</ymin>
			<xmax>255</xmax>
			<ymax>435</ymax>
		</bndbox>
	</object>
	<object>
		<name>Green</name>
		<pose>Unspecified</pose>
		<truncated>0</truncated>
		<difficult>0</difficult>
		<bndbox>
			<xmin>402</xmin>
			<ymin>345</ymin>
			<xmax>448</xmax>
			<ymax>441</ymax>
		</bndbox>
	</object>
	<object>
		<name>Green</name>
		<pose>Unspecified</pose>
		<truncated>0</truncated>
		<difficult>0</difficult>
		<bndbox>
			<xmin>12</xmin>
			<ymin>330</ymin>
			<xmax>57</xmax>
			<ymax>431</ymax>
		</bndbox>
	</object>
</annotation>
