<annotation>
	<folder>green</folder>
	<filename>run10_46.jpg</filename>
	<path>/home/student/catkin_ws/CarND-Capstone/ros/image/green/run10_46.jpg</path>
	<source>
		<database>Unknown</database>
	</source>
	<size>
		<width>800</width>
		<height>600</height>
		<depth>3</depth>
	</size>
	<segmented>0</segmented>
	<object>
		<name>Green</name>
		<pose>Unspecified</pose>
		<truncated>0</truncated>
		<difficult>0</difficult>
		<bndbox>
			<xmin>318</xmin>
			<ymin>39</ymin>
			<xmax>407</xmax>
			<ymax>236</ymax>
		</bndbox>
	</object>
	<object>
		<name>Green</name>
		<pose>Unspecified</pose>
		<truncated>0</truncated>
		<difficult>0</difficult>
		<bndbox>
			<xmin>712</xmin>
			<ymin>55</ymin>
			<xmax>799</xmax>
			<ymax>247</ymax>
		</bndbox>
	</object>
</annotation>
