<annotation>
	<folder>red</folder>
	<filename>run11_10.jpg</filename>
	<path>/home/student/catkin_ws/CarND-Capstone/ros/image/red/run11_10.jpg</path>
	<source>
		<database>Unknown</database>
	</source>
	<size>
		<width>800</width>
		<height>600</height>
		<depth>3</depth>
	</size>
	<segmented>0</segmented>
	<object>
		<name>Red</name>
		<pose>Unspecified</pose>
		<truncated>0</truncated>
		<difficult>0</difficult>
		<bndbox>
			<xmin>246</xmin>
			<ymin>208</ymin>
			<xmax>311</xmax>
			<ymax>352</ymax>
		</bndbox>
	</object>
	<object>
		<name>Red</name>
		<pose>Unspecified</pose>
		<truncated>0</truncated>
		<difficult>0</difficult>
		<bndbox>
			<xmin>529</xmin>
			<ymin>215</ymin>
			<xmax>592</xmax>
			<ymax>358</ymax>
		</bndbox>
	</object>
</annotation>
