<annotation>
	<folder>red</folder>
	<filename>run11_11.jpg</filename>
	<path>/home/student/catkin_ws/CarND-Capstone/ros/image/red/run11_11.jpg</path>
	<source>
		<database>Unknown</database>
	</source>
	<size>
		<width>800</width>
		<height>600</height>
		<depth>3</depth>
	</size>
	<segmented>0</segmented>
	<object>
		<name>Red</name>
		<pose>Unspecified</pose>
		<truncated>0</truncated>
		<difficult>0</difficult>
		<bndbox>
			<xmin>236</xmin>
			<ymin>169</ymin>
			<xmax>305</xmax>
			<ymax>323</ymax>
		</bndbox>
	</object>
	<object>
		<name>Red</name>
		<pose>Unspecified</pose>
		<truncated>0</truncated>
		<difficult>0</difficult>
		<bndbox>
			<xmin>543</xmin>
			<ymin>177</ymin>
			<xmax>612</xmax>
			<ymax>331</ymax>
		</bndbox>
	</object>
</annotation>
