<annotation>
	<folder>green</folder>
	<filename>run4_239.jpg</filename>
	<path>/home/student/catkin_ws/CarND-Capstone/ros/image/green/run4_239.jpg</path>
	<source>
		<database>Unknown</database>
	</source>
	<size>
		<width>800</width>
		<height>600</height>
		<depth>3</depth>
	</size>
	<segmented>0</segmented>
	<object>
		<name>Green</name>
		<pose>Unspecified</pose>
		<truncated>0</truncated>
		<difficult>0</difficult>
		<bndbox>
			<xmin>169</xmin>
			<ymin>519</ymin>
			<xmax>185</xmax>
			<ymax>552</ymax>
		</bndbox>
	</object>
	<object>
		<name>Green</name>
		<pose>Unspecified</pose>
		<truncated>0</truncated>
		<difficult>0</difficult>
		<bndbox>
			<xmin>295</xmin>
			<ymin>523</ymin>
			<xmax>311</xmax>
			<ymax>556</ymax>
		</bndbox>
	</object>
	<object>
		<name>Green</name>
		<pose>Unspecified</pose>
		<truncated>0</truncated>
		<difficult>0</difficult>
		<bndbox>
			<xmin>233</xmin>
			<ymin>521</ymin>
			<xmax>249</xmax>
			<ymax>554</ymax>
		</bndbox>
	</object>
</annotation>
