<annotation>
	<folder>red</folder>
	<filename>run4_169.jpg</filename>
	<path>/home/student/catkin_ws/CarND-Capstone/ros/image/red/run4_169.jpg</path>
	<source>
		<database>Unknown</database>
	</source>
	<size>
		<width>800</width>
		<height>600</height>
		<depth>3</depth>
	</size>
	<segmented>0</segmented>
	<object>
		<name>Red</name>
		<pose>Unspecified</pose>
		<truncated>0</truncated>
		<difficult>0</difficult>
		<bndbox>
			<xmin>350</xmin>
			<ymin>326</ymin>
			<xmax>397</xmax>
			<ymax>430</ymax>
		</bndbox>
	</object>
	<object>
		<name>Red</name>
		<pose>Unspecified</pose>
		<truncated>0</truncated>
		<difficult>0</difficult>
		<bndbox>
			<xmin>559</xmin>
			<ymin>331</ymin>
			<xmax>605</xmax>
			<ymax>437</ymax>
		</bndbox>
	</object>
	<object>
		<name>Red</name>
		<pose>Unspecified</pose>
		<truncated>1</truncated>
		<difficult>0</difficult>
		<bndbox>
			<xmin>759</xmin>
			<ymin>338</ymin>
			<xmax>800</xmax>
			<ymax>443</ymax>
		</bndbox>
	</object>
</annotation>
