<annotation>
	<folder>green</folder>
	<filename>run4_238.jpg</filename>
	<path>/home/student/catkin_ws/CarND-Capstone/ros/image/green/run4_238.jpg</path>
	<source>
		<database>Unknown</database>
	</source>
	<size>
		<width>800</width>
		<height>600</height>
		<depth>3</depth>
	</size>
	<segmented>0</segmented>
	<object>
		<name>Green</name>
		<pose>Unspecified</pose>
		<truncated>0</truncated>
		<difficult>0</difficult>
		<bndbox>
			<xmin>534</xmin>
			<ymin>530</ymin>
			<xmax>549</xmax>
			<ymax>562</ymax>
		</bndbox>
	</object>
	<object>
		<name>Green</name>
		<pose>Unspecified</pose>
		<truncated>0</truncated>
		<difficult>0</difficult>
		<bndbox>
			<xmin>471</xmin>
			<ymin>529</ymin>
			<xmax>486</xmax>
			<ymax>560</ymax>
		</bndbox>
	</object>
	<object>
		<name>Green</name>
		<pose>Unspecified</pose>
		<truncated>0</truncated>
		<difficult>0</difficult>
		<bndbox>
			<xmin>410</xmin>
			<ymin>527</ymin>
			<xmax>425</xmax>
			<ymax>558</ymax>
		</bndbox>
	</object>
</annotation>
