<annotation>
	<folder>red</folder>
	<filename>run4_220.jpg</filename>
	<path>/home/student/catkin_ws/CarND-Capstone/ros/image/red/run4_220.jpg</path>
	<source>
		<database>Unknown</database>
	</source>
	<size>
		<width>800</width>
		<height>600</height>
		<depth>3</depth>
	</size>
	<segmented>0</segmented>
	<object>
		<name>Red</name>
		<pose>Unspecified</pose>
		<truncated>0</truncated>
		<difficult>0</difficult>
		<bndbox>
			<xmin>293</xmin>
			<ymin>545</ymin>
			<xmax>301</xmax>
			<ymax>566</ymax>
		</bndbox>
	</object>
	<object>
		<name>Red</name>
		<pose>Unspecified</pose>
		<truncated>0</truncated>
		<difficult>0</difficult>
		<bndbox>
			<xmin>331</xmin>
			<ymin>546</ymin>
			<xmax>342</xmax>
			<ymax>569</ymax>
		</bndbox>
	</object>
	<object>
		<name>Red</name>
		<pose>Unspecified</pose>
		<truncated>0</truncated>
		<difficult>0</difficult>
		<bndbox>
			<xmin>372</xmin>
			<ymin>548</ymin>
			<xmax>381</xmax>
			<ymax>570</ymax>
		</bndbox>
	</object>
</annotation>
