<annotation>
	<folder>red</folder>
	<filename>run4_317.jpg</filename>
	<path>/home/student/catkin_ws/CarND-Capstone/ros/image/red/run4_317.jpg</path>
	<source>
		<database>Unknown</database>
	</source>
	<size>
		<width>800</width>
		<height>600</height>
		<depth>3</depth>
	</size>
	<segmented>0</segmented>
	<object>
		<name>Red</name>
		<pose>Unspecified</pose>
		<truncated>0</truncated>
		<difficult>0</difficult>
		<bndbox>
			<xmin>171</xmin>
			<ymin>317</ymin>
			<xmax>220</xmax>
			<ymax>423</ymax>
		</bndbox>
	</object>
	<object>
		<name>Red</name>
		<pose>Unspecified</pose>
		<truncated>0</truncated>
		<difficult>0</difficult>
		<bndbox>
			<xmin>593</xmin>
			<ymin>329</ymin>
			<xmax>641</xmax>
			<ymax>433</ymax>
		</bndbox>
	</object>
	<object>
		<name>Red</name>
		<pose>Unspecified</pose>
		<truncated>0</truncated>
		<difficult>0</difficult>
		<bndbox>
			<xmin>383</xmin>
			<ymin>322</ymin>
			<xmax>432</xmax>
			<ymax>430</ymax>
		</bndbox>
	</object>
</annotation>
