<annotation>
	<folder>red</folder>
	<filename>run4_308.jpg</filename>
	<path>/home/student/catkin_ws/CarND-Capstone/ros/image/red/run4_308.jpg</path>
	<source>
		<database>Unknown</database>
	</source>
	<size>
		<width>800</width>
		<height>600</height>
		<depth>3</depth>
	</size>
	<segmented>0</segmented>
	<object>
		<name>Red</name>
		<pose>Unspecified</pose>
		<truncated>0</truncated>
		<difficult>0</difficult>
		<bndbox>
			<xmin>549</xmin>
			<ymin>378</ymin>
			<xmax>587</xmax>
			<ymax>465</ymax>
		</bndbox>
	</object>
	<object>
		<name>Red</name>
		<pose>Unspecified</pose>
		<truncated>0</truncated>
		<difficult>0</difficult>
		<bndbox>
			<xmin>380</xmin>
			<ymin>374</ymin>
			<xmax>418</xmax>
			<ymax>461</ymax>
		</bndbox>
	</object>
	<object>
		<name>Red</name>
		<pose>Unspecified</pose>
		<truncated>0</truncated>
		<difficult>0</difficult>
		<bndbox>
			<xmin>208</xmin>
			<ymin>368</ymin>
			<xmax>246</xmax>
			<ymax>455</ymax>
		</bndbox>
	</object>
</annotation>
