<annotation>
	<folder>red</folder>
	<filename>run4_261.jpg</filename>
	<path>/home/student/catkin_ws/CarND-Capstone/ros/image/red/run4_261.jpg</path>
	<source>
		<database>Unknown</database>
	</source>
	<size>
		<width>800</width>
		<height>600</height>
		<depth>3</depth>
	</size>
	<segmented>0</segmented>
	<object>
		<name>Red</name>
		<pose>Unspecified</pose>
		<truncated>0</truncated>
		<difficult>0</difficult>
		<bndbox>
			<xmin>131</xmin>
			<ymin>484</ymin>
			<xmax>151</xmax>
			<ymax>528</ymax>
		</bndbox>
	</object>
	<object>
		<name>Red</name>
		<pose>Unspecified</pose>
		<truncated>0</truncated>
		<difficult>0</difficult>
		<bndbox>
			<xmin>41</xmin>
			<ymin>481</ymin>
			<xmax>63</xmax>
			<ymax>527</ymax>
		</bndbox>
	</object>
</annotation>
