<annotation>
	<folder>red</folder>
	<filename>run4_322.jpg</filename>
	<path>/home/student/catkin_ws/CarND-Capstone/ros/image/red/run4_322.jpg</path>
	<source>
		<database>Unknown</database>
	</source>
	<size>
		<width>800</width>
		<height>600</height>
		<depth>3</depth>
	</size>
	<segmented>0</segmented>
	<object>
		<name>Red</name>
		<pose>Unspecified</pose>
		<truncated>0</truncated>
		<difficult>0</difficult>
		<bndbox>
			<xmin>154</xmin>
			<ymin>299</ymin>
			<xmax>206</xmax>
			<ymax>412</ymax>
		</bndbox>
	</object>
	<object>
		<name>Red</name>
		<pose>Unspecified</pose>
		<truncated>0</truncated>
		<difficult>0</difficult>
		<bndbox>
			<xmin>600</xmin>
			<ymin>313</ymin>
			<xmax>652</xmax>
			<ymax>425</ymax>
		</bndbox>
	</object>
	<object>
		<name>Red</name>
		<pose>Unspecified</pose>
		<truncated>0</truncated>
		<difficult>0</difficult>
		<bndbox>
			<xmin>379</xmin>
			<ymin>306</ymin>
			<xmax>431</xmax>
			<ymax>418</ymax>
		</bndbox>
	</object>
</annotation>
