<annotation>
	<folder>red</folder>
	<filename>run4_216.jpg</filename>
	<path>/home/student/catkin_ws/CarND-Capstone/ros/image/red/run4_216.jpg</path>
	<source>
		<database>Unknown</database>
	</source>
	<size>
		<width>800</width>
		<height>600</height>
		<depth>3</depth>
	</size>
	<segmented>0</segmented>
	<object>
		<name>Red</name>
		<pose>Unspecified</pose>
		<truncated>0</truncated>
		<difficult>0</difficult>
		<bndbox>
			<xmin>143</xmin>
			<ymin>551</ymin>
			<xmax>153</xmax>
			<ymax>571</ymax>
		</bndbox>
	</object>
	<object>
		<name>Red</name>
		<pose>Unspecified</pose>
		<truncated>0</truncated>
		<difficult>0</difficult>
		<bndbox>
			<xmin>182</xmin>
			<ymin>550</ymin>
			<xmax>191</xmax>
			<ymax>572</ymax>
		</bndbox>
	</object>
	<object>
		<name>Red</name>
		<pose>Unspecified</pose>
		<truncated>0</truncated>
		<difficult>0</difficult>
		<bndbox>
			<xmin>222</xmin>
			<ymin>553</ymin>
			<xmax>232</xmax>
			<ymax>574</ymax>
		</bndbox>
	</object>
</annotation>
