<annotation>
	<folder>red</folder>
	<filename>run4_217.jpg</filename>
	<path>/home/student/catkin_ws/CarND-Capstone/ros/image/red/run4_217.jpg</path>
	<source>
		<database>Unknown</database>
	</source>
	<size>
		<width>800</width>
		<height>600</height>
		<depth>3</depth>
	</size>
	<segmented>0</segmented>
	<object>
		<name>Red</name>
		<pose>Unspecified</pose>
		<truncated>0</truncated>
		<difficult>0</difficult>
		<bndbox>
			<xmin>141</xmin>
			<ymin>550</ymin>
			<xmax>150</xmax>
			<ymax>570</ymax>
		</bndbox>
	</object>
	<object>
		<name>Red</name>
		<pose>Unspecified</pose>
		<truncated>0</truncated>
		<difficult>0</difficult>
		<bndbox>
			<xmin>180</xmin>
			<ymin>550</ymin>
			<xmax>190</xmax>
			<ymax>572</ymax>
		</bndbox>
	</object>
	<object>
		<name>Red</name>
		<pose>Unspecified</pose>
		<truncated>0</truncated>
		<difficult>0</difficult>
		<bndbox>
			<xmin>221</xmin>
			<ymin>550</ymin>
			<xmax>229</xmax>
			<ymax>571</ymax>
		</bndbox>
	</object>
</annotation>
