<annotation>
	<folder>yellow</folder>
	<filename>run4_301.jpg</filename>
	<path>/home/student/catkin_ws/CarND-Capstone/ros/image/yellow/run4_301.jpg</path>
	<source>
		<database>Unknown</database>
	</source>
	<size>
		<width>800</width>
		<height>600</height>
		<depth>3</depth>
	</size>
	<segmented>0</segmented>
	<object>
		<name>Yellow</name>
		<pose>Unspecified</pose>
		<truncated>0</truncated>
		<difficult>0</difficult>
		<bndbox>
			<xmin>125</xmin>
			<ymin>381</ymin>
			<xmax>163</xmax>
			<ymax>463</ymax>
		</bndbox>
	</object>
	<object>
		<name>Yellow</name>
		<pose>Unspecified</pose>
		<truncated>0</truncated>
		<difficult>0</difficult>
		<bndbox>
			<xmin>440</xmin>
			<ymin>390</ymin>
			<xmax>478</xmax>
			<ymax>472</ymax>
		</bndbox>
	</object>
	<object>
		<name>Yellow</name>
		<pose>Unspecified</pose>
		<truncated>0</truncated>
		<difficult>0</difficult>
		<bndbox>
			<xmin>284</xmin>
			<ymin>386</ymin>
			<xmax>322</xmax>
			<ymax>468</ymax>
		</bndbox>
	</object>
</annotation>
