<annotation>
	<folder>green</folder>
	<filename>run4_127.jpg</filename>
	<path>/home/student/catkin_ws/CarND-Capstone/ros/image/green/run4_127.jpg</path>
	<source>
		<database>Unknown</database>
	</source>
	<size>
		<width>800</width>
		<height>600</height>
		<depth>3</depth>
	</size>
	<segmented>0</segmented>
	<object>
		<name>Green</name>
		<pose>Unspecified</pose>
		<truncated>0</truncated>
		<difficult>0</difficult>
		<bndbox>
			<xmin>220</xmin>
			<ymin>436</ymin>
			<xmax>250</xmax>
			<ymax>499</ymax>
		</bndbox>
	</object>
	<object>
		<name>Green</name>
		<pose>Unspecified</pose>
		<truncated>0</truncated>
		<difficult>0</difficult>
		<bndbox>
			<xmin>342</xmin>
			<ymin>438</ymin>
			<xmax>372</xmax>
			<ymax>501</ymax>
		</bndbox>
	</object>
	<object>
		<name>Green</name>
		<pose>Unspecified</pose>
		<truncated>0</truncated>
		<difficult>0</difficult>
		<bndbox>
			<xmin>460</xmin>
			<ymin>443</ymin>
			<xmax>490</xmax>
			<ymax>506</ymax>
		</bndbox>
	</object>
</annotation>
