<annotation>
	<folder>red</folder>
	<filename>run4_328.jpg</filename>
	<path>/home/student/catkin_ws/CarND-Capstone/ros/image/red/run4_328.jpg</path>
	<source>
		<database>Unknown</database>
	</source>
	<size>
		<width>800</width>
		<height>600</height>
		<depth>3</depth>
	</size>
	<segmented>0</segmented>
	<object>
		<name>Red</name>
		<pose>Unspecified</pose>
		<truncated>0</truncated>
		<difficult>0</difficult>
		<bndbox>
			<xmin>133</xmin>
			<ymin>251</ymin>
			<xmax>192</xmax>
			<ymax>374</ymax>
		</bndbox>
	</object>
	<object>
		<name>Red</name>
		<pose>Unspecified</pose>
		<truncated>0</truncated>
		<difficult>0</difficult>
		<bndbox>
			<xmin>381</xmin>
			<ymin>259</ymin>
			<xmax>435</xmax>
			<ymax>379</ymax>
		</bndbox>
	</object>
	<object>
		<name>Red</name>
		<pose>Unspecified</pose>
		<truncated>0</truncated>
		<difficult>0</difficult>
		<bndbox>
			<xmin>621</xmin>
			<ymin>268</ymin>
			<xmax>675</xmax>
			<ymax>388</ymax>
		</bndbox>
	</object>
</annotation>
