<annotation>
	<folder>green</folder>
	<filename>run4_240.jpg</filename>
	<path>/home/student/catkin_ws/CarND-Capstone/ros/image/green/run4_240.jpg</path>
	<source>
		<database>Unknown</database>
	</source>
	<size>
		<width>800</width>
		<height>600</height>
		<depth>3</depth>
	</size>
	<segmented>0</segmented>
	<object>
		<name>Green</name>
		<pose>Unspecified</pose>
		<truncated>0</truncated>
		<difficult>0</difficult>
		<bndbox>
			<xmin>193</xmin>
			<ymin>520</ymin>
			<xmax>209</xmax>
			<ymax>553</ymax>
		</bndbox>
	</object>
	<object>
		<name>Green</name>
		<pose>Unspecified</pose>
		<truncated>0</truncated>
		<difficult>0</difficult>
		<bndbox>
			<xmin>130</xmin>
			<ymin>519</ymin>
			<xmax>146</xmax>
			<ymax>552</ymax>
		</bndbox>
	</object>
	<object>
		<name>Green</name>
		<pose>Unspecified</pose>
		<truncated>0</truncated>
		<difficult>0</difficult>
		<bndbox>
			<xmin>65</xmin>
			<ymin>517</ymin>
			<xmax>81</xmax>
			<ymax>550</ymax>
		</bndbox>
	</object>
</annotation>
