<annotation>
	<folder>red</folder>
	<filename>run4_304.jpg</filename>
	<path>/home/student/catkin_ws/CarND-Capstone/ros/image/red/run4_304.jpg</path>
	<source>
		<database>Unknown</database>
	</source>
	<size>
		<width>800</width>
		<height>600</height>
		<depth>3</depth>
	</size>
	<segmented>0</segmented>
	<object>
		<name>Red</name>
		<pose>Unspecified</pose>
		<truncated>0</truncated>
		<difficult>0</difficult>
		<bndbox>
			<xmin>539</xmin>
			<ymin>386</ymin>
			<xmax>577</xmax>
			<ymax>469</ymax>
		</bndbox>
	</object>
	<object>
		<name>Red</name>
		<pose>Unspecified</pose>
		<truncated>0</truncated>
		<difficult>0</difficult>
		<bndbox>
			<xmin>378</xmin>
			<ymin>383</ymin>
			<xmax>416</xmax>
			<ymax>466</ymax>
		</bndbox>
	</object>
	<object>
		<name>Red</name>
		<pose>Unspecified</pose>
		<truncated>0</truncated>
		<difficult>0</difficult>
		<bndbox>
			<xmin>213</xmin>
			<ymin>379</ymin>
			<xmax>251</xmax>
			<ymax>462</ymax>
		</bndbox>
	</object>
</annotation>
