<annotation>
	<folder>red</folder>
	<filename>run4_314.jpg</filename>
	<path>/home/student/catkin_ws/CarND-Capstone/ros/image/red/run4_314.jpg</path>
	<source>
		<database>Unknown</database>
	</source>
	<size>
		<width>800</width>
		<height>600</height>
		<depth>3</depth>
	</size>
	<segmented>0</segmented>
	<object>
		<name>Red</name>
		<pose>Unspecified</pose>
		<truncated>0</truncated>
		<difficult>0</difficult>
		<bndbox>
			<xmin>182</xmin>
			<ymin>334</ymin>
			<xmax>229</xmax>
			<ymax>437</ymax>
		</bndbox>
	</object>
	<object>
		<name>Red</name>
		<pose>Unspecified</pose>
		<truncated>0</truncated>
		<difficult>0</difficult>
		<bndbox>
			<xmin>579</xmin>
			<ymin>347</ymin>
			<xmax>623</xmax>
			<ymax>446</ymax>
		</bndbox>
	</object>
	<object>
		<name>Red</name>
		<pose>Unspecified</pose>
		<truncated>0</truncated>
		<difficult>0</difficult>
		<bndbox>
			<xmin>381</xmin>
			<ymin>340</ymin>
			<xmax>425</xmax>
			<ymax>441</ymax>
		</bndbox>
	</object>
</annotation>
