<annotation>
	<folder>red</folder>
	<filename>run4_256.jpg</filename>
	<path>/home/student/catkin_ws/CarND-Capstone/ros/image/red/run4_256.jpg</path>
	<source>
		<database>Unknown</database>
	</source>
	<size>
		<width>800</width>
		<height>600</height>
		<depth>3</depth>
	</size>
	<segmented>0</segmented>
	<object>
		<name>Red</name>
		<pose>Unspecified</pose>
		<truncated>0</truncated>
		<difficult>0</difficult>
		<bndbox>
			<xmin>62</xmin>
			<ymin>490</ymin>
			<xmax>80</xmax>
			<ymax>531</ymax>
		</bndbox>
	</object>
	<object>
		<name>Red</name>
		<pose>Unspecified</pose>
		<truncated>0</truncated>
		<difficult>0</difficult>
		<bndbox>
			<xmin>145</xmin>
			<ymin>491</ymin>
			<xmax>163</xmax>
			<ymax>534</ymax>
		</bndbox>
	</object>
</annotation>
