<annotation>
	<folder>green</folder>
	<filename>run4_133.jpg</filename>
	<path>/home/student/catkin_ws/CarND-Capstone/ros/image/green/run4_133.jpg</path>
	<source>
		<database>Unknown</database>
	</source>
	<size>
		<width>800</width>
		<height>600</height>
		<depth>3</depth>
	</size>
	<segmented>0</segmented>
	<object>
		<name>Green</name>
		<pose>Unspecified</pose>
		<truncated>0</truncated>
		<difficult>0</difficult>
		<bndbox>
			<xmin>307</xmin>
			<ymin>426</ymin>
			<xmax>336</xmax>
			<ymax>491</ymax>
		</bndbox>
	</object>
	<object>
		<name>Green</name>
		<pose>Unspecified</pose>
		<truncated>0</truncated>
		<difficult>0</difficult>
		<bndbox>
			<xmin>436</xmin>
			<ymin>430</ymin>
			<xmax>465</xmax>
			<ymax>495</ymax>
		</bndbox>
	</object>
	<object>
		<name>Green</name>
		<pose>Unspecified</pose>
		<truncated>0</truncated>
		<difficult>0</difficult>
		<bndbox>
			<xmin>564</xmin>
			<ymin>433</ymin>
			<xmax>593</xmax>
			<ymax>498</ymax>
		</bndbox>
	</object>
</annotation>
