<annotation>
	<folder>green</folder>
	<filename>run4_294.jpg</filename>
	<path>/home/student/catkin_ws/CarND-Capstone/ros/image/green/run4_294.jpg</path>
	<source>
		<database>Unknown</database>
	</source>
	<size>
		<width>800</width>
		<height>600</height>
		<depth>3</depth>
	</size>
	<segmented>0</segmented>
	<object>
		<name>Green</name>
		<pose>Unspecified</pose>
		<truncated>0</truncated>
		<difficult>0</difficult>
		<bndbox>
			<xmin>51</xmin>
			<ymin>398</ymin>
			<xmax>84</xmax>
			<ymax>474</ymax>
		</bndbox>
	</object>
	<object>
		<name>Green</name>
		<pose>Unspecified</pose>
		<truncated>0</truncated>
		<difficult>0</difficult>
		<bndbox>
			<xmin>342</xmin>
			<ymin>407</ymin>
			<xmax>375</xmax>
			<ymax>483</ymax>
		</bndbox>
	</object>
	<object>
		<name>Green</name>
		<pose>Unspecified</pose>
		<truncated>0</truncated>
		<difficult>0</difficult>
		<bndbox>
			<xmin>199</xmin>
			<ymin>401</ymin>
			<xmax>232</xmax>
			<ymax>477</ymax>
		</bndbox>
	</object>
</annotation>
