<annotation>
	<folder>red</folder>
	<filename>run4_306.jpg</filename>
	<path>/home/student/catkin_ws/CarND-Capstone/ros/image/red/run4_306.jpg</path>
	<source>
		<database>Unknown</database>
	</source>
	<size>
		<width>800</width>
		<height>600</height>
		<depth>3</depth>
	</size>
	<segmented>0</segmented>
	<object>
		<name>Red</name>
		<pose>Unspecified</pose>
		<truncated>0</truncated>
		<difficult>0</difficult>
		<bndbox>
			<xmin>210</xmin>
			<ymin>374</ymin>
			<xmax>248</xmax>
			<ymax>457</ymax>
		</bndbox>
	</object>
	<object>
		<name>Red</name>
		<pose>Unspecified</pose>
		<truncated>0</truncated>
		<difficult>0</difficult>
		<bndbox>
			<xmin>545</xmin>
			<ymin>382</ymin>
			<xmax>583</xmax>
			<ymax>466</ymax>
		</bndbox>
	</object>
	<object>
		<name>Red</name>
		<pose>Unspecified</pose>
		<truncated>0</truncated>
		<difficult>0</difficult>
		<bndbox>
			<xmin>378</xmin>
			<ymin>377</ymin>
			<xmax>415</xmax>
			<ymax>464</ymax>
		</bndbox>
	</object>
</annotation>
