<annotation>
	<folder>red</folder>
	<filename>run4_311.jpg</filename>
	<path>/home/student/catkin_ws/CarND-Capstone/ros/image/red/run4_311.jpg</path>
	<source>
		<database>Unknown</database>
	</source>
	<size>
		<width>800</width>
		<height>600</height>
		<depth>3</depth>
	</size>
	<segmented>0</segmented>
	<object>
		<name>Red</name>
		<pose>Unspecified</pose>
		<truncated>0</truncated>
		<difficult>0</difficult>
		<bndbox>
			<xmin>198</xmin>
			<ymin>353</ymin>
			<xmax>240</xmax>
			<ymax>445</ymax>
		</bndbox>
	</object>
	<object>
		<name>Red</name>
		<pose>Unspecified</pose>
		<truncated>0</truncated>
		<difficult>0</difficult>
		<bndbox>
			<xmin>559</xmin>
			<ymin>363</ymin>
			<xmax>601</xmax>
			<ymax>455</ymax>
		</bndbox>
	</object>
	<object>
		<name>Red</name>
		<pose>Unspecified</pose>
		<truncated>0</truncated>
		<difficult>0</difficult>
		<bndbox>
			<xmin>381</xmin>
			<ymin>359</ymin>
			<xmax>423</xmax>
			<ymax>451</ymax>
		</bndbox>
	</object>
</annotation>
