<annotation>
	<folder>red</folder>
	<filename>run4_251.jpg</filename>
	<path>/home/student/catkin_ws/CarND-Capstone/ros/image/red/run4_251.jpg</path>
	<source>
		<database>Unknown</database>
	</source>
	<size>
		<width>800</width>
		<height>600</height>
		<depth>3</depth>
	</size>
	<segmented>0</segmented>
	<object>
		<name>Red</name>
		<pose>Unspecified</pose>
		<truncated>0</truncated>
		<difficult>0</difficult>
		<bndbox>
			<xmin>8</xmin>
			<ymin>498</ymin>
			<xmax>25</xmax>
			<ymax>536</ymax>
		</bndbox>
	</object>
	<object>
		<name>Red</name>
		<pose>Unspecified</pose>
		<truncated>0</truncated>
		<difficult>0</difficult>
		<bndbox>
			<xmin>162</xmin>
			<ymin>502</ymin>
			<xmax>179</xmax>
			<ymax>540</ymax>
		</bndbox>
	</object>
	<object>
		<name>Red</name>
		<pose>Unspecified</pose>
		<truncated>0</truncated>
		<difficult>0</difficult>
		<bndbox>
			<xmin>85</xmin>
			<ymin>500</ymin>
			<xmax>102</xmax>
			<ymax>538</ymax>
		</bndbox>
	</object>
</annotation>
