<annotation>
	<folder>red</folder>
	<filename>run4_214.jpg</filename>
	<path>/home/student/catkin_ws/CarND-Capstone/ros/image/red/run4_214.jpg</path>
	<source>
		<database>Unknown</database>
	</source>
	<size>
		<width>800</width>
		<height>600</height>
		<depth>3</depth>
	</size>
	<segmented>0</segmented>
	<object>
		<name>Red</name>
		<pose>Unspecified</pose>
		<truncated>0</truncated>
		<difficult>0</difficult>
		<bndbox>
			<xmin>270</xmin>
			<ymin>559</ymin>
			<xmax>277</xmax>
			<ymax>578</ymax>
		</bndbox>
	</object>
	<object>
		<name>Red</name>
		<pose>Unspecified</pose>
		<truncated>0</truncated>
		<difficult>0</difficult>
		<bndbox>
			<xmin>308</xmin>
			<ymin>559</ymin>
			<xmax>317</xmax>
			<ymax>580</ymax>
		</bndbox>
	</object>
	<object>
		<name>Red</name>
		<pose>Unspecified</pose>
		<truncated>0</truncated>
		<difficult>0</difficult>
		<bndbox>
			<xmin>345</xmin>
			<ymin>559</ymin>
			<xmax>354</xmax>
			<ymax>580</ymax>
		</bndbox>
	</object>
</annotation>
