<annotation>
	<folder>red</folder>
	<filename>run4_258.jpg</filename>
	<path>/home/student/catkin_ws/CarND-Capstone/ros/image/red/run4_258.jpg</path>
	<source>
		<database>Unknown</database>
	</source>
	<size>
		<width>800</width>
		<height>600</height>
		<depth>3</depth>
	</size>
	<segmented>0</segmented>
	<object>
		<name>Red</name>
		<pose>Unspecified</pose>
		<truncated>0</truncated>
		<difficult>0</difficult>
		<bndbox>
			<xmin>54</xmin>
			<ymin>486</ymin>
			<xmax>75</xmax>
			<ymax>530</ymax>
		</bndbox>
	</object>
	<object>
		<name>Red</name>
		<pose>Unspecified</pose>
		<truncated>0</truncated>
		<difficult>0</difficult>
		<bndbox>
			<xmin>140</xmin>
			<ymin>490</ymin>
			<xmax>161</xmax>
			<ymax>533</ymax>
		</bndbox>
	</object>
</annotation>
