<annotation>
	<folder>red</folder>
	<filename>run4_218.jpg</filename>
	<path>/home/student/catkin_ws/CarND-Capstone/ros/image/red/run4_218.jpg</path>
	<source>
		<database>Unknown</database>
	</source>
	<size>
		<width>800</width>
		<height>600</height>
		<depth>3</depth>
	</size>
	<segmented>0</segmented>
	<object>
		<name>Red</name>
		<pose>Unspecified</pose>
		<truncated>0</truncated>
		<difficult>0</difficult>
		<bndbox>
			<xmin>140</xmin>
			<ymin>551</ymin>
			<xmax>150</xmax>
			<ymax>573</ymax>
		</bndbox>
	</object>
	<object>
		<name>Red</name>
		<pose>Unspecified</pose>
		<truncated>0</truncated>
		<difficult>0</difficult>
		<bndbox>
			<xmin>219</xmin>
			<ymin>554</ymin>
			<xmax>229</xmax>
			<ymax>576</ymax>
		</bndbox>
	</object>
	<object>
		<name>Red</name>
		<pose>Unspecified</pose>
		<truncated>0</truncated>
		<difficult>0</difficult>
		<bndbox>
			<xmin>179</xmin>
			<ymin>552</ymin>
			<xmax>189</xmax>
			<ymax>574</ymax>
		</bndbox>
	</object>
</annotation>
