<annotation>
	<folder>red</folder>
	<filename>run4_275.jpg</filename>
	<path>/home/student/catkin_ws/CarND-Capstone/ros/image/red/run4_275.jpg</path>
	<source>
		<database>Unknown</database>
	</source>
	<size>
		<width>800</width>
		<height>600</height>
		<depth>3</depth>
	</size>
	<segmented>0</segmented>
	<object>
		<name>Red</name>
		<pose>Unspecified</pose>
		<truncated>0</truncated>
		<difficult>0</difficult>
		<bndbox>
			<xmin>347</xmin>
			<ymin>464</ymin>
			<xmax>372</xmax>
			<ymax>517</ymax>
		</bndbox>
	</object>
	<object>
		<name>Red</name>
		<pose>Unspecified</pose>
		<truncated>0</truncated>
		<difficult>0</difficult>
		<bndbox>
			<xmin>243</xmin>
			<ymin>460</ymin>
			<xmax>268</xmax>
			<ymax>514</ymax>
		</bndbox>
	</object>
	<object>
		<name>Red</name>
		<pose>Unspecified</pose>
		<truncated>0</truncated>
		<difficult>0</difficult>
		<bndbox>
			<xmin>137</xmin>
			<ymin>458</ymin>
			<xmax>164</xmax>
			<ymax>511</ymax>
		</bndbox>
	</object>
</annotation>
