<annotation>
	<folder>red</folder>
	<filename>run4_264.jpg</filename>
	<path>/home/student/catkin_ws/CarND-Capstone/ros/image/red/run4_264.jpg</path>
	<source>
		<database>Unknown</database>
	</source>
	<size>
		<width>800</width>
		<height>600</height>
		<depth>3</depth>
	</size>
	<segmented>0</segmented>
	<object>
		<name>Red</name>
		<pose>Unspecified</pose>
		<truncated>0</truncated>
		<difficult>0</difficult>
		<bndbox>
			<xmin>242</xmin>
			<ymin>481</ymin>
			<xmax>263</xmax>
			<ymax>528</ymax>
		</bndbox>
	</object>
	<object>
		<name>Red</name>
		<pose>Unspecified</pose>
		<truncated>0</truncated>
		<difficult>0</difficult>
		<bndbox>
			<xmin>150</xmin>
			<ymin>478</ymin>
			<xmax>171</xmax>
			<ymax>525</ymax>
		</bndbox>
	</object>
	<object>
		<name>Red</name>
		<pose>Unspecified</pose>
		<truncated>0</truncated>
		<difficult>0</difficult>
		<bndbox>
			<xmin>58</xmin>
			<ymin>476</ymin>
			<xmax>79</xmax>
			<ymax>523</ymax>
		</bndbox>
	</object>
</annotation>
