<annotation>
	<folder>red</folder>
	<filename>run4_272.jpg</filename>
	<path>/home/student/catkin_ws/CarND-Capstone/ros/image/red/run4_272.jpg</path>
	<source>
		<database>Unknown</database>
	</source>
	<size>
		<width>800</width>
		<height>600</height>
		<depth>3</depth>
	</size>
	<segmented>0</segmented>
	<object>
		<name>Red</name>
		<pose>Unspecified</pose>
		<truncated>0</truncated>
		<difficult>0</difficult>
		<bndbox>
			<xmin>251</xmin>
			<ymin>471</ymin>
			<xmax>273</xmax>
			<ymax>522</ymax>
		</bndbox>
	</object>
	<object>
		<name>Red</name>
		<pose>Unspecified</pose>
		<truncated>0</truncated>
		<difficult>0</difficult>
		<bndbox>
			<xmin>349</xmin>
			<ymin>473</ymin>
			<xmax>371</xmax>
			<ymax>523</ymax>
		</bndbox>
	</object>
	<object>
		<name>Red</name>
		<pose>Unspecified</pose>
		<truncated>0</truncated>
		<difficult>0</difficult>
		<bndbox>
			<xmin>152</xmin>
			<ymin>469</ymin>
			<xmax>173</xmax>
			<ymax>517</ymax>
		</bndbox>
	</object>
</annotation>
