<annotation>
	<folder>green</folder>
	<filename>run4_291.jpg</filename>
	<path>/home/student/catkin_ws/CarND-Capstone/ros/image/green/run4_291.jpg</path>
	<source>
		<database>Unknown</database>
	</source>
	<size>
		<width>800</width>
		<height>600</height>
		<depth>3</depth>
	</size>
	<segmented>0</segmented>
	<object>
		<name>Green</name>
		<pose>Unspecified</pose>
		<truncated>0</truncated>
		<difficult>0</difficult>
		<bndbox>
			<xmin>65</xmin>
			<ymin>407</ymin>
			<xmax>98</xmax>
			<ymax>477</ymax>
		</bndbox>
	</object>
	<object>
		<name>Green</name>
		<pose>Unspecified</pose>
		<truncated>0</truncated>
		<difficult>0</difficult>
		<bndbox>
			<xmin>343</xmin>
			<ymin>416</ymin>
			<xmax>376</xmax>
			<ymax>486</ymax>
		</bndbox>
	</object>
	<object>
		<name>Green</name>
		<pose>Unspecified</pose>
		<truncated>0</truncated>
		<difficult>0</difficult>
		<bndbox>
			<xmin>205</xmin>
			<ymin>411</ymin>
			<xmax>238</xmax>
			<ymax>481</ymax>
		</bndbox>
	</object>
</annotation>
