<annotation>
	<folder>red</folder>
	<filename>run4_210.jpg</filename>
	<path>/home/student/catkin_ws/CarND-Capstone/ros/image/red/run4_210.jpg</path>
	<source>
		<database>Unknown</database>
	</source>
	<size>
		<width>800</width>
		<height>600</height>
		<depth>3</depth>
	</size>
	<segmented>0</segmented>
	<object>
		<name>Red</name>
		<pose>Unspecified</pose>
		<truncated>0</truncated>
		<difficult>0</difficult>
		<bndbox>
			<xmin>555</xmin>
			<ymin>569</ymin>
			<xmax>563</xmax>
			<ymax>589</ymax>
		</bndbox>
	</object>
	<object>
		<name>Red</name>
		<pose>Unspecified</pose>
		<truncated>0</truncated>
		<difficult>0</difficult>
		<bndbox>
			<xmin>591</xmin>
			<ymin>569</ymin>
			<xmax>600</xmax>
			<ymax>589</ymax>
		</bndbox>
	</object>
	<object>
		<name>Red</name>
		<pose>Unspecified</pose>
		<truncated>0</truncated>
		<difficult>0</difficult>
		<bndbox>
			<xmin>628</xmin>
			<ymin>570</ymin>
			<xmax>637</xmax>
			<ymax>591</ymax>
		</bndbox>
	</object>
</annotation>
