<annotation>
	<folder>red</folder>
	<filename>run4_318.jpg</filename>
	<path>/home/student/catkin_ws/CarND-Capstone/ros/image/red/run4_318.jpg</path>
	<source>
		<database>Unknown</database>
	</source>
	<size>
		<width>800</width>
		<height>600</height>
		<depth>3</depth>
	</size>
	<segmented>0</segmented>
	<object>
		<name>Red</name>
		<pose>Unspecified</pose>
		<truncated>0</truncated>
		<difficult>0</difficult>
		<bndbox>
			<xmin>385</xmin>
			<ymin>316</ymin>
			<xmax>434</xmax>
			<ymax>424</ymax>
		</bndbox>
	</object>
	<object>
		<name>Red</name>
		<pose>Unspecified</pose>
		<truncated>0</truncated>
		<difficult>0</difficult>
		<bndbox>
			<xmin>600</xmin>
			<ymin>323</ymin>
			<xmax>649</xmax>
			<ymax>431</ymax>
		</bndbox>
	</object>
	<object>
		<name>Red</name>
		<pose>Unspecified</pose>
		<truncated>0</truncated>
		<difficult>0</difficult>
		<bndbox>
			<xmin>167</xmin>
			<ymin>310</ymin>
			<xmax>216</xmax>
			<ymax>418</ymax>
		</bndbox>
	</object>
</annotation>
