<annotation>
	<folder>green</folder>
	<filename>run4_284.jpg</filename>
	<path>/home/student/catkin_ws/CarND-Capstone/ros/image/green/run4_284.jpg</path>
	<source>
		<database>Unknown</database>
	</source>
	<size>
		<width>800</width>
		<height>600</height>
		<depth>3</depth>
	</size>
	<segmented>0</segmented>
	<object>
		<name>Green</name>
		<pose>Unspecified</pose>
		<truncated>0</truncated>
		<difficult>0</difficult>
		<bndbox>
			<xmin>345</xmin>
			<ymin>434</ymin>
			<xmax>373</xmax>
			<ymax>499</ymax>
		</bndbox>
	</object>
	<object>
		<name>Green</name>
		<pose>Unspecified</pose>
		<truncated>0</truncated>
		<difficult>0</difficult>
		<bndbox>
			<xmin>221</xmin>
			<ymin>432</ymin>
			<xmax>250</xmax>
			<ymax>495</ymax>
		</bndbox>
	</object>
	<object>
		<name>Green</name>
		<pose>Unspecified</pose>
		<truncated>0</truncated>
		<difficult>0</difficult>
		<bndbox>
			<xmin>95</xmin>
			<ymin>427</ymin>
			<xmax>125</xmax>
			<ymax>491</ymax>
		</bndbox>
	</object>
</annotation>
