<annotation>
	<folder>green</folder>
	<filename>run4_121.jpg</filename>
	<path>/home/student/catkin_ws/CarND-Capstone/ros/image/green/run4_121.jpg</path>
	<source>
		<database>Unknown</database>
	</source>
	<size>
		<width>800</width>
		<height>600</height>
		<depth>3</depth>
	</size>
	<segmented>0</segmented>
	<object>
		<name>Green</name>
		<pose>Unspecified</pose>
		<truncated>0</truncated>
		<difficult>0</difficult>
		<bndbox>
			<xmin>231</xmin>
			<ymin>447</ymin>
			<xmax>257</xmax>
			<ymax>506</ymax>
		</bndbox>
	</object>
	<object>
		<name>Green</name>
		<pose>Unspecified</pose>
		<truncated>0</truncated>
		<difficult>0</difficult>
		<bndbox>
			<xmin>455</xmin>
			<ymin>454</ymin>
			<xmax>481</xmax>
			<ymax>513</ymax>
		</bndbox>
	</object>
	<object>
		<name>Green</name>
		<pose>Unspecified</pose>
		<truncated>0</truncated>
		<difficult>0</difficult>
		<bndbox>
			<xmin>344</xmin>
			<ymin>450</ymin>
			<xmax>370</xmax>
			<ymax>509</ymax>
		</bndbox>
	</object>
</annotation>
