<annotation>
	<folder>red</folder>
	<filename>run4_273.jpg</filename>
	<path>/home/student/catkin_ws/CarND-Capstone/ros/image/red/run4_273.jpg</path>
	<source>
		<database>Unknown</database>
	</source>
	<size>
		<width>800</width>
		<height>600</height>
		<depth>3</depth>
	</size>
	<segmented>0</segmented>
	<object>
		<name>Red</name>
		<pose>Unspecified</pose>
		<truncated>0</truncated>
		<difficult>0</difficult>
		<bndbox>
			<xmin>249</xmin>
			<ymin>468</ymin>
			<xmax>271</xmax>
			<ymax>519</ymax>
		</bndbox>
	</object>
	<object>
		<name>Red</name>
		<pose>Unspecified</pose>
		<truncated>0</truncated>
		<difficult>0</difficult>
		<bndbox>
			<xmin>348</xmin>
			<ymin>470</ymin>
			<xmax>370</xmax>
			<ymax>521</ymax>
		</bndbox>
	</object>
	<object>
		<name>Red</name>
		<pose>Unspecified</pose>
		<truncated>0</truncated>
		<difficult>0</difficult>
		<bndbox>
			<xmin>148</xmin>
			<ymin>464</ymin>
			<xmax>170</xmax>
			<ymax>515</ymax>
		</bndbox>
	</object>
</annotation>
