<annotation>
	<folder>green</folder>
	<filename>run4_125.jpg</filename>
	<path>/home/student/catkin_ws/CarND-Capstone/ros/image/green/run4_125.jpg</path>
	<source>
		<database>Unknown</database>
	</source>
	<size>
		<width>800</width>
		<height>600</height>
		<depth>3</depth>
	</size>
	<segmented>0</segmented>
	<object>
		<name>Green</name>
		<pose>Unspecified</pose>
		<truncated>0</truncated>
		<difficult>0</difficult>
		<bndbox>
			<xmin>224</xmin>
			<ymin>439</ymin>
			<xmax>252</xmax>
			<ymax>498</ymax>
		</bndbox>
	</object>
	<object>
		<name>Green</name>
		<pose>Unspecified</pose>
		<truncated>0</truncated>
		<difficult>0</difficult>
		<bndbox>
			<xmin>342</xmin>
			<ymin>442</ymin>
			<xmax>371</xmax>
			<ymax>503</ymax>
		</bndbox>
	</object>
	<object>
		<name>Green</name>
		<pose>Unspecified</pose>
		<truncated>0</truncated>
		<difficult>0</difficult>
		<bndbox>
			<xmin>461</xmin>
			<ymin>446</ymin>
			<xmax>488</xmax>
			<ymax>506</ymax>
		</bndbox>
	</object>
</annotation>
