<annotation>
	<folder>red</folder>
	<filename>run4_330.jpg</filename>
	<path>/home/student/catkin_ws/CarND-Capstone/ros/image/red/run4_330.jpg</path>
	<source>
		<database>Unknown</database>
	</source>
	<size>
		<width>800</width>
		<height>600</height>
		<depth>3</depth>
	</size>
	<segmented>0</segmented>
	<object>
		<name>Red</name>
		<pose>Unspecified</pose>
		<truncated>0</truncated>
		<difficult>0</difficult>
		<bndbox>
			<xmin>622</xmin>
			<ymin>267</ymin>
			<xmax>676</xmax>
			<ymax>387</ymax>
		</bndbox>
	</object>
	<object>
		<name>Red</name>
		<pose>Unspecified</pose>
		<truncated>0</truncated>
		<difficult>0</difficult>
		<bndbox>
			<xmin>379</xmin>
			<ymin>259</ymin>
			<xmax>435</xmax>
			<ymax>383</ymax>
		</bndbox>
	</object>
	<object>
		<name>Red</name>
		<pose>Unspecified</pose>
		<truncated>0</truncated>
		<difficult>0</difficult>
		<bndbox>
			<xmin>134</xmin>
			<ymin>250</ymin>
			<xmax>189</xmax>
			<ymax>374</ymax>
		</bndbox>
	</object>
</annotation>
