<annotation>
	<folder>green</folder>
	<filename>run4_29.jpg</filename>
	<path>/home/student/catkin_ws/CarND-Capstone/ros/image/green/run4_29.jpg</path>
	<source>
		<database>Unknown</database>
	</source>
	<size>
		<width>800</width>
		<height>600</height>
		<depth>3</depth>
	</size>
	<segmented>0</segmented>
	<object>
		<name>Green</name>
		<pose>Unspecified</pose>
		<truncated>0</truncated>
		<difficult>0</difficult>
		<bndbox>
			<xmin>11</xmin>
			<ymin>560</ymin>
			<xmax>21</xmax>
			<ymax>579</ymax>
		</bndbox>
	</object>
	<object>
		<name>Green</name>
		<pose>Unspecified</pose>
		<truncated>0</truncated>
		<difficult>0</difficult>
		<bndbox>
			<xmin>44</xmin>
			<ymin>559</ymin>
			<xmax>55</xmax>
			<ymax>581</ymax>
		</bndbox>
	</object>
	<object>
		<name>Green</name>
		<pose>Unspecified</pose>
		<truncated>0</truncated>
		<difficult>0</difficult>
		<bndbox>
			<xmin>78</xmin>
			<ymin>560</ymin>
			<xmax>89</xmax>
			<ymax>582</ymax>
		</bndbox>
	</object>
</annotation>
