<annotation>
	<folder>red</folder>
	<filename>run4_252.jpg</filename>
	<path>/home/student/catkin_ws/CarND-Capstone/ros/image/red/run4_252.jpg</path>
	<source>
		<database>Unknown</database>
	</source>
	<size>
		<width>800</width>
		<height>600</height>
		<depth>3</depth>
	</size>
	<segmented>0</segmented>
	<object>
		<name>Red</name>
		<pose>Unspecified</pose>
		<truncated>0</truncated>
		<difficult>0</difficult>
		<bndbox>
			<xmin>159</xmin>
			<ymin>500</ymin>
			<xmax>177</xmax>
			<ymax>540</ymax>
		</bndbox>
	</object>
	<object>
		<name>Red</name>
		<pose>Unspecified</pose>
		<truncated>0</truncated>
		<difficult>0</difficult>
		<bndbox>
			<xmin>81</xmin>
			<ymin>499</ymin>
			<xmax>98</xmax>
			<ymax>537</ymax>
		</bndbox>
	</object>
	<object>
		<name>Red</name>
		<pose>Unspecified</pose>
		<truncated>0</truncated>
		<difficult>0</difficult>
		<bndbox>
			<xmin>4</xmin>
			<ymin>496</ymin>
			<xmax>21</xmax>
			<ymax>534</ymax>
		</bndbox>
	</object>
</annotation>
