<annotation>
	<folder>red</folder>
	<filename>run4_209.jpg</filename>
	<path>/home/student/catkin_ws/CarND-Capstone/ros/image/red/run4_209.jpg</path>
	<source>
		<database>Unknown</database>
	</source>
	<size>
		<width>800</width>
		<height>600</height>
		<depth>3</depth>
	</size>
	<segmented>0</segmented>
	<object>
		<name>Red</name>
		<pose>Unspecified</pose>
		<truncated>0</truncated>
		<difficult>0</difficult>
		<bndbox>
			<xmin>551</xmin>
			<ymin>568</ymin>
			<xmax>561</xmax>
			<ymax>588</ymax>
		</bndbox>
	</object>
	<object>
		<name>Red</name>
		<pose>Unspecified</pose>
		<truncated>0</truncated>
		<difficult>0</difficult>
		<bndbox>
			<xmin>587</xmin>
			<ymin>569</ymin>
			<xmax>597</xmax>
			<ymax>591</ymax>
		</bndbox>
	</object>
	<object>
		<name>Red</name>
		<pose>Unspecified</pose>
		<truncated>0</truncated>
		<difficult>0</difficult>
		<bndbox>
			<xmin>623</xmin>
			<ymin>570</ymin>
			<xmax>632</xmax>
			<ymax>591</ymax>
		</bndbox>
	</object>
</annotation>
