<annotation>
	<folder>red</folder>
	<filename>run4_313.jpg</filename>
	<path>/home/student/catkin_ws/CarND-Capstone/ros/image/red/run4_313.jpg</path>
	<source>
		<database>Unknown</database>
	</source>
	<size>
		<width>800</width>
		<height>600</height>
		<depth>3</depth>
	</size>
	<segmented>0</segmented>
	<object>
		<name>Red</name>
		<pose>Unspecified</pose>
		<truncated>0</truncated>
		<difficult>0</difficult>
		<bndbox>
			<xmin>572</xmin>
			<ymin>352</ymin>
			<xmax>615</xmax>
			<ymax>447</ymax>
		</bndbox>
	</object>
	<object>
		<name>Red</name>
		<pose>Unspecified</pose>
		<truncated>0</truncated>
		<difficult>0</difficult>
		<bndbox>
			<xmin>381</xmin>
			<ymin>347</ymin>
			<xmax>424</xmax>
			<ymax>442</ymax>
		</bndbox>
	</object>
	<object>
		<name>Red</name>
		<pose>Unspecified</pose>
		<truncated>0</truncated>
		<difficult>0</difficult>
		<bndbox>
			<xmin>188</xmin>
			<ymin>341</ymin>
			<xmax>231</xmax>
			<ymax>436</ymax>
		</bndbox>
	</object>
</annotation>
