<annotation>
	<folder>yellow</folder>
	<filename>run4_246.jpg</filename>
	<path>/home/student/catkin_ws/CarND-Capstone/ros/image/yellow/run4_246.jpg</path>
	<source>
		<database>Unknown</database>
	</source>
	<size>
		<width>800</width>
		<height>600</height>
		<depth>3</depth>
	</size>
	<segmented>0</segmented>
	<object>
		<name>Yellow</name>
		<pose>Unspecified</pose>
		<truncated>0</truncated>
		<difficult>0</difficult>
		<bndbox>
			<xmin>175</xmin>
			<ymin>509</ymin>
			<xmax>192</xmax>
			<ymax>547</ymax>
		</bndbox>
	</object>
	<object>
		<name>Yellow</name>
		<pose>Unspecified</pose>
		<truncated>0</truncated>
		<difficult>0</difficult>
		<bndbox>
			<xmin>104</xmin>
			<ymin>508</ymin>
			<xmax>121</xmax>
			<ymax>546</ymax>
		</bndbox>
	</object>
	<object>
		<name>Yellow</name>
		<pose>Unspecified</pose>
		<truncated>0</truncated>
		<difficult>0</difficult>
		<bndbox>
			<xmin>32</xmin>
			<ymin>506</ymin>
			<xmax>49</xmax>
			<ymax>544</ymax>
		</bndbox>
	</object>
</annotation>
