<annotation>
	<folder>green</folder>
	<filename>run4_336.jpg</filename>
	<path>/home/student/catkin_ws/CarND-Capstone/ros/image/green/run4_336.jpg</path>
	<source>
		<database>Unknown</database>
	</source>
	<size>
		<width>800</width>
		<height>600</height>
		<depth>3</depth>
	</size>
	<segmented>0</segmented>
	<object>
		<name>Green</name>
		<pose>Unspecified</pose>
		<truncated>0</truncated>
		<difficult>0</difficult>
		<bndbox>
			<xmin>93</xmin>
			<ymin>187</ymin>
			<xmax>159</xmax>
			<ymax>334</ymax>
		</bndbox>
	</object>
	<object>
		<name>Green</name>
		<pose>Unspecified</pose>
		<truncated>0</truncated>
		<difficult>0</difficult>
		<bndbox>
			<xmin>671</xmin>
			<ymin>207</ymin>
			<xmax>737</xmax>
			<ymax>354</ymax>
		</bndbox>
	</object>
	<object>
		<name>Green</name>
		<pose>Unspecified</pose>
		<truncated>0</truncated>
		<difficult>0</difficult>
		<bndbox>
			<xmin>385</xmin>
			<ymin>198</ymin>
			<xmax>451</xmax>
			<ymax>345</ymax>
		</bndbox>
	</object>
</annotation>
