<annotation>
	<folder>red</folder>
	<filename>run4_309.jpg</filename>
	<path>/home/student/catkin_ws/CarND-Capstone/ros/image/red/run4_309.jpg</path>
	<source>
		<database>Unknown</database>
	</source>
	<size>
		<width>800</width>
		<height>600</height>
		<depth>3</depth>
	</size>
	<segmented>0</segmented>
	<object>
		<name>Red</name>
		<pose>Unspecified</pose>
		<truncated>0</truncated>
		<difficult>0</difficult>
		<bndbox>
			<xmin>206</xmin>
			<ymin>366</ymin>
			<xmax>244</xmax>
			<ymax>453</ymax>
		</bndbox>
	</object>
	<object>
		<name>Red</name>
		<pose>Unspecified</pose>
		<truncated>0</truncated>
		<difficult>0</difficult>
		<bndbox>
			<xmin>553</xmin>
			<ymin>375</ymin>
			<xmax>591</xmax>
			<ymax>462</ymax>
		</bndbox>
	</object>
	<object>
		<name>Red</name>
		<pose>Unspecified</pose>
		<truncated>0</truncated>
		<difficult>0</difficult>
		<bndbox>
			<xmin>380</xmin>
			<ymin>369</ymin>
			<xmax>418</xmax>
			<ymax>456</ymax>
		</bndbox>
	</object>
</annotation>
