<annotation>
	<folder>green</folder>
	<filename>run4_287.jpg</filename>
	<path>/home/student/catkin_ws/CarND-Capstone/ros/image/green/run4_287.jpg</path>
	<source>
		<database>Unknown</database>
	</source>
	<size>
		<width>800</width>
		<height>600</height>
		<depth>3</depth>
	</size>
	<segmented>0</segmented>
	<object>
		<name>Green</name>
		<pose>Unspecified</pose>
		<truncated>0</truncated>
		<difficult>0</difficult>
		<bndbox>
			<xmin>81</xmin>
			<ymin>418</ymin>
			<xmax>111</xmax>
			<ymax>484</ymax>
		</bndbox>
	</object>
	<object>
		<name>Green</name>
		<pose>Unspecified</pose>
		<truncated>0</truncated>
		<difficult>0</difficult>
		<bndbox>
			<xmin>214</xmin>
			<ymin>421</ymin>
			<xmax>244</xmax>
			<ymax>487</ymax>
		</bndbox>
	</object>
	<object>
		<name>Green</name>
		<pose>Unspecified</pose>
		<truncated>0</truncated>
		<difficult>0</difficult>
		<bndbox>
			<xmin>344</xmin>
			<ymin>426</ymin>
			<xmax>374</xmax>
			<ymax>492</ymax>
		</bndbox>
	</object>
</annotation>
