<annotation>
	<folder>red</folder>
	<filename>run4_274.jpg</filename>
	<path>/home/student/catkin_ws/CarND-Capstone/ros/image/red/run4_274.jpg</path>
	<source>
		<database>Unknown</database>
	</source>
	<size>
		<width>800</width>
		<height>600</height>
		<depth>3</depth>
	</size>
	<segmented>0</segmented>
	<object>
		<name>Red</name>
		<pose>Unspecified</pose>
		<truncated>0</truncated>
		<difficult>0</difficult>
		<bndbox>
			<xmin>144</xmin>
			<ymin>463</ymin>
			<xmax>169</xmax>
			<ymax>515</ymax>
		</bndbox>
	</object>
	<object>
		<name>Red</name>
		<pose>Unspecified</pose>
		<truncated>0</truncated>
		<difficult>0</difficult>
		<bndbox>
			<xmin>347</xmin>
			<ymin>468</ymin>
			<xmax>372</xmax>
			<ymax>520</ymax>
		</bndbox>
	</object>
	<object>
		<name>Red</name>
		<pose>Unspecified</pose>
		<truncated>0</truncated>
		<difficult>0</difficult>
		<bndbox>
			<xmin>245</xmin>
			<ymin>465</ymin>
			<xmax>270</xmax>
			<ymax>517</ymax>
		</bndbox>
	</object>
</annotation>
