<annotation>
	<folder>red</folder>
	<filename>run4_255.jpg</filename>
	<path>/home/student/catkin_ws/CarND-Capstone/ros/image/red/run4_255.jpg</path>
	<source>
		<database>Unknown</database>
	</source>
	<size>
		<width>800</width>
		<height>600</height>
		<depth>3</depth>
	</size>
	<segmented>0</segmented>
	<object>
		<name>Red</name>
		<pose>Unspecified</pose>
		<truncated>0</truncated>
		<difficult>0</difficult>
		<bndbox>
			<xmin>148</xmin>
			<ymin>495</ymin>
			<xmax>166</xmax>
			<ymax>536</ymax>
		</bndbox>
	</object>
	<object>
		<name>Red</name>
		<pose>Unspecified</pose>
		<truncated>0</truncated>
		<difficult>0</difficult>
		<bndbox>
			<xmin>66</xmin>
			<ymin>492</ymin>
			<xmax>84</xmax>
			<ymax>533</ymax>
		</bndbox>
	</object>
</annotation>
