<annotation>
	<folder>red</folder>
	<filename>run4_329.jpg</filename>
	<path>/home/student/catkin_ws/CarND-Capstone/ros/image/red/run4_329.jpg</path>
	<source>
		<database>Unknown</database>
	</source>
	<size>
		<width>800</width>
		<height>600</height>
		<depth>3</depth>
	</size>
	<segmented>0</segmented>
	<object>
		<name>Red</name>
		<pose>Unspecified</pose>
		<truncated>0</truncated>
		<difficult>0</difficult>
		<bndbox>
			<xmin>620</xmin>
			<ymin>268</ymin>
			<xmax>674</xmax>
			<ymax>388</ymax>
		</bndbox>
	</object>
	<object>
		<name>Red</name>
		<pose>Unspecified</pose>
		<truncated>0</truncated>
		<difficult>0</difficult>
		<bndbox>
			<xmin>379</xmin>
			<ymin>261</ymin>
			<xmax>433</xmax>
			<ymax>381</ymax>
		</bndbox>
	</object>
	<object>
		<name>Red</name>
		<pose>Unspecified</pose>
		<truncated>0</truncated>
		<difficult>0</difficult>
		<bndbox>
			<xmin>134</xmin>
			<ymin>254</ymin>
			<xmax>188</xmax>
			<ymax>374</ymax>
		</bndbox>
	</object>
</annotation>
