<annotation>
	<folder>red</folder>
	<filename>run4_105.jpg</filename>
	<path>/home/student/catkin_ws/CarND-Capstone/ros/image/red/run4_105.jpg</path>
	<source>
		<database>Unknown</database>
	</source>
	<size>
		<width>800</width>
		<height>600</height>
		<depth>3</depth>
	</size>
	<segmented>0</segmented>
	<object>
		<name>Red</name>
		<pose>Unspecified</pose>
		<truncated>0</truncated>
		<difficult>0</difficult>
		<bndbox>
			<xmin>231</xmin>
			<ymin>484</ymin>
			<xmax>250</xmax>
			<ymax>527</ymax>
		</bndbox>
	</object>
	<object>
		<name>Red</name>
		<pose>Unspecified</pose>
		<truncated>0</truncated>
		<difficult>0</difficult>
		<bndbox>
			<xmin>140</xmin>
			<ymin>479</ymin>
			<xmax>163</xmax>
			<ymax>525</ymax>
		</bndbox>
	</object>
	<object>
		<name>Red</name>
		<pose>Unspecified</pose>
		<truncated>0</truncated>
		<difficult>0</difficult>
		<bndbox>
			<xmin>48</xmin>
			<ymin>476</ymin>
			<xmax>71</xmax>
			<ymax>522</ymax>
		</bndbox>
	</object>
</annotation>
