<annotation>
	<folder>green</folder>
	<filename>run4_177.jpg</filename>
	<path>/home/student/catkin_ws/CarND-Capstone/ros/image/green/run4_177.jpg</path>
	<source>
		<database>Unknown</database>
	</source>
	<size>
		<width>800</width>
		<height>600</height>
		<depth>3</depth>
	</size>
	<segmented>0</segmented>
	<object>
		<name>Green</name>
		<pose>Unspecified</pose>
		<truncated>0</truncated>
		<difficult>0</difficult>
		<bndbox>
			<xmin>259</xmin>
			<ymin>292</ymin>
			<xmax>312</xmax>
			<ymax>410</ymax>
		</bndbox>
	</object>
	<object>
		<name>Green</name>
		<pose>Unspecified</pose>
		<truncated>0</truncated>
		<difficult>0</difficult>
		<bndbox>
			<xmin>710</xmin>
			<ymin>309</ymin>
			<xmax>761</xmax>
			<ymax>425</ymax>
		</bndbox>
	</object>
	<object>
		<name>Green</name>
		<pose>Unspecified</pose>
		<truncated>0</truncated>
		<difficult>0</difficult>
		<bndbox>
			<xmin>486</xmin>
			<ymin>301</ymin>
			<xmax>538</xmax>
			<ymax>417</ymax>
		</bndbox>
	</object>
</annotation>
