<annotation>
	<folder>green</folder>
	<filename>run4_234.jpg</filename>
	<path>/home/student/catkin_ws/CarND-Capstone/ros/image/green/run4_234.jpg</path>
	<source>
		<database>Unknown</database>
	</source>
	<size>
		<width>800</width>
		<height>600</height>
		<depth>3</depth>
	</size>
	<segmented>0</segmented>
	<object>
		<name>Green</name>
		<pose>Unspecified</pose>
		<truncated>0</truncated>
		<difficult>0</difficult>
		<bndbox>
			<xmin>136</xmin>
			<ymin>531</ymin>
			<xmax>149</xmax>
			<ymax>559</ymax>
		</bndbox>
	</object>
	<object>
		<name>Green</name>
		<pose>Unspecified</pose>
		<truncated>0</truncated>
		<difficult>0</difficult>
		<bndbox>
			<xmin>192</xmin>
			<ymin>531</ymin>
			<xmax>205</xmax>
			<ymax>559</ymax>
		</bndbox>
	</object>
	<object>
		<name>Green</name>
		<pose>Unspecified</pose>
		<truncated>0</truncated>
		<difficult>0</difficult>
		<bndbox>
			<xmin>249</xmin>
			<ymin>533</ymin>
			<xmax>262</xmax>
			<ymax>561</ymax>
		</bndbox>
	</object>
</annotation>
