<annotation>
	<folder>red</folder>
	<filename>run4_266.jpg</filename>
	<path>/home/student/catkin_ws/CarND-Capstone/ros/image/red/run4_266.jpg</path>
	<source>
		<database>Unknown</database>
	</source>
	<size>
		<width>800</width>
		<height>600</height>
		<depth>3</depth>
	</size>
	<segmented>0</segmented>
	<object>
		<name>Red</name>
		<pose>Unspecified</pose>
		<truncated>0</truncated>
		<difficult>0</difficult>
		<bndbox>
			<xmin>159</xmin>
			<ymin>475</ymin>
			<xmax>180</xmax>
			<ymax>523</ymax>
		</bndbox>
	</object>
	<object>
		<name>Red</name>
		<pose>Unspecified</pose>
		<truncated>0</truncated>
		<difficult>0</difficult>
		<bndbox>
			<xmin>344</xmin>
			<ymin>480</ymin>
			<xmax>365</xmax>
			<ymax>528</ymax>
		</bndbox>
	</object>
	<object>
		<name>Red</name>
		<pose>Unspecified</pose>
		<truncated>0</truncated>
		<difficult>0</difficult>
		<bndbox>
			<xmin>252</xmin>
			<ymin>478</ymin>
			<xmax>273</xmax>
			<ymax>526</ymax>
		</bndbox>
	</object>
</annotation>
