<annotation>
	<folder>red</folder>
	<filename>run4_303.jpg</filename>
	<path>/home/student/catkin_ws/CarND-Capstone/ros/image/red/run4_303.jpg</path>
	<source>
		<database>Unknown</database>
	</source>
	<size>
		<width>800</width>
		<height>600</height>
		<depth>3</depth>
	</size>
	<segmented>0</segmented>
	<object>
		<name>Red</name>
		<pose>Unspecified</pose>
		<truncated>0</truncated>
		<difficult>0</difficult>
		<bndbox>
			<xmin>130</xmin>
			<ymin>377</ymin>
			<xmax>168</xmax>
			<ymax>460</ymax>
		</bndbox>
	</object>
	<object>
		<name>Red</name>
		<pose>Unspecified</pose>
		<truncated>0</truncated>
		<difficult>0</difficult>
		<bndbox>
			<xmin>453</xmin>
			<ymin>387</ymin>
			<xmax>491</xmax>
			<ymax>470</ymax>
		</bndbox>
	</object>
	<object>
		<name>Red</name>
		<pose>Unspecified</pose>
		<truncated>0</truncated>
		<difficult>0</difficult>
		<bndbox>
			<xmin>292</xmin>
			<ymin>382</ymin>
			<xmax>330</xmax>
			<ymax>465</ymax>
		</bndbox>
	</object>
</annotation>
