<annotation>
	<folder>red</folder>
	<filename>run4_267.jpg</filename>
	<path>/home/student/catkin_ws/CarND-Capstone/ros/image/red/run4_267.jpg</path>
	<source>
		<database>Unknown</database>
	</source>
	<size>
		<width>800</width>
		<height>600</height>
		<depth>3</depth>
	</size>
	<segmented>0</segmented>
	<object>
		<name>Red</name>
		<pose>Unspecified</pose>
		<truncated>0</truncated>
		<difficult>0</difficult>
		<bndbox>
			<xmin>346</xmin>
			<ymin>479</ymin>
			<xmax>367</xmax>
			<ymax>527</ymax>
		</bndbox>
	</object>
	<object>
		<name>Red</name>
		<pose>Unspecified</pose>
		<truncated>0</truncated>
		<difficult>0</difficult>
		<bndbox>
			<xmin>253</xmin>
			<ymin>478</ymin>
			<xmax>274</xmax>
			<ymax>526</ymax>
		</bndbox>
	</object>
	<object>
		<name>Red</name>
		<pose>Unspecified</pose>
		<truncated>0</truncated>
		<difficult>0</difficult>
		<bndbox>
			<xmin>160</xmin>
			<ymin>474</ymin>
			<xmax>181</xmax>
			<ymax>522</ymax>
		</bndbox>
	</object>
</annotation>
