<annotation>
	<folder>red</folder>
	<filename>run4_222.jpg</filename>
	<path>/home/student/catkin_ws/CarND-Capstone/ros/image/red/run4_222.jpg</path>
	<source>
		<database>Unknown</database>
	</source>
	<size>
		<width>800</width>
		<height>600</height>
		<depth>3</depth>
	</size>
	<segmented>0</segmented>
	<object>
		<name>Red</name>
		<pose>Unspecified</pose>
		<truncated>0</truncated>
		<difficult>0</difficult>
		<bndbox>
			<xmin>337</xmin>
			<ymin>547</ymin>
			<xmax>348</xmax>
			<ymax>571</ymax>
		</bndbox>
	</object>
	<object>
		<name>Red</name>
		<pose>Unspecified</pose>
		<truncated>0</truncated>
		<difficult>0</difficult>
		<bndbox>
			<xmin>419</xmin>
			<ymin>548</ymin>
			<xmax>430</xmax>
			<ymax>572</ymax>
		</bndbox>
	</object>
	<object>
		<name>Red</name>
		<pose>Unspecified</pose>
		<truncated>0</truncated>
		<difficult>0</difficult>
		<bndbox>
			<xmin>379</xmin>
			<ymin>548</ymin>
			<xmax>389</xmax>
			<ymax>571</ymax>
		</bndbox>
	</object>
</annotation>
