<annotation>
	<folder>green</folder>
	<filename>run4_24.jpg</filename>
	<path>/home/student/catkin_ws/CarND-Capstone/ros/image/green/run4_24.jpg</path>
	<source>
		<database>Unknown</database>
	</source>
	<size>
		<width>800</width>
		<height>600</height>
		<depth>3</depth>
	</size>
	<segmented>0</segmented>
	<object>
		<name>Green</name>
		<pose>Unspecified</pose>
		<truncated>0</truncated>
		<difficult>0</difficult>
		<bndbox>
			<xmin>253</xmin>
			<ymin>567</ymin>
			<xmax>262</xmax>
			<ymax>587</ymax>
		</bndbox>
	</object>
	<object>
		<name>Green</name>
		<pose>Unspecified</pose>
		<truncated>0</truncated>
		<difficult>0</difficult>
		<bndbox>
			<xmin>285</xmin>
			<ymin>567</ymin>
			<xmax>292</xmax>
			<ymax>586</ymax>
		</bndbox>
	</object>
	<object>
		<name>Green</name>
		<pose>Unspecified</pose>
		<truncated>0</truncated>
		<difficult>0</difficult>
		<bndbox>
			<xmin>318</xmin>
			<ymin>569</ymin>
			<xmax>326</xmax>
			<ymax>587</ymax>
		</bndbox>
	</object>
</annotation>
