<annotation>
	<folder>red</folder>
	<filename>run4_315.jpg</filename>
	<path>/home/student/catkin_ws/CarND-Capstone/ros/image/red/run4_315.jpg</path>
	<source>
		<database>Unknown</database>
	</source>
	<size>
		<width>800</width>
		<height>600</height>
		<depth>3</depth>
	</size>
	<segmented>0</segmented>
	<object>
		<name>Red</name>
		<pose>Unspecified</pose>
		<truncated>0</truncated>
		<difficult>0</difficult>
		<bndbox>
			<xmin>386</xmin>
			<ymin>336</ymin>
			<xmax>432</xmax>
			<ymax>438</ymax>
		</bndbox>
	</object>
	<object>
		<name>Red</name>
		<pose>Unspecified</pose>
		<truncated>0</truncated>
		<difficult>0</difficult>
		<bndbox>
			<xmin>587</xmin>
			<ymin>340</ymin>
			<xmax>632</xmax>
			<ymax>443</ymax>
		</bndbox>
	</object>
	<object>
		<name>Red</name>
		<pose>Unspecified</pose>
		<truncated>0</truncated>
		<difficult>0</difficult>
		<bndbox>
			<xmin>180</xmin>
			<ymin>330</ymin>
			<xmax>225</xmax>
			<ymax>431</ymax>
		</bndbox>
	</object>
</annotation>
