<annotation>
	<folder>red</folder>
	<filename>run4_325.jpg</filename>
	<path>/home/student/catkin_ws/CarND-Capstone/ros/image/red/run4_325.jpg</path>
	<source>
		<database>Unknown</database>
	</source>
	<size>
		<width>800</width>
		<height>600</height>
		<depth>3</depth>
	</size>
	<segmented>0</segmented>
	<object>
		<name>Red</name>
		<pose>Unspecified</pose>
		<truncated>0</truncated>
		<difficult>0</difficult>
		<bndbox>
			<xmin>151</xmin>
			<ymin>296</ymin>
			<xmax>203</xmax>
			<ymax>409</ymax>
		</bndbox>
	</object>
	<object>
		<name>Red</name>
		<pose>Unspecified</pose>
		<truncated>0</truncated>
		<difficult>0</difficult>
		<bndbox>
			<xmin>601</xmin>
			<ymin>309</ymin>
			<xmax>653</xmax>
			<ymax>422</ymax>
		</bndbox>
	</object>
	<object>
		<name>Red</name>
		<pose>Unspecified</pose>
		<truncated>0</truncated>
		<difficult>0</difficult>
		<bndbox>
			<xmin>377</xmin>
			<ymin>303</ymin>
			<xmax>429</xmax>
			<ymax>416</ymax>
		</bndbox>
	</object>
</annotation>
