<annotation>
	<folder>green</folder>
	<filename>run4_235.jpg</filename>
	<path>/home/student/catkin_ws/CarND-Capstone/ros/image/green/run4_235.jpg</path>
	<source>
		<database>Unknown</database>
	</source>
	<size>
		<width>800</width>
		<height>600</height>
		<depth>3</depth>
	</size>
	<segmented>0</segmented>
	<object>
		<name>Green</name>
		<pose>Unspecified</pose>
		<truncated>0</truncated>
		<difficult>0</difficult>
		<bndbox>
			<xmin>618</xmin>
			<ymin>537</ymin>
			<xmax>632</xmax>
			<ymax>567</ymax>
		</bndbox>
	</object>
	<object>
		<name>Green</name>
		<pose>Unspecified</pose>
		<truncated>0</truncated>
		<difficult>0</difficult>
		<bndbox>
			<xmin>735</xmin>
			<ymin>539</ymin>
			<xmax>749</xmax>
			<ymax>569</ymax>
		</bndbox>
	</object>
	<object>
		<name>Green</name>
		<pose>Unspecified</pose>
		<truncated>0</truncated>
		<difficult>0</difficult>
		<bndbox>
			<xmin>676</xmin>
			<ymin>538</ymin>
			<xmax>690</xmax>
			<ymax>568</ymax>
		</bndbox>
	</object>
</annotation>
