<annotation>
	<folder>red</folder>
	<filename>run4_254.jpg</filename>
	<path>/home/student/catkin_ws/CarND-Capstone/ros/image/red/run4_254.jpg</path>
	<source>
		<database>Unknown</database>
	</source>
	<size>
		<width>800</width>
		<height>600</height>
		<depth>3</depth>
	</size>
	<segmented>0</segmented>
	<object>
		<name>Red</name>
		<pose>Unspecified</pose>
		<truncated>1</truncated>
		<difficult>0</difficult>
		<bndbox>
			<xmin>1</xmin>
			<ymin>490</ymin>
			<xmax>10</xmax>
			<ymax>533</ymax>
		</bndbox>
	</object>
	<object>
		<name>Red</name>
		<pose>Unspecified</pose>
		<truncated>0</truncated>
		<difficult>0</difficult>
		<bndbox>
			<xmin>73</xmin>
			<ymin>493</ymin>
			<xmax>91</xmax>
			<ymax>534</ymax>
		</bndbox>
	</object>
	<object>
		<name>Red</name>
		<pose>Unspecified</pose>
		<truncated>0</truncated>
		<difficult>0</difficult>
		<bndbox>
			<xmin>152</xmin>
			<ymin>498</ymin>
			<xmax>170</xmax>
			<ymax>539</ymax>
		</bndbox>
	</object>
</annotation>
