<annotation>
	<folder>red</folder>
	<filename>run4_323.jpg</filename>
	<path>/home/student/catkin_ws/CarND-Capstone/ros/image/red/run4_323.jpg</path>
	<source>
		<database>Unknown</database>
	</source>
	<size>
		<width>800</width>
		<height>600</height>
		<depth>3</depth>
	</size>
	<segmented>0</segmented>
	<object>
		<name>Red</name>
		<pose>Unspecified</pose>
		<truncated>0</truncated>
		<difficult>0</difficult>
		<bndbox>
			<xmin>152</xmin>
			<ymin>297</ymin>
			<xmax>204</xmax>
			<ymax>410</ymax>
		</bndbox>
	</object>
	<object>
		<name>Red</name>
		<pose>Unspecified</pose>
		<truncated>0</truncated>
		<difficult>0</difficult>
		<bndbox>
			<xmin>153</xmin>
			<ymin>299</ymin>
			<xmax>205</xmax>
			<ymax>412</ymax>
		</bndbox>
	</object>
	<object>
		<name>Red</name>
		<pose>Unspecified</pose>
		<truncated>0</truncated>
		<difficult>0</difficult>
		<bndbox>
			<xmin>602</xmin>
			<ymin>310</ymin>
			<xmax>654</xmax>
			<ymax>423</ymax>
		</bndbox>
	</object>
	<object>
		<name>Red</name>
		<pose>Unspecified</pose>
		<truncated>0</truncated>
		<difficult>0</difficult>
		<bndbox>
			<xmin>380</xmin>
			<ymin>306</ymin>
			<xmax>432</xmax>
			<ymax>419</ymax>
		</bndbox>
	</object>
</annotation>
