<annotation>
	<folder>green</folder>
	<filename>run4_285.jpg</filename>
	<path>/home/student/catkin_ws/CarND-Capstone/ros/image/green/run4_285.jpg</path>
	<source>
		<database>Unknown</database>
	</source>
	<size>
		<width>800</width>
		<height>600</height>
		<depth>3</depth>
	</size>
	<segmented>0</segmented>
	<object>
		<name>Green</name>
		<pose>Unspecified</pose>
		<truncated>0</truncated>
		<difficult>0</difficult>
		<bndbox>
			<xmin>90</xmin>
			<ymin>421</ymin>
			<xmax>120</xmax>
			<ymax>487</ymax>
		</bndbox>
	</object>
	<object>
		<name>Green</name>
		<pose>Unspecified</pose>
		<truncated>0</truncated>
		<difficult>0</difficult>
		<bndbox>
			<xmin>217</xmin>
			<ymin>426</ymin>
			<xmax>248</xmax>
			<ymax>492</ymax>
		</bndbox>
	</object>
	<object>
		<name>Green</name>
		<pose>Unspecified</pose>
		<truncated>0</truncated>
		<difficult>0</difficult>
		<bndbox>
			<xmin>345</xmin>
			<ymin>430</ymin>
			<xmax>374</xmax>
			<ymax>497</ymax>
		</bndbox>
	</object>
</annotation>
