<annotation>
	<folder>red</folder>
	<filename>run4_265.jpg</filename>
	<path>/home/student/catkin_ws/CarND-Capstone/ros/image/red/run4_265.jpg</path>
	<source>
		<database>Unknown</database>
	</source>
	<size>
		<width>800</width>
		<height>600</height>
		<depth>3</depth>
	</size>
	<segmented>0</segmented>
	<object>
		<name>Red</name>
		<pose>Unspecified</pose>
		<truncated>0</truncated>
		<difficult>0</difficult>
		<bndbox>
			<xmin>252</xmin>
			<ymin>479</ymin>
			<xmax>273</xmax>
			<ymax>526</ymax>
		</bndbox>
	</object>
	<object>
		<name>Red</name>
		<pose>Unspecified</pose>
		<truncated>0</truncated>
		<difficult>0</difficult>
		<bndbox>
			<xmin>343</xmin>
			<ymin>481</ymin>
			<xmax>364</xmax>
			<ymax>528</ymax>
		</bndbox>
	</object>
	<object>
		<name>Red</name>
		<pose>Unspecified</pose>
		<truncated>0</truncated>
		<difficult>0</difficult>
		<bndbox>
			<xmin>160</xmin>
			<ymin>477</ymin>
			<xmax>181</xmax>
			<ymax>524</ymax>
		</bndbox>
	</object>
</annotation>
