<annotation>
	<folder>green</folder>
	<filename>run4_232.jpg</filename>
	<path>/home/student/catkin_ws/CarND-Capstone/ros/image/green/run4_232.jpg</path>
	<source>
		<database>Unknown</database>
	</source>
	<size>
		<width>800</width>
		<height>600</height>
		<depth>3</depth>
	</size>
	<segmented>0</segmented>
	<object>
		<name>Green</name>
		<pose>Unspecified</pose>
		<truncated>0</truncated>
		<difficult>0</difficult>
		<bndbox>
			<xmin>149</xmin>
			<ymin>534</ymin>
			<xmax>161</xmax>
			<ymax>562</ymax>
		</bndbox>
	</object>
	<object>
		<name>Green</name>
		<pose>Unspecified</pose>
		<truncated>0</truncated>
		<difficult>0</difficult>
		<bndbox>
			<xmin>95</xmin>
			<ymin>531</ymin>
			<xmax>107</xmax>
			<ymax>559</ymax>
		</bndbox>
	</object>
	<object>
		<name>Green</name>
		<pose>Unspecified</pose>
		<truncated>0</truncated>
		<difficult>0</difficult>
		<bndbox>
			<xmin>40</xmin>
			<ymin>529</ymin>
			<xmax>52</xmax>
			<ymax>557</ymax>
		</bndbox>
	</object>
</annotation>
