<annotation>
	<folder>red</folder>
	<filename>run4_211.jpg</filename>
	<path>/home/student/catkin_ws/CarND-Capstone/ros/image/red/run4_211.jpg</path>
	<source>
		<database>Unknown</database>
	</source>
	<size>
		<width>800</width>
		<height>600</height>
		<depth>3</depth>
	</size>
	<segmented>0</segmented>
	<object>
		<name>Red</name>
		<pose>Unspecified</pose>
		<truncated>0</truncated>
		<difficult>0</difficult>
		<bndbox>
			<xmin>273</xmin>
			<ymin>552</ymin>
			<xmax>281</xmax>
			<ymax>573</ymax>
		</bndbox>
	</object>
	<object>
		<name>Red</name>
		<pose>Unspecified</pose>
		<truncated>0</truncated>
		<difficult>0</difficult>
		<bndbox>
			<xmin>309</xmin>
			<ymin>554</ymin>
			<xmax>319</xmax>
			<ymax>575</ymax>
		</bndbox>
	</object>
	<object>
		<name>Red</name>
		<pose>Unspecified</pose>
		<truncated>0</truncated>
		<difficult>0</difficult>
		<bndbox>
			<xmin>347</xmin>
			<ymin>555</ymin>
			<xmax>355</xmax>
			<ymax>574</ymax>
		</bndbox>
	</object>
</annotation>
