<annotation>
	<folder>red</folder>
	<filename>run4_260.jpg</filename>
	<path>/home/student/catkin_ws/CarND-Capstone/ros/image/red/run4_260.jpg</path>
	<source>
		<database>Unknown</database>
	</source>
	<size>
		<width>800</width>
		<height>600</height>
		<depth>3</depth>
	</size>
	<segmented>0</segmented>
	<object>
		<name>Red</name>
		<pose>Unspecified</pose>
		<truncated>0</truncated>
		<difficult>0</difficult>
		<bndbox>
			<xmin>134</xmin>
			<ymin>486</ymin>
			<xmax>154</xmax>
			<ymax>530</ymax>
		</bndbox>
	</object>
	<object>
		<name>Red</name>
		<pose>Unspecified</pose>
		<truncated>0</truncated>
		<difficult>0</difficult>
		<bndbox>
			<xmin>45</xmin>
			<ymin>482</ymin>
			<xmax>66</xmax>
			<ymax>527</ymax>
		</bndbox>
	</object>
</annotation>
