<annotation>
	<folder>red</folder>
	<filename>run4_324.jpg</filename>
	<path>/home/student/catkin_ws/CarND-Capstone/ros/image/red/run4_324.jpg</path>
	<source>
		<database>Unknown</database>
	</source>
	<size>
		<width>800</width>
		<height>600</height>
		<depth>3</depth>
	</size>
	<segmented>0</segmented>
	<object>
		<name>Red</name>
		<pose>Unspecified</pose>
		<truncated>0</truncated>
		<difficult>0</difficult>
		<bndbox>
			<xmin>152</xmin>
			<ymin>297</ymin>
			<xmax>204</xmax>
			<ymax>410</ymax>
		</bndbox>
	</object>
	<object>
		<name>Red</name>
		<pose>Unspecified</pose>
		<truncated>0</truncated>
		<difficult>0</difficult>
		<bndbox>
			<xmin>602</xmin>
			<ymin>311</ymin>
			<xmax>654</xmax>
			<ymax>424</ymax>
		</bndbox>
	</object>
	<object>
		<name>Red</name>
		<pose>Unspecified</pose>
		<truncated>0</truncated>
		<difficult>0</difficult>
		<bndbox>
			<xmin>378</xmin>
			<ymin>304</ymin>
			<xmax>430</xmax>
			<ymax>417</ymax>
		</bndbox>
	</object>
</annotation>
