<annotation>
	<folder>green</folder>
	<filename>run4_114.jpg</filename>
	<path>/home/student/catkin_ws/CarND-Capstone/ros/image/green/run4_114.jpg</path>
	<source>
		<database>Unknown</database>
	</source>
	<size>
		<width>800</width>
		<height>600</height>
		<depth>3</depth>
	</size>
	<segmented>0</segmented>
	<object>
		<name>Green</name>
		<pose>Unspecified</pose>
		<truncated>0</truncated>
		<difficult>0</difficult>
		<bndbox>
			<xmin>448</xmin>
			<ymin>467</ymin>
			<xmax>472</xmax>
			<ymax>520</ymax>
		</bndbox>
	</object>
	<object>
		<name>Green</name>
		<pose>Unspecified</pose>
		<truncated>0</truncated>
		<difficult>0</difficult>
		<bndbox>
			<xmin>346</xmin>
			<ymin>465</ymin>
			<xmax>370</xmax>
			<ymax>518</ymax>
		</bndbox>
	</object>
	<object>
		<name>Green</name>
		<pose>Unspecified</pose>
		<truncated>0</truncated>
		<difficult>0</difficult>
		<bndbox>
			<xmin>243</xmin>
			<ymin>461</ymin>
			<xmax>267</xmax>
			<ymax>514</ymax>
		</bndbox>
	</object>
</annotation>
