<annotation>
	<folder>green</folder>
	<filename>run4_293.jpg</filename>
	<path>/home/student/catkin_ws/CarND-Capstone/ros/image/green/run4_293.jpg</path>
	<source>
		<database>Unknown</database>
	</source>
	<size>
		<width>800</width>
		<height>600</height>
		<depth>3</depth>
	</size>
	<segmented>0</segmented>
	<object>
		<name>Green</name>
		<pose>Unspecified</pose>
		<truncated>0</truncated>
		<difficult>0</difficult>
		<bndbox>
			<xmin>57</xmin>
			<ymin>401</ymin>
			<xmax>90</xmax>
			<ymax>477</ymax>
		</bndbox>
	</object>
	<object>
		<name>Green</name>
		<pose>Unspecified</pose>
		<truncated>0</truncated>
		<difficult>0</difficult>
		<bndbox>
			<xmin>200</xmin>
			<ymin>406</ymin>
			<xmax>235</xmax>
			<ymax>481</ymax>
		</bndbox>
	</object>
	<object>
		<name>Green</name>
		<pose>Unspecified</pose>
		<truncated>0</truncated>
		<difficult>0</difficult>
		<bndbox>
			<xmin>342</xmin>
			<ymin>411</ymin>
			<xmax>375</xmax>
			<ymax>485</ymax>
		</bndbox>
	</object>
</annotation>
