<annotation>
	<folder>green</folder>
	<filename>run4_129.jpg</filename>
	<path>/home/student/catkin_ws/CarND-Capstone/ros/image/green/run4_129.jpg</path>
	<source>
		<database>Unknown</database>
	</source>
	<size>
		<width>800</width>
		<height>600</height>
		<depth>3</depth>
	</size>
	<segmented>0</segmented>
	<object>
		<name>Green</name>
		<pose>Unspecified</pose>
		<truncated>0</truncated>
		<difficult>0</difficult>
		<bndbox>
			<xmin>218</xmin>
			<ymin>430</ymin>
			<xmax>248</xmax>
			<ymax>494</ymax>
		</bndbox>
	</object>
	<object>
		<name>Green</name>
		<pose>Unspecified</pose>
		<truncated>0</truncated>
		<difficult>0</difficult>
		<bndbox>
			<xmin>342</xmin>
			<ymin>434</ymin>
			<xmax>372</xmax>
			<ymax>498</ymax>
		</bndbox>
	</object>
	<object>
		<name>Green</name>
		<pose>Unspecified</pose>
		<truncated>0</truncated>
		<difficult>0</difficult>
		<bndbox>
			<xmin>463</xmin>
			<ymin>439</ymin>
			<xmax>493</xmax>
			<ymax>503</ymax>
		</bndbox>
	</object>
</annotation>
