<annotation>
	<folder>red</folder>
	<filename>run4_320.jpg</filename>
	<path>/home/student/catkin_ws/CarND-Capstone/ros/image/red/run4_320.jpg</path>
	<source>
		<database>Unknown</database>
	</source>
	<size>
		<width>800</width>
		<height>600</height>
		<depth>3</depth>
	</size>
	<segmented>0</segmented>
	<object>
		<name>Red</name>
		<pose>Unspecified</pose>
		<truncated>0</truncated>
		<difficult>0</difficult>
		<bndbox>
			<xmin>382</xmin>
			<ymin>306</ymin>
			<xmax>433</xmax>
			<ymax>419</ymax>
		</bndbox>
	</object>
	<object>
		<name>Red</name>
		<pose>Unspecified</pose>
		<truncated>0</truncated>
		<difficult>0</difficult>
		<bndbox>
			<xmin>602</xmin>
			<ymin>314</ymin>
			<xmax>653</xmax>
			<ymax>425</ymax>
		</bndbox>
	</object>
	<object>
		<name>Red</name>
		<pose>Unspecified</pose>
		<truncated>0</truncated>
		<difficult>0</difficult>
		<bndbox>
			<xmin>157</xmin>
			<ymin>301</ymin>
			<xmax>209</xmax>
			<ymax>413</ymax>
		</bndbox>
	</object>
</annotation>
