<annotation>
	<folder>green</folder>
	<filename>run4_118.jpg</filename>
	<path>/home/student/catkin_ws/CarND-Capstone/ros/image/green/run4_118.jpg</path>
	<source>
		<database>Unknown</database>
	</source>
	<size>
		<width>800</width>
		<height>600</height>
		<depth>3</depth>
	</size>
	<segmented>0</segmented>
	<object>
		<name>Green</name>
		<pose>Unspecified</pose>
		<truncated>0</truncated>
		<difficult>0</difficult>
		<bndbox>
			<xmin>237</xmin>
			<ymin>456</ymin>
			<xmax>262</xmax>
			<ymax>511</ymax>
		</bndbox>
	</object>
	<object>
		<name>Green</name>
		<pose>Unspecified</pose>
		<truncated>0</truncated>
		<difficult>0</difficult>
		<bndbox>
			<xmin>450</xmin>
			<ymin>462</ymin>
			<xmax>478</xmax>
			<ymax>517</ymax>
		</bndbox>
	</object>
	<object>
		<name>Green</name>
		<pose>Unspecified</pose>
		<truncated>0</truncated>
		<difficult>0</difficult>
		<bndbox>
			<xmin>344</xmin>
			<ymin>459</ymin>
			<xmax>370</xmax>
			<ymax>513</ymax>
		</bndbox>
	</object>
</annotation>
