<annotation>
	<folder>red</folder>
	<filename>run4_268.jpg</filename>
	<path>/home/student/catkin_ws/CarND-Capstone/ros/image/red/run4_268.jpg</path>
	<source>
		<database>Unknown</database>
	</source>
	<size>
		<width>800</width>
		<height>600</height>
		<depth>3</depth>
	</size>
	<segmented>0</segmented>
	<object>
		<name>Red</name>
		<pose>Unspecified</pose>
		<truncated>0</truncated>
		<difficult>0</difficult>
		<bndbox>
			<xmin>158</xmin>
			<ymin>472</ymin>
			<xmax>179</xmax>
			<ymax>520</ymax>
		</bndbox>
	</object>
	<object>
		<name>Red</name>
		<pose>Unspecified</pose>
		<truncated>0</truncated>
		<difficult>0</difficult>
		<bndbox>
			<xmin>348</xmin>
			<ymin>479</ymin>
			<xmax>369</xmax>
			<ymax>527</ymax>
		</bndbox>
	</object>
	<object>
		<name>Red</name>
		<pose>Unspecified</pose>
		<truncated>0</truncated>
		<difficult>0</difficult>
		<bndbox>
			<xmin>254</xmin>
			<ymin>476</ymin>
			<xmax>275</xmax>
			<ymax>524</ymax>
		</bndbox>
	</object>
</annotation>
