<annotation>
	<folder>red</folder>
	<filename>run4_307.jpg</filename>
	<path>/home/student/catkin_ws/CarND-Capstone/ros/image/red/run4_307.jpg</path>
	<source>
		<database>Unknown</database>
	</source>
	<size>
		<width>800</width>
		<height>600</height>
		<depth>3</depth>
	</size>
	<segmented>0</segmented>
	<object>
		<name>Red</name>
		<pose>Unspecified</pose>
		<truncated>0</truncated>
		<difficult>0</difficult>
		<bndbox>
			<xmin>209</xmin>
			<ymin>369</ymin>
			<xmax>247</xmax>
			<ymax>456</ymax>
		</bndbox>
	</object>
	<object>
		<name>Red</name>
		<pose>Unspecified</pose>
		<truncated>0</truncated>
		<difficult>0</difficult>
		<bndbox>
			<xmin>548</xmin>
			<ymin>378</ymin>
			<xmax>586</xmax>
			<ymax>465</ymax>
		</bndbox>
	</object>
	<object>
		<name>Red</name>
		<pose>Unspecified</pose>
		<truncated>0</truncated>
		<difficult>0</difficult>
		<bndbox>
			<xmin>379</xmin>
			<ymin>375</ymin>
			<xmax>417</xmax>
			<ymax>462</ymax>
		</bndbox>
	</object>
</annotation>
