<annotation>
	<folder>red</folder>
	<filename>run4_262.jpg</filename>
	<path>/home/student/catkin_ws/CarND-Capstone/ros/image/red/run4_262.jpg</path>
	<source>
		<database>Unknown</database>
	</source>
	<size>
		<width>800</width>
		<height>600</height>
		<depth>3</depth>
	</size>
	<segmented>0</segmented>
	<object>
		<name>Red</name>
		<pose>Unspecified</pose>
		<truncated>0</truncated>
		<difficult>0</difficult>
		<bndbox>
			<xmin>157</xmin>
			<ymin>482</ymin>
			<xmax>177</xmax>
			<ymax>528</ymax>
		</bndbox>
	</object>
	<object>
		<name>Red</name>
		<pose>Unspecified</pose>
		<truncated>0</truncated>
		<difficult>0</difficult>
		<bndbox>
			<xmin>245</xmin>
			<ymin>484</ymin>
			<xmax>265</xmax>
			<ymax>531</ymax>
		</bndbox>
	</object>
	<object>
		<name>Red</name>
		<pose>Unspecified</pose>
		<truncated>0</truncated>
		<difficult>0</difficult>
		<bndbox>
			<xmin>67</xmin>
			<ymin>479</ymin>
			<xmax>85</xmax>
			<ymax>524</ymax>
		</bndbox>
	</object>
</annotation>
