<annotation>
	<folder>yellow</folder>
	<filename>run4_138.jpg</filename>
	<path>/home/student/catkin_ws/CarND-Capstone/ros/image/yellow/run4_138.jpg</path>
	<source>
		<database>Unknown</database>
	</source>
	<size>
		<width>800</width>
		<height>600</height>
		<depth>3</depth>
	</size>
	<segmented>0</segmented>
	<object>
		<name>Yellow</name>
		<pose>Unspecified</pose>
		<truncated>0</truncated>
		<difficult>0</difficult>
		<bndbox>
			<xmin>693</xmin>
			<ymin>424</ymin>
			<xmax>725</xmax>
			<ymax>493</ymax>
		</bndbox>
	</object>
	<object>
		<name>Yellow</name>
		<pose>Unspecified</pose>
		<truncated>0</truncated>
		<difficult>0</difficult>
		<bndbox>
			<xmin>559</xmin>
			<ymin>421</ymin>
			<xmax>591</xmax>
			<ymax>489</ymax>
		</bndbox>
	</object>
	<object>
		<name>Yellow</name>
		<pose>Unspecified</pose>
		<truncated>0</truncated>
		<difficult>0</difficult>
		<bndbox>
			<xmin>421</xmin>
			<ymin>417</ymin>
			<xmax>454</xmax>
			<ymax>486</ymax>
		</bndbox>
	</object>
</annotation>
