<annotation>
	<folder>red</folder>
	<filename>run4_312.jpg</filename>
	<path>/home/student/catkin_ws/CarND-Capstone/ros/image/red/run4_312.jpg</path>
	<source>
		<database>Unknown</database>
	</source>
	<size>
		<width>800</width>
		<height>600</height>
		<depth>3</depth>
	</size>
	<segmented>0</segmented>
	<object>
		<name>Red</name>
		<pose>Unspecified</pose>
		<truncated>0</truncated>
		<difficult>0</difficult>
		<bndbox>
			<xmin>569</xmin>
			<ymin>353</ymin>
			<xmax>612</xmax>
			<ymax>448</ymax>
		</bndbox>
	</object>
	<object>
		<name>Red</name>
		<pose>Unspecified</pose>
		<truncated>0</truncated>
		<difficult>0</difficult>
		<bndbox>
			<xmin>381</xmin>
			<ymin>347</ymin>
			<xmax>423</xmax>
			<ymax>441</ymax>
		</bndbox>
	</object>
	<object>
		<name>Red</name>
		<pose>Unspecified</pose>
		<truncated>0</truncated>
		<difficult>0</difficult>
		<bndbox>
			<xmin>191</xmin>
			<ymin>343</ymin>
			<xmax>234</xmax>
			<ymax>436</ymax>
		</bndbox>
	</object>
</annotation>
