<annotation>
	<folder>green</folder>
	<filename>run4_179.jpg</filename>
	<path>/home/student/catkin_ws/CarND-Capstone/ros/image/green/run4_179.jpg</path>
	<source>
		<database>Unknown</database>
	</source>
	<size>
		<width>800</width>
		<height>600</height>
		<depth>3</depth>
	</size>
	<segmented>0</segmented>
	<object>
		<name>Green</name>
		<pose>Unspecified</pose>
		<truncated>0</truncated>
		<difficult>0</difficult>
		<bndbox>
			<xmin>266</xmin>
			<ymin>292</ymin>
			<xmax>318</xmax>
			<ymax>408</ymax>
		</bndbox>
	</object>
	<object>
		<name>Green</name>
		<pose>Unspecified</pose>
		<truncated>0</truncated>
		<difficult>0</difficult>
		<bndbox>
			<xmin>719</xmin>
			<ymin>308</ymin>
			<xmax>771</xmax>
			<ymax>424</ymax>
		</bndbox>
	</object>
	<object>
		<name>Green</name>
		<pose>Unspecified</pose>
		<truncated>0</truncated>
		<difficult>0</difficult>
		<bndbox>
			<xmin>495</xmin>
			<ymin>299</ymin>
			<xmax>547</xmax>
			<ymax>415</ymax>
		</bndbox>
	</object>
</annotation>
