<annotation>
	<folder>red</folder>
	<filename>run4_257.jpg</filename>
	<path>/home/student/catkin_ws/CarND-Capstone/ros/image/red/run4_257.jpg</path>
	<source>
		<database>Unknown</database>
	</source>
	<size>
		<width>800</width>
		<height>600</height>
		<depth>3</depth>
	</size>
	<segmented>0</segmented>
	<object>
		<name>Red</name>
		<pose>Unspecified</pose>
		<truncated>0</truncated>
		<difficult>0</difficult>
		<bndbox>
			<xmin>60</xmin>
			<ymin>489</ymin>
			<xmax>78</xmax>
			<ymax>530</ymax>
		</bndbox>
	</object>
	<object>
		<name>Red</name>
		<pose>Unspecified</pose>
		<truncated>0</truncated>
		<difficult>0</difficult>
		<bndbox>
			<xmin>143</xmin>
			<ymin>491</ymin>
			<xmax>161</xmax>
			<ymax>532</ymax>
		</bndbox>
	</object>
</annotation>
