<annotation>
	<folder>red</folder>
	<filename>run4_100.jpg</filename>
	<path>/home/student/catkin_ws/CarND-Capstone/ros/image/red/run4_100.jpg</path>
	<source>
		<database>Unknown</database>
	</source>
	<size>
		<width>800</width>
		<height>600</height>
		<depth>3</depth>
	</size>
	<segmented>0</segmented>
	<object>
		<name>Red</name>
		<pose>Unspecified</pose>
		<truncated>0</truncated>
		<difficult>0</difficult>
		<bndbox>
			<xmin>240</xmin>
			<ymin>493</ymin>
			<xmax>259</xmax>
			<ymax>534</ymax>
		</bndbox>
	</object>
	<object>
		<name>Red</name>
		<pose>Unspecified</pose>
		<truncated>0</truncated>
		<difficult>0</difficult>
		<bndbox>
			<xmin>157</xmin>
			<ymin>490</ymin>
			<xmax>176</xmax>
			<ymax>531</ymax>
		</bndbox>
	</object>
	<object>
		<name>Red</name>
		<pose>Unspecified</pose>
		<truncated>0</truncated>
		<difficult>0</difficult>
		<bndbox>
			<xmin>72</xmin>
			<ymin>488</ymin>
			<xmax>91</xmax>
			<ymax>529</ymax>
		</bndbox>
	</object>
</annotation>
