<annotation>
	<folder>green</folder>
	<filename>run4_113.jpg</filename>
	<path>/home/student/catkin_ws/CarND-Capstone/ros/image/green/run4_113.jpg</path>
	<source>
		<database>Unknown</database>
	</source>
	<size>
		<width>800</width>
		<height>600</height>
		<depth>3</depth>
	</size>
	<segmented>0</segmented>
	<object>
		<name>Green</name>
		<pose>Unspecified</pose>
		<truncated>0</truncated>
		<difficult>0</difficult>
		<bndbox>
			<xmin>446</xmin>
			<ymin>471</ymin>
			<xmax>470</xmax>
			<ymax>524</ymax>
		</bndbox>
	</object>
	<object>
		<name>Green</name>
		<pose>Unspecified</pose>
		<truncated>0</truncated>
		<difficult>0</difficult>
		<bndbox>
			<xmin>346</xmin>
			<ymin>468</ymin>
			<xmax>368</xmax>
			<ymax>520</ymax>
		</bndbox>
	</object>
	<object>
		<name>Green</name>
		<pose>Unspecified</pose>
		<truncated>0</truncated>
		<difficult>0</difficult>
		<bndbox>
			<xmin>244</xmin>
			<ymin>465</ymin>
			<xmax>269</xmax>
			<ymax>517</ymax>
		</bndbox>
	</object>
</annotation>
