<annotation>
	<folder>red</folder>
	<filename>run4_212.jpg</filename>
	<path>/home/student/catkin_ws/CarND-Capstone/ros/image/red/run4_212.jpg</path>
	<source>
		<database>Unknown</database>
	</source>
	<size>
		<width>800</width>
		<height>600</height>
		<depth>3</depth>
	</size>
	<segmented>0</segmented>
	<object>
		<name>Red</name>
		<pose>Unspecified</pose>
		<truncated>0</truncated>
		<difficult>0</difficult>
		<bndbox>
			<xmin>271</xmin>
			<ymin>562</ymin>
			<xmax>280</xmax>
			<ymax>583</ymax>
		</bndbox>
	</object>
	<object>
		<name>Red</name>
		<pose>Unspecified</pose>
		<truncated>0</truncated>
		<difficult>0</difficult>
		<bndbox>
			<xmin>308</xmin>
			<ymin>562</ymin>
			<xmax>317</xmax>
			<ymax>584</ymax>
		</bndbox>
	</object>
	<object>
		<name>Red</name>
		<pose>Unspecified</pose>
		<truncated>0</truncated>
		<difficult>0</difficult>
		<bndbox>
			<xmin>345</xmin>
			<ymin>564</ymin>
			<xmax>354</xmax>
			<ymax>585</ymax>
		</bndbox>
	</object>
</annotation>
