<annotation>
	<folder>green</folder>
	<filename>run4_283.jpg</filename>
	<path>/home/student/catkin_ws/CarND-Capstone/ros/image/green/run4_283.jpg</path>
	<source>
		<database>Unknown</database>
	</source>
	<size>
		<width>800</width>
		<height>600</height>
		<depth>3</depth>
	</size>
	<segmented>0</segmented>
	<object>
		<name>Green</name>
		<pose>Unspecified</pose>
		<truncated>0</truncated>
		<difficult>0</difficult>
		<bndbox>
			<xmin>345</xmin>
			<ymin>438</ymin>
			<xmax>374</xmax>
			<ymax>501</ymax>
		</bndbox>
	</object>
	<object>
		<name>Green</name>
		<pose>Unspecified</pose>
		<truncated>0</truncated>
		<difficult>0</difficult>
		<bndbox>
			<xmin>224</xmin>
			<ymin>434</ymin>
			<xmax>253</xmax>
			<ymax>497</ymax>
		</bndbox>
	</object>
	<object>
		<name>Green</name>
		<pose>Unspecified</pose>
		<truncated>0</truncated>
		<difficult>0</difficult>
		<bndbox>
			<xmin>99</xmin>
			<ymin>431</ymin>
			<xmax>128</xmax>
			<ymax>494</ymax>
		</bndbox>
	</object>
</annotation>
