<annotation>
	<folder>red</folder>
	<filename>run4_208.jpg</filename>
	<path>/home/student/catkin_ws/CarND-Capstone/ros/image/red/run4_208.jpg</path>
	<source>
		<database>Unknown</database>
	</source>
	<size>
		<width>800</width>
		<height>600</height>
		<depth>3</depth>
	</size>
	<segmented>0</segmented>
	<object>
		<name>Red</name>
		<pose>Unspecified</pose>
		<truncated>0</truncated>
		<difficult>0</difficult>
		<bndbox>
			<xmin>552</xmin>
			<ymin>569</ymin>
			<xmax>560</xmax>
			<ymax>591</ymax>
		</bndbox>
	</object>
	<object>
		<name>Red</name>
		<pose>Unspecified</pose>
		<truncated>0</truncated>
		<difficult>0</difficult>
		<bndbox>
			<xmin>586</xmin>
			<ymin>570</ymin>
			<xmax>595</xmax>
			<ymax>590</ymax>
		</bndbox>
	</object>
	<object>
		<name>Red</name>
		<pose>Unspecified</pose>
		<truncated>0</truncated>
		<difficult>0</difficult>
		<bndbox>
			<xmin>622</xmin>
			<ymin>571</ymin>
			<xmax>631</xmax>
			<ymax>592</ymax>
		</bndbox>
	</object>
</annotation>
