<annotation>
	<folder>green</folder>
	<filename>run4_181.jpg</filename>
	<path>/home/student/catkin_ws/CarND-Capstone/ros/image/green/run4_181.jpg</path>
	<source>
		<database>Unknown</database>
	</source>
	<size>
		<width>800</width>
		<height>600</height>
		<depth>3</depth>
	</size>
	<segmented>0</segmented>
	<object>
		<name>Green</name>
		<pose>Unspecified</pose>
		<truncated>0</truncated>
		<difficult>0</difficult>
		<bndbox>
			<xmin>734</xmin>
			<ymin>296</ymin>
			<xmax>788</xmax>
			<ymax>415</ymax>
		</bndbox>
	</object>
	<object>
		<name>Green</name>
		<pose>Unspecified</pose>
		<truncated>0</truncated>
		<difficult>0</difficult>
		<bndbox>
			<xmin>502</xmin>
			<ymin>287</ymin>
			<xmax>556</xmax>
			<ymax>408</ymax>
		</bndbox>
	</object>
	<object>
		<name>Green</name>
		<pose>Unspecified</pose>
		<truncated>0</truncated>
		<difficult>0</difficult>
		<bndbox>
			<xmin>265</xmin>
			<ymin>278</ymin>
			<xmax>318</xmax>
			<ymax>399</ymax>
		</bndbox>
	</object>
</annotation>
