<annotation>
	<folder>red</folder>
	<filename>run4_327.jpg</filename>
	<path>/home/student/catkin_ws/CarND-Capstone/ros/image/red/run4_327.jpg</path>
	<source>
		<database>Unknown</database>
	</source>
	<size>
		<width>800</width>
		<height>600</height>
		<depth>3</depth>
	</size>
	<segmented>0</segmented>
	<object>
		<name>Red</name>
		<pose>Unspecified</pose>
		<truncated>0</truncated>
		<difficult>0</difficult>
		<bndbox>
			<xmin>140</xmin>
			<ymin>264</ymin>
			<xmax>193</xmax>
			<ymax>383</ymax>
		</bndbox>
	</object>
	<object>
		<name>Red</name>
		<pose>Unspecified</pose>
		<truncated>0</truncated>
		<difficult>0</difficult>
		<bndbox>
			<xmin>616</xmin>
			<ymin>280</ymin>
			<xmax>670</xmax>
			<ymax>397</ymax>
		</bndbox>
	</object>
	<object>
		<name>Red</name>
		<pose>Unspecified</pose>
		<truncated>0</truncated>
		<difficult>0</difficult>
		<bndbox>
			<xmin>381</xmin>
			<ymin>271</ymin>
			<xmax>432</xmax>
			<ymax>392</ymax>
		</bndbox>
	</object>
</annotation>
