<annotation>
	<folder>red</folder>
	<filename>run4_106.jpg</filename>
	<path>/home/student/catkin_ws/CarND-Capstone/ros/image/red/run4_106.jpg</path>
	<source>
		<database>Unknown</database>
	</source>
	<size>
		<width>800</width>
		<height>600</height>
		<depth>3</depth>
	</size>
	<segmented>0</segmented>
	<object>
		<name>Red</name>
		<pose>Unspecified</pose>
		<truncated>0</truncated>
		<difficult>0</difficult>
		<bndbox>
			<xmin>228</xmin>
			<ymin>480</ymin>
			<xmax>249</xmax>
			<ymax>528</ymax>
		</bndbox>
	</object>
	<object>
		<name>Red</name>
		<pose>Unspecified</pose>
		<truncated>0</truncated>
		<difficult>0</difficult>
		<bndbox>
			<xmin>136</xmin>
			<ymin>477</ymin>
			<xmax>158</xmax>
			<ymax>524</ymax>
		</bndbox>
	</object>
	<object>
		<name>Red</name>
		<pose>Unspecified</pose>
		<truncated>0</truncated>
		<difficult>0</difficult>
		<bndbox>
			<xmin>43</xmin>
			<ymin>474</ymin>
			<xmax>65</xmax>
			<ymax>522</ymax>
		</bndbox>
	</object>
</annotation>
