<annotation>
	<folder>red</folder>
	<filename>run4_305.jpg</filename>
	<path>/home/student/catkin_ws/CarND-Capstone/ros/image/red/run4_305.jpg</path>
	<source>
		<database>Unknown</database>
	</source>
	<size>
		<width>800</width>
		<height>600</height>
		<depth>3</depth>
	</size>
	<segmented>0</segmented>
	<object>
		<name>Red</name>
		<pose>Unspecified</pose>
		<truncated>0</truncated>
		<difficult>0</difficult>
		<bndbox>
			<xmin>212</xmin>
			<ymin>377</ymin>
			<xmax>250</xmax>
			<ymax>460</ymax>
		</bndbox>
	</object>
	<object>
		<name>Red</name>
		<pose>Unspecified</pose>
		<truncated>0</truncated>
		<difficult>0</difficult>
		<bndbox>
			<xmin>544</xmin>
			<ymin>384</ymin>
			<xmax>582</xmax>
			<ymax>467</ymax>
		</bndbox>
	</object>
	<object>
		<name>Red</name>
		<pose>Unspecified</pose>
		<truncated>0</truncated>
		<difficult>0</difficult>
		<bndbox>
			<xmin>378</xmin>
			<ymin>380</ymin>
			<xmax>416</xmax>
			<ymax>463</ymax>
		</bndbox>
	</object>
</annotation>
