<annotation>
	<folder>green</folder>
	<filename>run4_119.jpg</filename>
	<path>/home/student/catkin_ws/CarND-Capstone/ros/image/green/run4_119.jpg</path>
	<source>
		<database>Unknown</database>
	</source>
	<size>
		<width>800</width>
		<height>600</height>
		<depth>3</depth>
	</size>
	<segmented>0</segmented>
	<object>
		<name>Green</name>
		<pose>Unspecified</pose>
		<truncated>0</truncated>
		<difficult>0</difficult>
		<bndbox>
			<xmin>236</xmin>
			<ymin>454</ymin>
			<xmax>260</xmax>
			<ymax>510</ymax>
		</bndbox>
	</object>
	<object>
		<name>Green</name>
		<pose>Unspecified</pose>
		<truncated>0</truncated>
		<difficult>0</difficult>
		<bndbox>
			<xmin>345</xmin>
			<ymin>457</ymin>
			<xmax>371</xmax>
			<ymax>513</ymax>
		</bndbox>
	</object>
	<object>
		<name>Green</name>
		<pose>Unspecified</pose>
		<truncated>0</truncated>
		<difficult>0</difficult>
		<bndbox>
			<xmin>452</xmin>
			<ymin>460</ymin>
			<xmax>477</xmax>
			<ymax>516</ymax>
		</bndbox>
	</object>
</annotation>
