<annotation>
	<folder>green</folder>
	<filename>run4_282.jpg</filename>
	<path>/home/student/catkin_ws/CarND-Capstone/ros/image/green/run4_282.jpg</path>
	<source>
		<database>Unknown</database>
	</source>
	<size>
		<width>800</width>
		<height>600</height>
		<depth>3</depth>
	</size>
	<segmented>0</segmented>
	<object>
		<name>Green</name>
		<pose>Unspecified</pose>
		<truncated>0</truncated>
		<difficult>0</difficult>
		<bndbox>
			<xmin>105</xmin>
			<ymin>433</ymin>
			<xmax>134</xmax>
			<ymax>496</ymax>
		</bndbox>
	</object>
	<object>
		<name>Green</name>
		<pose>Unspecified</pose>
		<truncated>0</truncated>
		<difficult>0</difficult>
		<bndbox>
			<xmin>344</xmin>
			<ymin>441</ymin>
			<xmax>373</xmax>
			<ymax>504</ymax>
		</bndbox>
	</object>
	<object>
		<name>Green</name>
		<pose>Unspecified</pose>
		<truncated>0</truncated>
		<difficult>0</difficult>
		<bndbox>
			<xmin>225</xmin>
			<ymin>438</ymin>
			<xmax>254</xmax>
			<ymax>501</ymax>
		</bndbox>
	</object>
</annotation>
