<annotation>
	<folder>green</folder>
	<filename>run4_172.jpg</filename>
	<path>/home/student/catkin_ws/CarND-Capstone/ros/image/green/run4_172.jpg</path>
	<source>
		<database>Unknown</database>
	</source>
	<size>
		<width>800</width>
		<height>600</height>
		<depth>3</depth>
	</size>
	<segmented>0</segmented>
	<object>
		<name>Green</name>
		<pose>Unspecified</pose>
		<truncated>0</truncated>
		<difficult>0</difficult>
		<bndbox>
			<xmin>267</xmin>
			<ymin>303</ymin>
			<xmax>320</xmax>
			<ymax>415</ymax>
		</bndbox>
	</object>
	<object>
		<name>Green</name>
		<pose>Unspecified</pose>
		<truncated>0</truncated>
		<difficult>0</difficult>
		<bndbox>
			<xmin>487</xmin>
			<ymin>313</ymin>
			<xmax>536</xmax>
			<ymax>422</ymax>
		</bndbox>
	</object>
	<object>
		<name>Green</name>
		<pose>Unspecified</pose>
		<truncated>0</truncated>
		<difficult>0</difficult>
		<bndbox>
			<xmin>700</xmin>
			<ymin>321</ymin>
			<xmax>753</xmax>
			<ymax>430</ymax>
		</bndbox>
	</object>
</annotation>
