<annotation>
	<folder>red</folder>
	<filename>run4_331.jpg</filename>
	<path>/home/student/catkin_ws/CarND-Capstone/ros/image/red/run4_331.jpg</path>
	<source>
		<database>Unknown</database>
	</source>
	<size>
		<width>800</width>
		<height>600</height>
		<depth>3</depth>
	</size>
	<segmented>0</segmented>
	<object>
		<name>Red</name>
		<pose>Unspecified</pose>
		<truncated>0</truncated>
		<difficult>0</difficult>
		<bndbox>
			<xmin>134</xmin>
			<ymin>251</ymin>
			<xmax>189</xmax>
			<ymax>376</ymax>
		</bndbox>
	</object>
	<object>
		<name>Red</name>
		<pose>Unspecified</pose>
		<truncated>0</truncated>
		<difficult>0</difficult>
		<bndbox>
			<xmin>619</xmin>
			<ymin>267</ymin>
			<xmax>675</xmax>
			<ymax>388</ymax>
		</bndbox>
	</object>
	<object>
		<name>Red</name>
		<pose>Unspecified</pose>
		<truncated>0</truncated>
		<difficult>0</difficult>
		<bndbox>
			<xmin>379</xmin>
			<ymin>259</ymin>
			<xmax>434</xmax>
			<ymax>384</ymax>
		</bndbox>
	</object>
</annotation>
