<annotation>
	<folder>red</folder>
	<filename>run4_319.jpg</filename>
	<path>/home/student/catkin_ws/CarND-Capstone/ros/image/red/run4_319.jpg</path>
	<source>
		<database>Unknown</database>
	</source>
	<size>
		<width>800</width>
		<height>600</height>
		<depth>3</depth>
	</size>
	<segmented>0</segmented>
	<object>
		<name>Red</name>
		<pose>Unspecified</pose>
		<truncated>0</truncated>
		<difficult>0</difficult>
		<bndbox>
			<xmin>385</xmin>
			<ymin>306</ymin>
			<xmax>436</xmax>
			<ymax>417</ymax>
		</bndbox>
	</object>
	<object>
		<name>Red</name>
		<pose>Unspecified</pose>
		<truncated>0</truncated>
		<difficult>0</difficult>
		<bndbox>
			<xmin>606</xmin>
			<ymin>312</ymin>
			<xmax>658</xmax>
			<ymax>426</ymax>
		</bndbox>
	</object>
	<object>
		<name>Red</name>
		<pose>Unspecified</pose>
		<truncated>0</truncated>
		<difficult>0</difficult>
		<bndbox>
			<xmin>163</xmin>
			<ymin>299</ymin>
			<xmax>210</xmax>
			<ymax>413</ymax>
		</bndbox>
	</object>
</annotation>
