<annotation>
	<folder>red</folder>
	<filename>run4_259.jpg</filename>
	<path>/home/student/catkin_ws/CarND-Capstone/ros/image/red/run4_259.jpg</path>
	<source>
		<database>Unknown</database>
	</source>
	<size>
		<width>800</width>
		<height>600</height>
		<depth>3</depth>
	</size>
	<segmented>0</segmented>
	<object>
		<name>Red</name>
		<pose>Unspecified</pose>
		<truncated>0</truncated>
		<difficult>0</difficult>
		<bndbox>
			<xmin>137</xmin>
			<ymin>488</ymin>
			<xmax>158</xmax>
			<ymax>531</ymax>
		</bndbox>
	</object>
	<object>
		<name>Red</name>
		<pose>Unspecified</pose>
		<truncated>0</truncated>
		<difficult>0</difficult>
		<bndbox>
			<xmin>51</xmin>
			<ymin>485</ymin>
			<xmax>72</xmax>
			<ymax>528</ymax>
		</bndbox>
	</object>
</annotation>
