<annotation>
	<folder>red</folder>
	<filename>run4_316.jpg</filename>
	<path>/home/student/catkin_ws/CarND-Capstone/ros/image/red/run4_316.jpg</path>
	<source>
		<database>Unknown</database>
	</source>
	<size>
		<width>800</width>
		<height>600</height>
		<depth>3</depth>
	</size>
	<segmented>0</segmented>
	<object>
		<name>Red</name>
		<pose>Unspecified</pose>
		<truncated>0</truncated>
		<difficult>0</difficult>
		<bndbox>
			<xmin>384</xmin>
			<ymin>334</ymin>
			<xmax>430</xmax>
			<ymax>436</ymax>
		</bndbox>
	</object>
	<object>
		<name>Red</name>
		<pose>Unspecified</pose>
		<truncated>0</truncated>
		<difficult>0</difficult>
		<bndbox>
			<xmin>588</xmin>
			<ymin>339</ymin>
			<xmax>634</xmax>
			<ymax>441</ymax>
		</bndbox>
	</object>
	<object>
		<name>Red</name>
		<pose>Unspecified</pose>
		<truncated>0</truncated>
		<difficult>0</difficult>
		<bndbox>
			<xmin>176</xmin>
			<ymin>326</ymin>
			<xmax>222</xmax>
			<ymax>428</ymax>
		</bndbox>
	</object>
</annotation>
