<annotation>
	<folder>yellow</folder>
	<filename>run4_248.jpg</filename>
	<path>/home/student/catkin_ws/CarND-Capstone/ros/image/yellow/run4_248.jpg</path>
	<source>
		<database>Unknown</database>
	</source>
	<size>
		<width>800</width>
		<height>600</height>
		<depth>3</depth>
	</size>
	<segmented>0</segmented>
	<object>
		<name>Yellow</name>
		<pose>Unspecified</pose>
		<truncated>0</truncated>
		<difficult>0</difficult>
		<bndbox>
			<xmin>23</xmin>
			<ymin>502</ymin>
			<xmax>41</xmax>
			<ymax>541</ymax>
		</bndbox>
	</object>
	<object>
		<name>Yellow</name>
		<pose>Unspecified</pose>
		<truncated>0</truncated>
		<difficult>0</difficult>
		<bndbox>
			<xmin>169</xmin>
			<ymin>506</ymin>
			<xmax>187</xmax>
			<ymax>545</ymax>
		</bndbox>
	</object>
	<object>
		<name>Yellow</name>
		<pose>Unspecified</pose>
		<truncated>0</truncated>
		<difficult>0</difficult>
		<bndbox>
			<xmin>96</xmin>
			<ymin>504</ymin>
			<xmax>114</xmax>
			<ymax>543</ymax>
		</bndbox>
	</object>
</annotation>
