<annotation>
	<folder>green</folder>
	<filename>run4_338.jpg</filename>
	<path>/home/student/catkin_ws/CarND-Capstone/ros/image/green/run4_338.jpg</path>
	<source>
		<database>Unknown</database>
	</source>
	<size>
		<width>800</width>
		<height>600</height>
		<depth>3</depth>
	</size>
	<segmented>0</segmented>
	<object>
		<name>Green</name>
		<pose>Unspecified</pose>
		<truncated>0</truncated>
		<difficult>0</difficult>
		<bndbox>
			<xmin>35</xmin>
			<ymin>90</ymin>
			<xmax>113</xmax>
			<ymax>270</ymax>
		</bndbox>
	</object>
	<object>
		<name>Green</name>
		<pose>Unspecified</pose>
		<truncated>0</truncated>
		<difficult>0</difficult>
		<bndbox>
			<xmin>390</xmin>
			<ymin>103</ymin>
			<xmax>472</xmax>
			<ymax>280</ymax>
		</bndbox>
	</object>
	<object>
		<name>Green</name>
		<pose>Unspecified</pose>
		<truncated>1</truncated>
		<difficult>0</difficult>
		<bndbox>
			<xmin>741</xmin>
			<ymin>115</ymin>
			<xmax>800</xmax>
			<ymax>291</ymax>
		</bndbox>
	</object>
</annotation>
