<annotation>
	<folder>red</folder>
	<filename>run4_310.jpg</filename>
	<path>/home/student/catkin_ws/CarND-Capstone/ros/image/red/run4_310.jpg</path>
	<source>
		<database>Unknown</database>
	</source>
	<size>
		<width>800</width>
		<height>600</height>
		<depth>3</depth>
	</size>
	<segmented>0</segmented>
	<object>
		<name>Red</name>
		<pose>Unspecified</pose>
		<truncated>0</truncated>
		<difficult>0</difficult>
		<bndbox>
			<xmin>204</xmin>
			<ymin>362</ymin>
			<xmax>244</xmax>
			<ymax>452</ymax>
		</bndbox>
	</object>
	<object>
		<name>Red</name>
		<pose>Unspecified</pose>
		<truncated>0</truncated>
		<difficult>0</difficult>
		<bndbox>
			<xmin>554</xmin>
			<ymin>371</ymin>
			<xmax>594</xmax>
			<ymax>461</ymax>
		</bndbox>
	</object>
	<object>
		<name>Red</name>
		<pose>Unspecified</pose>
		<truncated>0</truncated>
		<difficult>0</difficult>
		<bndbox>
			<xmin>379</xmin>
			<ymin>366</ymin>
			<xmax>419</xmax>
			<ymax>456</ymax>
		</bndbox>
	</object>
</annotation>
