<annotation>
	<folder>red</folder>
	<filename>run4_263.jpg</filename>
	<path>/home/student/catkin_ws/CarND-Capstone/ros/image/red/run4_263.jpg</path>
	<source>
		<database>Unknown</database>
	</source>
	<size>
		<width>800</width>
		<height>600</height>
		<depth>3</depth>
	</size>
	<segmented>0</segmented>
	<object>
		<name>Red</name>
		<pose>Unspecified</pose>
		<truncated>0</truncated>
		<difficult>0</difficult>
		<bndbox>
			<xmin>62</xmin>
			<ymin>477</ymin>
			<xmax>83</xmax>
			<ymax>524</ymax>
		</bndbox>
	</object>
	<object>
		<name>Red</name>
		<pose>Unspecified</pose>
		<truncated>0</truncated>
		<difficult>0</difficult>
		<bndbox>
			<xmin>242</xmin>
			<ymin>483</ymin>
			<xmax>263</xmax>
			<ymax>530</ymax>
		</bndbox>
	</object>
	<object>
		<name>Red</name>
		<pose>Unspecified</pose>
		<truncated>0</truncated>
		<difficult>0</difficult>
		<bndbox>
			<xmin>153</xmin>
			<ymin>480</ymin>
			<xmax>174</xmax>
			<ymax>527</ymax>
		</bndbox>
	</object>
</annotation>
