<annotation>
	<folder>red</folder>
	<filename>run4_270.jpg</filename>
	<path>/home/student/catkin_ws/CarND-Capstone/ros/image/red/run4_270.jpg</path>
	<source>
		<database>Unknown</database>
	</source>
	<size>
		<width>800</width>
		<height>600</height>
		<depth>3</depth>
	</size>
	<segmented>0</segmented>
	<object>
		<name>Red</name>
		<pose>Unspecified</pose>
		<truncated>0</truncated>
		<difficult>0</difficult>
		<bndbox>
			<xmin>349</xmin>
			<ymin>476</ymin>
			<xmax>370</xmax>
			<ymax>524</ymax>
		</bndbox>
	</object>
	<object>
		<name>Red</name>
		<pose>Unspecified</pose>
		<truncated>0</truncated>
		<difficult>0</difficult>
		<bndbox>
			<xmin>253</xmin>
			<ymin>474</ymin>
			<xmax>274</xmax>
			<ymax>522</ymax>
		</bndbox>
	</object>
	<object>
		<name>Red</name>
		<pose>Unspecified</pose>
		<truncated>0</truncated>
		<difficult>0</difficult>
		<bndbox>
			<xmin>157</xmin>
			<ymin>471</ymin>
			<xmax>178</xmax>
			<ymax>519</ymax>
		</bndbox>
	</object>
</annotation>
