<annotation>
	<folder>red</folder>
	<filename>run4_253.jpg</filename>
	<path>/home/student/catkin_ws/CarND-Capstone/ros/image/red/run4_253.jpg</path>
	<source>
		<database>Unknown</database>
	</source>
	<size>
		<width>800</width>
		<height>600</height>
		<depth>3</depth>
	</size>
	<segmented>0</segmented>
	<object>
		<name>Red</name>
		<pose>Unspecified</pose>
		<truncated>0</truncated>
		<difficult>0</difficult>
		<bndbox>
			<xmin>156</xmin>
			<ymin>498</ymin>
			<xmax>174</xmax>
			<ymax>538</ymax>
		</bndbox>
	</object>
	<object>
		<name>Red</name>
		<pose>Unspecified</pose>
		<truncated>0</truncated>
		<difficult>0</difficult>
		<bndbox>
			<xmin>77</xmin>
			<ymin>496</ymin>
			<xmax>95</xmax>
			<ymax>536</ymax>
		</bndbox>
	</object>
	<object>
		<name>Red</name>
		<pose>Unspecified</pose>
		<truncated>1</truncated>
		<difficult>0</difficult>
		<bndbox>
			<xmin>1</xmin>
			<ymin>493</ymin>
			<xmax>17</xmax>
			<ymax>533</ymax>
		</bndbox>
	</object>
</annotation>
