<annotation>
	<folder>red</folder>
	<filename>run4_219.jpg</filename>
	<path>/home/student/catkin_ws/CarND-Capstone/ros/image/red/run4_219.jpg</path>
	<source>
		<database>Unknown</database>
	</source>
	<size>
		<width>800</width>
		<height>600</height>
		<depth>3</depth>
	</size>
	<segmented>0</segmented>
	<object>
		<name>Red</name>
		<pose>Unspecified</pose>
		<truncated>0</truncated>
		<difficult>0</difficult>
		<bndbox>
			<xmin>137</xmin>
			<ymin>542</ymin>
			<xmax>147</xmax>
			<ymax>564</ymax>
		</bndbox>
	</object>
	<object>
		<name>Red</name>
		<pose>Unspecified</pose>
		<truncated>0</truncated>
		<difficult>0</difficult>
		<bndbox>
			<xmin>177</xmin>
			<ymin>543</ymin>
			<xmax>188</xmax>
			<ymax>565</ymax>
		</bndbox>
	</object>
	<object>
		<name>Red</name>
		<pose>Unspecified</pose>
		<truncated>0</truncated>
		<difficult>0</difficult>
		<bndbox>
			<xmin>218</xmin>
			<ymin>543</ymin>
			<xmax>227</xmax>
			<ymax>565</ymax>
		</bndbox>
	</object>
</annotation>
