<annotation>
	<folder>red</folder>
	<filename>run4_215.jpg</filename>
	<path>/home/student/catkin_ws/CarND-Capstone/ros/image/red/run4_215.jpg</path>
	<source>
		<database>Unknown</database>
	</source>
	<size>
		<width>800</width>
		<height>600</height>
		<depth>3</depth>
	</size>
	<segmented>0</segmented>
	<object>
		<name>Red</name>
		<pose>Unspecified</pose>
		<truncated>0</truncated>
		<difficult>0</difficult>
		<bndbox>
			<xmin>146</xmin>
			<ymin>550</ymin>
			<xmax>155</xmax>
			<ymax>573</ymax>
		</bndbox>
	</object>
	<object>
		<name>Red</name>
		<pose>Unspecified</pose>
		<truncated>0</truncated>
		<difficult>0</difficult>
		<bndbox>
			<xmin>185</xmin>
			<ymin>552</ymin>
			<xmax>194</xmax>
			<ymax>573</ymax>
		</bndbox>
	</object>
	<object>
		<name>Red</name>
		<pose>Unspecified</pose>
		<truncated>0</truncated>
		<difficult>0</difficult>
		<bndbox>
			<xmin>222</xmin>
			<ymin>553</ymin>
			<xmax>231</xmax>
			<ymax>573</ymax>
		</bndbox>
	</object>
</annotation>
