<annotation>
	<folder>red</folder>
	<filename>run4_271.jpg</filename>
	<path>/home/student/catkin_ws/CarND-Capstone/ros/image/red/run4_271.jpg</path>
	<source>
		<database>Unknown</database>
	</source>
	<size>
		<width>800</width>
		<height>600</height>
		<depth>3</depth>
	</size>
	<segmented>0</segmented>
	<object>
		<name>Red</name>
		<pose>Unspecified</pose>
		<truncated>0</truncated>
		<difficult>0</difficult>
		<bndbox>
			<xmin>253</xmin>
			<ymin>473</ymin>
			<xmax>274</xmax>
			<ymax>521</ymax>
		</bndbox>
	</object>
	<object>
		<name>Red</name>
		<pose>Unspecified</pose>
		<truncated>0</truncated>
		<difficult>0</difficult>
		<bndbox>
			<xmin>349</xmin>
			<ymin>477</ymin>
			<xmax>370</xmax>
			<ymax>525</ymax>
		</bndbox>
	</object>
	<object>
		<name>Red</name>
		<pose>Unspecified</pose>
		<truncated>0</truncated>
		<difficult>0</difficult>
		<bndbox>
			<xmin>156</xmin>
			<ymin>472</ymin>
			<xmax>177</xmax>
			<ymax>520</ymax>
		</bndbox>
	</object>
</annotation>
