<annotation>
	<folder>green</folder>
	<filename>run4_124.jpg</filename>
	<path>/home/student/catkin_ws/CarND-Capstone/ros/image/green/run4_124.jpg</path>
	<source>
		<database>Unknown</database>
	</source>
	<size>
		<width>800</width>
		<height>600</height>
		<depth>3</depth>
	</size>
	<segmented>0</segmented>
	<object>
		<name>Green</name>
		<pose>Unspecified</pose>
		<truncated>0</truncated>
		<difficult>0</difficult>
		<bndbox>
			<xmin>226</xmin>
			<ymin>441</ymin>
			<xmax>254</xmax>
			<ymax>500</ymax>
		</bndbox>
	</object>
	<object>
		<name>Green</name>
		<pose>Unspecified</pose>
		<truncated>0</truncated>
		<difficult>0</difficult>
		<bndbox>
			<xmin>343</xmin>
			<ymin>444</ymin>
			<xmax>371</xmax>
			<ymax>503</ymax>
		</bndbox>
	</object>
	<object>
		<name>Green</name>
		<pose>Unspecified</pose>
		<truncated>0</truncated>
		<difficult>0</difficult>
		<bndbox>
			<xmin>458</xmin>
			<ymin>448</ymin>
			<xmax>486</xmax>
			<ymax>507</ymax>
		</bndbox>
	</object>
</annotation>
