<annotation>
	<folder>green</folder>
	<filename>run4_288.jpg</filename>
	<path>/home/student/catkin_ws/CarND-Capstone/ros/image/green/run4_288.jpg</path>
	<source>
		<database>Unknown</database>
	</source>
	<size>
		<width>800</width>
		<height>600</height>
		<depth>3</depth>
	</size>
	<segmented>0</segmented>
	<object>
		<name>Green</name>
		<pose>Unspecified</pose>
		<truncated>0</truncated>
		<difficult>0</difficult>
		<bndbox>
			<xmin>75</xmin>
			<ymin>413</ymin>
			<xmax>106</xmax>
			<ymax>481</ymax>
		</bndbox>
	</object>
	<object>
		<name>Green</name>
		<pose>Unspecified</pose>
		<truncated>0</truncated>
		<difficult>0</difficult>
		<bndbox>
			<xmin>343</xmin>
			<ymin>421</ymin>
			<xmax>374</xmax>
			<ymax>489</ymax>
		</bndbox>
	</object>
	<object>
		<name>Green</name>
		<pose>Unspecified</pose>
		<truncated>0</truncated>
		<difficult>0</difficult>
		<bndbox>
			<xmin>211</xmin>
			<ymin>417</ymin>
			<xmax>242</xmax>
			<ymax>485</ymax>
		</bndbox>
	</object>
</annotation>
