<annotation>
	<folder>green</folder>
	<filename>run4_231.jpg</filename>
	<path>/home/student/catkin_ws/CarND-Capstone/ros/image/green/run4_231.jpg</path>
	<source>
		<database>Unknown</database>
	</source>
	<size>
		<width>800</width>
		<height>600</height>
		<depth>3</depth>
	</size>
	<segmented>0</segmented>
	<object>
		<name>Green</name>
		<pose>Unspecified</pose>
		<truncated>0</truncated>
		<difficult>0</difficult>
		<bndbox>
			<xmin>330</xmin>
			<ymin>539</ymin>
			<xmax>342</xmax>
			<ymax>567</ymax>
		</bndbox>
	</object>
	<object>
		<name>Green</name>
		<pose>Unspecified</pose>
		<truncated>0</truncated>
		<difficult>0</difficult>
		<bndbox>
			<xmin>436</xmin>
			<ymin>542</ymin>
			<xmax>448</xmax>
			<ymax>570</ymax>
		</bndbox>
	</object>
	<object>
		<name>Green</name>
		<pose>Unspecified</pose>
		<truncated>0</truncated>
		<difficult>0</difficult>
		<bndbox>
			<xmin>383</xmin>
			<ymin>540</ymin>
			<xmax>395</xmax>
			<ymax>568</ymax>
		</bndbox>
	</object>
</annotation>
