<annotation>
	<folder>red</folder>
	<filename>run4_326.jpg</filename>
	<path>/home/student/catkin_ws/CarND-Capstone/ros/image/red/run4_326.jpg</path>
	<source>
		<database>Unknown</database>
	</source>
	<size>
		<width>800</width>
		<height>600</height>
		<depth>3</depth>
	</size>
	<segmented>0</segmented>
	<object>
		<name>Red</name>
		<pose>Unspecified</pose>
		<truncated>0</truncated>
		<difficult>0</difficult>
		<bndbox>
			<xmin>147</xmin>
			<ymin>288</ymin>
			<xmax>200</xmax>
			<ymax>403</ymax>
		</bndbox>
	</object>
	<object>
		<name>Red</name>
		<pose>Unspecified</pose>
		<truncated>0</truncated>
		<difficult>0</difficult>
		<bndbox>
			<xmin>607</xmin>
			<ymin>302</ymin>
			<xmax>660</xmax>
			<ymax>417</ymax>
		</bndbox>
	</object>
	<object>
		<name>Red</name>
		<pose>Unspecified</pose>
		<truncated>0</truncated>
		<difficult>0</difficult>
		<bndbox>
			<xmin>377</xmin>
			<ymin>296</ymin>
			<xmax>431</xmax>
			<ymax>412</ymax>
		</bndbox>
	</object>
</annotation>
