<annotation>
	<folder>green</folder>
	<filename>run4_335.jpg</filename>
	<path>/home/student/catkin_ws/CarND-Capstone/ros/image/green/run4_335.jpg</path>
	<source>
		<database>Unknown</database>
	</source>
	<size>
		<width>800</width>
		<height>600</height>
		<depth>3</depth>
	</size>
	<segmented>0</segmented>
	<object>
		<name>Green</name>
		<pose>Unspecified</pose>
		<truncated>0</truncated>
		<difficult>0</difficult>
		<bndbox>
			<xmin>118</xmin>
			<ymin>229</ymin>
			<xmax>176</xmax>
			<ymax>360</ymax>
		</bndbox>
	</object>
	<object>
		<name>Green</name>
		<pose>Unspecified</pose>
		<truncated>0</truncated>
		<difficult>0</difficult>
		<bndbox>
			<xmin>384</xmin>
			<ymin>237</ymin>
			<xmax>443</xmax>
			<ymax>369</ymax>
		</bndbox>
	</object>
	<object>
		<name>Green</name>
		<pose>Unspecified</pose>
		<truncated>0</truncated>
		<difficult>0</difficult>
		<bndbox>
			<xmin>644</xmin>
			<ymin>245</ymin>
			<xmax>703</xmax>
			<ymax>377</ymax>
		</bndbox>
	</object>
</annotation>
