<annotation>
	<folder>red</folder>
	<filename>125.jpg</filename>
	<path>/home/student/catkin_ws/CarND-Capstone/ros/image/red/125.jpg</path>
	<source>
		<database>Unknown</database>
	</source>
	<size>
		<width>800</width>
		<height>600</height>
		<depth>3</depth>
	</size>
	<segmented>0</segmented>
	<object>
		<name>Red</name>
		<pose>Unspecified</pose>
		<truncated>0</truncated>
		<difficult>0</difficult>
		<bndbox>
			<xmin>311</xmin>
			<ymin>522</ymin>
			<xmax>327</xmax>
			<ymax>556</ymax>
		</bndbox>
	</object>
	<object>
		<name>Red</name>
		<pose>Unspecified</pose>
		<truncated>0</truncated>
		<difficult>0</difficult>
		<bndbox>
			<xmin>376</xmin>
			<ymin>526</ymin>
			<xmax>391</xmax>
			<ymax>558</ymax>
		</bndbox>
	</object>
	<object>
		<name>Red</name>
		<pose>Unspecified</pose>
		<truncated>0</truncated>
		<difficult>0</difficult>
		<bndbox>
			<xmin>248</xmin>
			<ymin>521</ymin>
			<xmax>264</xmax>
			<ymax>555</ymax>
		</bndbox>
	</object>
</annotation>
