<annotation>
	<folder>red</folder>
	<filename>128.jpg</filename>
	<path>/home/student/catkin_ws/CarND-Capstone/ros/image/red/128.jpg</path>
	<source>
		<database>Unknown</database>
	</source>
	<size>
		<width>800</width>
		<height>600</height>
		<depth>3</depth>
	</size>
	<segmented>0</segmented>
	<object>
		<name>Red</name>
		<pose>Unspecified</pose>
		<truncated>0</truncated>
		<difficult>0</difficult>
		<bndbox>
			<xmin>243</xmin>
			<ymin>517</ymin>
			<xmax>259</xmax>
			<ymax>551</ymax>
		</bndbox>
	</object>
	<object>
		<name>Red</name>
		<pose>Unspecified</pose>
		<truncated>0</truncated>
		<difficult>0</difficult>
		<bndbox>
			<xmin>375</xmin>
			<ymin>522</ymin>
			<xmax>391</xmax>
			<ymax>556</ymax>
		</bndbox>
	</object>
	<object>
		<name>Red</name>
		<pose>Unspecified</pose>
		<truncated>0</truncated>
		<difficult>0</difficult>
		<bndbox>
			<xmin>310</xmin>
			<ymin>520</ymin>
			<xmax>326</xmax>
			<ymax>554</ymax>
		</bndbox>
	</object>
</annotation>
