<annotation>
	<folder>red</folder>
	<filename>129.jpg</filename>
	<path>/home/student/catkin_ws/CarND-Capstone/ros/image/red/129.jpg</path>
	<source>
		<database>Unknown</database>
	</source>
	<size>
		<width>800</width>
		<height>600</height>
		<depth>3</depth>
	</size>
	<segmented>0</segmented>
	<object>
		<name>Red</name>
		<pose>Unspecified</pose>
		<truncated>0</truncated>
		<difficult>0</difficult>
		<bndbox>
			<xmin>241</xmin>
			<ymin>515</ymin>
			<xmax>258</xmax>
			<ymax>551</ymax>
		</bndbox>
	</object>
	<object>
		<name>Red</name>
		<pose>Unspecified</pose>
		<truncated>0</truncated>
		<difficult>0</difficult>
		<bndbox>
			<xmin>375</xmin>
			<ymin>519</ymin>
			<xmax>392</xmax>
			<ymax>555</ymax>
		</bndbox>
	</object>
	<object>
		<name>Red</name>
		<pose>Unspecified</pose>
		<truncated>0</truncated>
		<difficult>0</difficult>
		<bndbox>
			<xmin>309</xmin>
			<ymin>517</ymin>
			<xmax>326</xmax>
			<ymax>553</ymax>
		</bndbox>
	</object>
</annotation>
