<annotation>
	<folder>red</folder>
	<filename>131.jpg</filename>
	<path>/home/student/catkin_ws/CarND-Capstone/ros/image/red/131.jpg</path>
	<source>
		<database>Unknown</database>
	</source>
	<size>
		<width>800</width>
		<height>600</height>
		<depth>3</depth>
	</size>
	<segmented>0</segmented>
	<object>
		<name>Red</name>
		<pose>Unspecified</pose>
		<truncated>0</truncated>
		<difficult>0</difficult>
		<bndbox>
			<xmin>237</xmin>
			<ymin>511</ymin>
			<xmax>254</xmax>
			<ymax>547</ymax>
		</bndbox>
	</object>
	<object>
		<name>Red</name>
		<pose>Unspecified</pose>
		<truncated>0</truncated>
		<difficult>0</difficult>
		<bndbox>
			<xmin>377</xmin>
			<ymin>516</ymin>
			<xmax>394</xmax>
			<ymax>552</ymax>
		</bndbox>
	</object>
	<object>
		<name>Red</name>
		<pose>Unspecified</pose>
		<truncated>0</truncated>
		<difficult>0</difficult>
		<bndbox>
			<xmin>307</xmin>
			<ymin>513</ymin>
			<xmax>324</xmax>
			<ymax>549</ymax>
		</bndbox>
	</object>
</annotation>
