<annotation>
	<folder>red</folder>
	<filename>134.jpg</filename>
	<path>/home/student/catkin_ws/CarND-Capstone/ros/image/red/134.jpg</path>
	<source>
		<database>Unknown</database>
	</source>
	<size>
		<width>800</width>
		<height>600</height>
		<depth>3</depth>
	</size>
	<segmented>0</segmented>
	<object>
		<name>Red</name>
		<pose>Unspecified</pose>
		<truncated>0</truncated>
		<difficult>0</difficult>
		<bndbox>
			<xmin>304</xmin>
			<ymin>509</ymin>
			<xmax>321</xmax>
			<ymax>545</ymax>
		</bndbox>
	</object>
	<object>
		<name>Red</name>
		<pose>Unspecified</pose>
		<truncated>0</truncated>
		<difficult>0</difficult>
		<bndbox>
			<xmin>377</xmin>
			<ymin>510</ymin>
			<xmax>394</xmax>
			<ymax>546</ymax>
		</bndbox>
	</object>
	<object>
		<name>Red</name>
		<pose>Unspecified</pose>
		<truncated>0</truncated>
		<difficult>0</difficult>
		<bndbox>
			<xmin>231</xmin>
			<ymin>508</ymin>
			<xmax>248</xmax>
			<ymax>544</ymax>
		</bndbox>
	</object>
</annotation>
