<annotation>
	<folder>red</folder>
	<filename>135.jpg</filename>
	<path>/home/student/catkin_ws/CarND-Capstone/ros/image/red/135.jpg</path>
	<source>
		<database>Unknown</database>
	</source>
	<size>
		<width>800</width>
		<height>600</height>
		<depth>3</depth>
	</size>
	<segmented>0</segmented>
	<object>
		<name>Red</name>
		<pose>Unspecified</pose>
		<truncated>0</truncated>
		<difficult>0</difficult>
		<bndbox>
			<xmin>229</xmin>
			<ymin>506</ymin>
			<xmax>246</xmax>
			<ymax>542</ymax>
		</bndbox>
	</object>
	<object>
		<name>Red</name>
		<pose>Unspecified</pose>
		<truncated>0</truncated>
		<difficult>0</difficult>
		<bndbox>
			<xmin>303</xmin>
			<ymin>506</ymin>
			<xmax>320</xmax>
			<ymax>542</ymax>
		</bndbox>
	</object>
	<object>
		<name>Red</name>
		<pose>Unspecified</pose>
		<truncated>0</truncated>
		<difficult>0</difficult>
		<bndbox>
			<xmin>378</xmin>
			<ymin>509</ymin>
			<xmax>395</xmax>
			<ymax>545</ymax>
		</bndbox>
	</object>
</annotation>
