<annotation>
	<folder>red</folder>
	<filename>136.jpg</filename>
	<path>/home/student/catkin_ws/CarND-Capstone/ros/image/red/136.jpg</path>
	<source>
		<database>Unknown</database>
	</source>
	<size>
		<width>800</width>
		<height>600</height>
		<depth>3</depth>
	</size>
	<segmented>0</segmented>
	<object>
		<name>Red</name>
		<pose>Unspecified</pose>
		<truncated>0</truncated>
		<difficult>0</difficult>
		<bndbox>
			<xmin>303</xmin>
			<ymin>507</ymin>
			<xmax>320</xmax>
			<ymax>543</ymax>
		</bndbox>
	</object>
	<object>
		<name>Red</name>
		<pose>Unspecified</pose>
		<truncated>0</truncated>
		<difficult>0</difficult>
		<bndbox>
			<xmin>378</xmin>
			<ymin>508</ymin>
			<xmax>395</xmax>
			<ymax>544</ymax>
		</bndbox>
	</object>
	<object>
		<name>Red</name>
		<pose>Unspecified</pose>
		<truncated>0</truncated>
		<difficult>0</difficult>
		<bndbox>
			<xmin>226</xmin>
			<ymin>505</ymin>
			<xmax>243</xmax>
			<ymax>541</ymax>
		</bndbox>
	</object>
</annotation>
