<annotation>
	<folder>red</folder>
	<filename>139.jpg</filename>
	<path>/home/student/catkin_ws/CarND-Capstone/ros/image/red/139.jpg</path>
	<source>
		<database>Unknown</database>
	</source>
	<size>
		<width>800</width>
		<height>600</height>
		<depth>3</depth>
	</size>
	<segmented>0</segmented>
	<object>
		<name>Red</name>
		<pose>Unspecified</pose>
		<truncated>0</truncated>
		<difficult>0</difficult>
		<bndbox>
			<xmin>298</xmin>
			<ymin>496</ymin>
			<xmax>318</xmax>
			<ymax>537</ymax>
		</bndbox>
	</object>
	<object>
		<name>Red</name>
		<pose>Unspecified</pose>
		<truncated>0</truncated>
		<difficult>0</difficult>
		<bndbox>
			<xmin>378</xmin>
			<ymin>497</ymin>
			<xmax>398</xmax>
			<ymax>538</ymax>
		</bndbox>
	</object>
	<object>
		<name>Red</name>
		<pose>Unspecified</pose>
		<truncated>0</truncated>
		<difficult>0</difficult>
		<bndbox>
			<xmin>216</xmin>
			<ymin>494</ymin>
			<xmax>236</xmax>
			<ymax>535</ymax>
		</bndbox>
	</object>
</annotation>
