<annotation>
	<folder>red</folder>
	<filename>142.jpg</filename>
	<path>/home/student/catkin_ws/CarND-Capstone/ros/image/red/142.jpg</path>
	<source>
		<database>Unknown</database>
	</source>
	<size>
		<width>800</width>
		<height>600</height>
		<depth>3</depth>
	</size>
	<segmented>0</segmented>
	<object>
		<name>Red</name>
		<pose>Unspecified</pose>
		<truncated>0</truncated>
		<difficult>0</difficult>
		<bndbox>
			<xmin>207</xmin>
			<ymin>488</ymin>
			<xmax>227</xmax>
			<ymax>533</ymax>
		</bndbox>
	</object>
	<object>
		<name>Red</name>
		<pose>Unspecified</pose>
		<truncated>0</truncated>
		<difficult>0</difficult>
		<bndbox>
			<xmin>295</xmin>
			<ymin>489</ymin>
			<xmax>315</xmax>
			<ymax>534</ymax>
		</bndbox>
	</object>
	<object>
		<name>Red</name>
		<pose>Unspecified</pose>
		<truncated>0</truncated>
		<difficult>0</difficult>
		<bndbox>
			<xmin>380</xmin>
			<ymin>490</ymin>
			<xmax>400</xmax>
			<ymax>535</ymax>
		</bndbox>
	</object>
</annotation>
