<annotation>
	<folder>red</folder>
	<filename>148.jpg</filename>
	<path>/home/student/catkin_ws/CarND-Capstone/ros/image/red/148.jpg</path>
	<source>
		<database>Unknown</database>
	</source>
	<size>
		<width>800</width>
		<height>600</height>
		<depth>3</depth>
	</size>
	<segmented>0</segmented>
	<object>
		<name>Red</name>
		<pose>Unspecified</pose>
		<truncated>0</truncated>
		<difficult>0</difficult>
		<bndbox>
			<xmin>382</xmin>
			<ymin>481</ymin>
			<xmax>402</xmax>
			<ymax>526</ymax>
		</bndbox>
	</object>
	<object>
		<name>Red</name>
		<pose>Unspecified</pose>
		<truncated>0</truncated>
		<difficult>0</difficult>
		<bndbox>
			<xmin>289</xmin>
			<ymin>479</ymin>
			<xmax>309</xmax>
			<ymax>524</ymax>
		</bndbox>
	</object>
	<object>
		<name>Red</name>
		<pose>Unspecified</pose>
		<truncated>0</truncated>
		<difficult>0</difficult>
		<bndbox>
			<xmin>194</xmin>
			<ymin>477</ymin>
			<xmax>214</xmax>
			<ymax>522</ymax>
		</bndbox>
	</object>
</annotation>
