<annotation>
	<folder>red</folder>
	<filename>150.jpg</filename>
	<path>/home/student/catkin_ws/CarND-Capstone/ros/image/red/150.jpg</path>
	<source>
		<database>Unknown</database>
	</source>
	<size>
		<width>800</width>
		<height>600</height>
		<depth>3</depth>
	</size>
	<segmented>0</segmented>
	<object>
		<name>Red</name>
		<pose>Unspecified</pose>
		<truncated>0</truncated>
		<difficult>0</difficult>
		<bndbox>
			<xmin>383</xmin>
			<ymin>474</ymin>
			<xmax>405</xmax>
			<ymax>522</ymax>
		</bndbox>
	</object>
	<object>
		<name>Red</name>
		<pose>Unspecified</pose>
		<truncated>0</truncated>
		<difficult>0</difficult>
		<bndbox>
			<xmin>286</xmin>
			<ymin>473</ymin>
			<xmax>308</xmax>
			<ymax>521</ymax>
		</bndbox>
	</object>
	<object>
		<name>Red</name>
		<pose>Unspecified</pose>
		<truncated>0</truncated>
		<difficult>0</difficult>
		<bndbox>
			<xmin>187</xmin>
			<ymin>470</ymin>
			<xmax>209</xmax>
			<ymax>518</ymax>
		</bndbox>
	</object>
</annotation>
