<annotation>
	<folder>red</folder>
	<filename>152.jpg</filename>
	<path>/home/student/catkin_ws/CarND-Capstone/ros/image/red/152.jpg</path>
	<source>
		<database>Unknown</database>
	</source>
	<size>
		<width>800</width>
		<height>600</height>
		<depth>3</depth>
	</size>
	<segmented>0</segmented>
	<object>
		<name>Red</name>
		<pose>Unspecified</pose>
		<truncated>0</truncated>
		<difficult>0</difficult>
		<bndbox>
			<xmin>283</xmin>
			<ymin>468</ymin>
			<xmax>305</xmax>
			<ymax>518</ymax>
		</bndbox>
	</object>
	<object>
		<name>Red</name>
		<pose>Unspecified</pose>
		<truncated>0</truncated>
		<difficult>0</difficult>
		<bndbox>
			<xmin>384</xmin>
			<ymin>469</ymin>
			<xmax>406</xmax>
			<ymax>519</ymax>
		</bndbox>
	</object>
	<object>
		<name>Red</name>
		<pose>Unspecified</pose>
		<truncated>0</truncated>
		<difficult>0</difficult>
		<bndbox>
			<xmin>181</xmin>
			<ymin>465</ymin>
			<xmax>203</xmax>
			<ymax>515</ymax>
		</bndbox>
	</object>
</annotation>
