<annotation>
	<folder>red</folder>
	<filename>179.jpg</filename>
	<path>/home/student/catkin_ws/CarND-Capstone/ros/image/red/179.jpg</path>
	<source>
		<database>Unknown</database>
	</source>
	<size>
		<width>800</width>
		<height>600</height>
		<depth>3</depth>
	</size>
	<segmented>0</segmented>
	<object>
		<name>Red</name>
		<pose>Unspecified</pose>
		<truncated>0</truncated>
		<difficult>0</difficult>
		<bndbox>
			<xmin>65</xmin>
			<ymin>370</ymin>
			<xmax>103</xmax>
			<ymax>456</ymax>
		</bndbox>
	</object>
	<object>
		<name>Red</name>
		<pose>Unspecified</pose>
		<truncated>0</truncated>
		<difficult>0</difficult>
		<bndbox>
			<xmin>397</xmin>
			<ymin>380</ymin>
			<xmax>435</xmax>
			<ymax>466</ymax>
		</bndbox>
	</object>
	<object>
		<name>Red</name>
		<pose>Unspecified</pose>
		<truncated>0</truncated>
		<difficult>0</difficult>
		<bndbox>
			<xmin>232</xmin>
			<ymin>374</ymin>
			<xmax>270</xmax>
			<ymax>460</ymax>
		</bndbox>
	</object>
</annotation>
