<annotation>
	<folder>red</folder>
	<filename>181.jpg</filename>
	<path>/home/student/catkin_ws/CarND-Capstone/ros/image/red/181.jpg</path>
	<source>
		<database>Unknown</database>
	</source>
	<size>
		<width>800</width>
		<height>600</height>
		<depth>3</depth>
	</size>
	<segmented>0</segmented>
	<object>
		<name>Red</name>
		<pose>Unspecified</pose>
		<truncated>0</truncated>
		<difficult>0</difficult>
		<bndbox>
			<xmin>57</xmin>
			<ymin>365</ymin>
			<xmax>97</xmax>
			<ymax>452</ymax>
		</bndbox>
	</object>
	<object>
		<name>Red</name>
		<pose>Unspecified</pose>
		<truncated>0</truncated>
		<difficult>0</difficult>
		<bndbox>
			<xmin>398</xmin>
			<ymin>376</ymin>
			<xmax>438</xmax>
			<ymax>463</ymax>
		</bndbox>
	</object>
	<object>
		<name>Red</name>
		<pose>Unspecified</pose>
		<truncated>0</truncated>
		<difficult>0</difficult>
		<bndbox>
			<xmin>229</xmin>
			<ymin>370</ymin>
			<xmax>269</xmax>
			<ymax>457</ymax>
		</bndbox>
	</object>
</annotation>
