<annotation>
	<folder>red</folder>
	<filename>182.jpg</filename>
	<path>/home/student/catkin_ws/CarND-Capstone/ros/image/red/182.jpg</path>
	<source>
		<database>Unknown</database>
	</source>
	<size>
		<width>800</width>
		<height>600</height>
		<depth>3</depth>
	</size>
	<segmented>0</segmented>
	<object>
		<name>Red</name>
		<pose>Unspecified</pose>
		<truncated>0</truncated>
		<difficult>0</difficult>
		<bndbox>
			<xmin>50</xmin>
			<ymin>358</ymin>
			<xmax>89</xmax>
			<ymax>448</ymax>
		</bndbox>
	</object>
	<object>
		<name>Red</name>
		<pose>Unspecified</pose>
		<truncated>0</truncated>
		<difficult>0</difficult>
		<bndbox>
			<xmin>400</xmin>
			<ymin>367</ymin>
			<xmax>439</xmax>
			<ymax>457</ymax>
		</bndbox>
	</object>
	<object>
		<name>Red</name>
		<pose>Unspecified</pose>
		<truncated>0</truncated>
		<difficult>0</difficult>
		<bndbox>
			<xmin>226</xmin>
			<ymin>363</ymin>
			<xmax>265</xmax>
			<ymax>453</ymax>
		</bndbox>
	</object>
</annotation>
