<annotation>
	<folder>red</folder>
	<filename>184.jpg</filename>
	<path>/home/student/catkin_ws/CarND-Capstone/ros/image/red/184.jpg</path>
	<source>
		<database>Unknown</database>
	</source>
	<size>
		<width>800</width>
		<height>600</height>
		<depth>3</depth>
	</size>
	<segmented>0</segmented>
	<object>
		<name>Red</name>
		<pose>Unspecified</pose>
		<truncated>0</truncated>
		<difficult>0</difficult>
		<bndbox>
			<xmin>402</xmin>
			<ymin>360</ymin>
			<xmax>441</xmax>
			<ymax>450</ymax>
		</bndbox>
	</object>
	<object>
		<name>Red</name>
		<pose>Unspecified</pose>
		<truncated>0</truncated>
		<difficult>0</difficult>
		<bndbox>
			<xmin>220</xmin>
			<ymin>354</ymin>
			<xmax>261</xmax>
			<ymax>444</ymax>
		</bndbox>
	</object>
	<object>
		<name>Red</name>
		<pose>Unspecified</pose>
		<truncated>0</truncated>
		<difficult>0</difficult>
		<bndbox>
			<xmin>38</xmin>
			<ymin>350</ymin>
			<xmax>77</xmax>
			<ymax>440</ymax>
		</bndbox>
	</object>
</annotation>
