<annotation>
	<folder>red</folder>
	<filename>185.jpg</filename>
	<path>/home/student/catkin_ws/CarND-Capstone/ros/image/red/185.jpg</path>
	<source>
		<database>Unknown</database>
	</source>
	<size>
		<width>800</width>
		<height>600</height>
		<depth>3</depth>
	</size>
	<segmented>0</segmented>
	<object>
		<name>Red</name>
		<pose>Unspecified</pose>
		<truncated>0</truncated>
		<difficult>0</difficult>
		<bndbox>
			<xmin>34</xmin>
			<ymin>346</ymin>
			<xmax>75</xmax>
			<ymax>442</ymax>
		</bndbox>
	</object>
	<object>
		<name>Red</name>
		<pose>Unspecified</pose>
		<truncated>0</truncated>
		<difficult>0</difficult>
		<bndbox>
			<xmin>401</xmin>
			<ymin>357</ymin>
			<xmax>442</xmax>
			<ymax>453</ymax>
		</bndbox>
	</object>
	<object>
		<name>Red</name>
		<pose>Unspecified</pose>
		<truncated>0</truncated>
		<difficult>0</difficult>
		<bndbox>
			<xmin>219</xmin>
			<ymin>352</ymin>
			<xmax>260</xmax>
			<ymax>448</ymax>
		</bndbox>
	</object>
</annotation>
