<annotation>
	<folder>red</folder>
	<filename>186.jpg</filename>
	<path>/home/student/catkin_ws/CarND-Capstone/ros/image/red/186.jpg</path>
	<source>
		<database>Unknown</database>
	</source>
	<size>
		<width>800</width>
		<height>600</height>
		<depth>3</depth>
	</size>
	<segmented>0</segmented>
	<object>
		<name>Red</name>
		<pose>Unspecified</pose>
		<truncated>0</truncated>
		<difficult>0</difficult>
		<bndbox>
			<xmin>403</xmin>
			<ymin>356</ymin>
			<xmax>444</xmax>
			<ymax>452</ymax>
		</bndbox>
	</object>
	<object>
		<name>Red</name>
		<pose>Unspecified</pose>
		<truncated>0</truncated>
		<difficult>0</difficult>
		<bndbox>
			<xmin>218</xmin>
			<ymin>350</ymin>
			<xmax>259</xmax>
			<ymax>446</ymax>
		</bndbox>
	</object>
	<object>
		<name>Red</name>
		<pose>Unspecified</pose>
		<truncated>0</truncated>
		<difficult>0</difficult>
		<bndbox>
			<xmin>29</xmin>
			<ymin>345</ymin>
			<xmax>70</xmax>
			<ymax>441</ymax>
		</bndbox>
	</object>
</annotation>
