<annotation>
	<folder>red</folder>
	<filename>188.jpg</filename>
	<path>/home/student/catkin_ws/CarND-Capstone/ros/image/red/188.jpg</path>
	<source>
		<database>Unknown</database>
	</source>
	<size>
		<width>800</width>
		<height>600</height>
		<depth>3</depth>
	</size>
	<segmented>0</segmented>
	<object>
		<name>Red</name>
		<pose>Unspecified</pose>
		<truncated>0</truncated>
		<difficult>0</difficult>
		<bndbox>
			<xmin>19</xmin>
			<ymin>341</ymin>
			<xmax>65</xmax>
			<ymax>436</ymax>
		</bndbox>
	</object>
	<object>
		<name>Red</name>
		<pose>Unspecified</pose>
		<truncated>0</truncated>
		<difficult>0</difficult>
		<bndbox>
			<xmin>402</xmin>
			<ymin>352</ymin>
			<xmax>448</xmax>
			<ymax>447</ymax>
		</bndbox>
	</object>
	<object>
		<name>Red</name>
		<pose>Unspecified</pose>
		<truncated>0</truncated>
		<difficult>0</difficult>
		<bndbox>
			<xmin>210</xmin>
			<ymin>346</ymin>
			<xmax>256</xmax>
			<ymax>441</ymax>
		</bndbox>
	</object>
</annotation>
