<annotation>
	<folder>red</folder>
	<filename>192.jpg</filename>
	<path>/home/student/catkin_ws/CarND-Capstone/ros/image/red/192.jpg</path>
	<source>
		<database>Unknown</database>
	</source>
	<size>
		<width>800</width>
		<height>600</height>
		<depth>3</depth>
	</size>
	<segmented>0</segmented>
	<object>
		<name>Red</name>
		<pose>Unspecified</pose>
		<truncated>0</truncated>
		<difficult>0</difficult>
		<bndbox>
			<xmin>48</xmin>
			<ymin>332</ymin>
			<xmax>94</xmax>
			<ymax>432</ymax>
		</bndbox>
	</object>
	<object>
		<name>Red</name>
		<pose>Unspecified</pose>
		<truncated>0</truncated>
		<difficult>0</difficult>
		<bndbox>
			<xmin>444</xmin>
			<ymin>343</ymin>
			<xmax>490</xmax>
			<ymax>443</ymax>
		</bndbox>
	</object>
	<object>
		<name>Red</name>
		<pose>Unspecified</pose>
		<truncated>0</truncated>
		<difficult>0</difficult>
		<bndbox>
			<xmin>249</xmin>
			<ymin>338</ymin>
			<xmax>295</xmax>
			<ymax>438</ymax>
		</bndbox>
	</object>
</annotation>
