<annotation>
	<folder>red</folder>
	<filename>193.jpg</filename>
	<path>/home/student/catkin_ws/CarND-Capstone/ros/image/red/193.jpg</path>
	<source>
		<database>Unknown</database>
	</source>
	<size>
		<width>800</width>
		<height>600</height>
		<depth>3</depth>
	</size>
	<segmented>0</segmented>
	<object>
		<name>Red</name>
		<pose>Unspecified</pose>
		<truncated>0</truncated>
		<difficult>0</difficult>
		<bndbox>
			<xmin>445</xmin>
			<ymin>341</ymin>
			<xmax>491</xmax>
			<ymax>441</ymax>
		</bndbox>
	</object>
	<object>
		<name>Red</name>
		<pose>Unspecified</pose>
		<truncated>0</truncated>
		<difficult>0</difficult>
		<bndbox>
			<xmin>245</xmin>
			<ymin>337</ymin>
			<xmax>291</xmax>
			<ymax>437</ymax>
		</bndbox>
	</object>
	<object>
		<name>Red</name>
		<pose>Unspecified</pose>
		<truncated>0</truncated>
		<difficult>0</difficult>
		<bndbox>
			<xmin>47</xmin>
			<ymin>331</ymin>
			<xmax>93</xmax>
			<ymax>431</ymax>
		</bndbox>
	</object>
</annotation>
