<annotation>
	<folder>red</folder>
	<filename>194.jpg</filename>
	<path>/home/student/catkin_ws/CarND-Capstone/ros/image/red/194.jpg</path>
	<source>
		<database>Unknown</database>
	</source>
	<size>
		<width>800</width>
		<height>600</height>
		<depth>3</depth>
	</size>
	<segmented>0</segmented>
	<object>
		<name>Red</name>
		<pose>Unspecified</pose>
		<truncated>0</truncated>
		<difficult>0</difficult>
		<bndbox>
			<xmin>40</xmin>
			<ymin>324</ymin>
			<xmax>86</xmax>
			<ymax>428</ymax>
		</bndbox>
	</object>
	<object>
		<name>Red</name>
		<pose>Unspecified</pose>
		<truncated>0</truncated>
		<difficult>0</difficult>
		<bndbox>
			<xmin>445</xmin>
			<ymin>336</ymin>
			<xmax>491</xmax>
			<ymax>440</ymax>
		</bndbox>
	</object>
	<object>
		<name>Red</name>
		<pose>Unspecified</pose>
		<truncated>0</truncated>
		<difficult>0</difficult>
		<bndbox>
			<xmin>245</xmin>
			<ymin>331</ymin>
			<xmax>291</xmax>
			<ymax>435</ymax>
		</bndbox>
	</object>
</annotation>
