<annotation>
	<folder>red</folder>
	<filename>195.jpg</filename>
	<path>/home/student/catkin_ws/CarND-Capstone/ros/image/red/195.jpg</path>
	<source>
		<database>Unknown</database>
	</source>
	<size>
		<width>800</width>
		<height>600</height>
		<depth>3</depth>
	</size>
	<segmented>0</segmented>
	<object>
		<name>Red</name>
		<pose>Unspecified</pose>
		<truncated>0</truncated>
		<difficult>0</difficult>
		<bndbox>
			<xmin>26</xmin>
			<ymin>312</ymin>
			<xmax>75</xmax>
			<ymax>421</ymax>
		</bndbox>
	</object>
	<object>
		<name>Red</name>
		<pose>Unspecified</pose>
		<truncated>0</truncated>
		<difficult>0</difficult>
		<bndbox>
			<xmin>448</xmin>
			<ymin>325</ymin>
			<xmax>497</xmax>
			<ymax>434</ymax>
		</bndbox>
	</object>
	<object>
		<name>Red</name>
		<pose>Unspecified</pose>
		<truncated>0</truncated>
		<difficult>0</difficult>
		<bndbox>
			<xmin>240</xmin>
			<ymin>318</ymin>
			<xmax>289</xmax>
			<ymax>427</ymax>
		</bndbox>
	</object>
</annotation>
