<annotation>
	<folder>red</folder>
	<filename>196.jpg</filename>
	<path>/home/student/catkin_ws/CarND-Capstone/ros/image/red/196.jpg</path>
	<source>
		<database>Unknown</database>
	</source>
	<size>
		<width>800</width>
		<height>600</height>
		<depth>3</depth>
	</size>
	<segmented>0</segmented>
	<object>
		<name>Red</name>
		<pose>Unspecified</pose>
		<truncated>0</truncated>
		<difficult>0</difficult>
		<bndbox>
			<xmin>454</xmin>
			<ymin>317</ymin>
			<xmax>503</xmax>
			<ymax>426</ymax>
		</bndbox>
	</object>
	<object>
		<name>Red</name>
		<pose>Unspecified</pose>
		<truncated>0</truncated>
		<difficult>0</difficult>
		<bndbox>
			<xmin>237</xmin>
			<ymin>311</ymin>
			<xmax>286</xmax>
			<ymax>420</ymax>
		</bndbox>
	</object>
	<object>
		<name>Red</name>
		<pose>Unspecified</pose>
		<truncated>0</truncated>
		<difficult>0</difficult>
		<bndbox>
			<xmin>19</xmin>
			<ymin>304</ymin>
			<xmax>68</xmax>
			<ymax>413</ymax>
		</bndbox>
	</object>
</annotation>
