<annotation>
	<folder>red</folder>
	<filename>197.jpg</filename>
	<path>/home/student/catkin_ws/CarND-Capstone/ros/image/red/197.jpg</path>
	<source>
		<database>Unknown</database>
	</source>
	<size>
		<width>800</width>
		<height>600</height>
		<depth>3</depth>
	</size>
	<segmented>0</segmented>
	<object>
		<name>Red</name>
		<pose>Unspecified</pose>
		<truncated>0</truncated>
		<difficult>0</difficult>
		<bndbox>
			<xmin>238</xmin>
			<ymin>299</ymin>
			<xmax>287</xmax>
			<ymax>410</ymax>
		</bndbox>
	</object>
	<object>
		<name>Red</name>
		<pose>Unspecified</pose>
		<truncated>0</truncated>
		<difficult>0</difficult>
		<bndbox>
			<xmin>455</xmin>
			<ymin>308</ymin>
			<xmax>505</xmax>
			<ymax>417</ymax>
		</bndbox>
	</object>
	<object>
		<name>Red</name>
		<pose>Unspecified</pose>
		<truncated>0</truncated>
		<difficult>0</difficult>
		<bndbox>
			<xmin>16</xmin>
			<ymin>291</ymin>
			<xmax>64</xmax>
			<ymax>403</ymax>
		</bndbox>
	</object>
</annotation>
