<annotation>
	<folder>red</folder>
	<filename>199.jpg</filename>
	<path>/home/student/catkin_ws/CarND-Capstone/ros/image/red/199.jpg</path>
	<source>
		<database>Unknown</database>
	</source>
	<size>
		<width>800</width>
		<height>600</height>
		<depth>3</depth>
	</size>
	<segmented>0</segmented>
	<object>
		<name>Red</name>
		<pose>Unspecified</pose>
		<truncated>0</truncated>
		<difficult>0</difficult>
		<bndbox>
			<xmin>455</xmin>
			<ymin>310</ymin>
			<xmax>505</xmax>
			<ymax>419</ymax>
		</bndbox>
	</object>
	<object>
		<name>Red</name>
		<pose>Unspecified</pose>
		<truncated>0</truncated>
		<difficult>0</difficult>
		<bndbox>
			<xmin>238</xmin>
			<ymin>302</ymin>
			<xmax>288</xmax>
			<ymax>411</ymax>
		</bndbox>
	</object>
	<object>
		<name>Red</name>
		<pose>Unspecified</pose>
		<truncated>0</truncated>
		<difficult>0</difficult>
		<bndbox>
			<xmin>14</xmin>
			<ymin>295</ymin>
			<xmax>64</xmax>
			<ymax>404</ymax>
		</bndbox>
	</object>
</annotation>
