<annotation>
	<folder>red</folder>
	<filename>205.jpg</filename>
	<path>/home/student/catkin_ws/CarND-Capstone/ros/image/red/205.jpg</path>
	<source>
		<database>Unknown</database>
	</source>
	<size>
		<width>800</width>
		<height>600</height>
		<depth>3</depth>
	</size>
	<segmented>0</segmented>
	<object>
		<name>Red</name>
		<pose>Unspecified</pose>
		<truncated>0</truncated>
		<difficult>0</difficult>
		<bndbox>
			<xmin>456</xmin>
			<ymin>307</ymin>
			<xmax>505</xmax>
			<ymax>420</ymax>
		</bndbox>
	</object>
	<object>
		<name>Red</name>
		<pose>Unspecified</pose>
		<truncated>0</truncated>
		<difficult>0</difficult>
		<bndbox>
			<xmin>236</xmin>
			<ymin>301</ymin>
			<xmax>285</xmax>
			<ymax>414</ymax>
		</bndbox>
	</object>
	<object>
		<name>Red</name>
		<pose>Unspecified</pose>
		<truncated>0</truncated>
		<difficult>0</difficult>
		<bndbox>
			<xmin>14</xmin>
			<ymin>293</ymin>
			<xmax>63</xmax>
			<ymax>406</ymax>
		</bndbox>
	</object>
</annotation>
