<annotation>
	<folder>red</folder>
	<filename>31.jpg</filename>
	<path>/home/student/catkin_ws/CarND-Capstone/ros/image/red/31.jpg</path>
	<source>
		<database>Unknown</database>
	</source>
	<size>
		<width>800</width>
		<height>600</height>
		<depth>3</depth>
	</size>
	<segmented>0</segmented>
	<object>
		<name>Red</name>
		<pose>Unspecified</pose>
		<truncated>0</truncated>
		<difficult>0</difficult>
		<bndbox>
			<xmin>643</xmin>
			<ymin>569</ymin>
			<xmax>652</xmax>
			<ymax>586</ymax>
		</bndbox>
	</object>
	<object>
		<name>Red</name>
		<pose>Unspecified</pose>
		<truncated>0</truncated>
		<difficult>0</difficult>
		<bndbox>
			<xmin>669</xmin>
			<ymin>572</ymin>
			<xmax>678</xmax>
			<ymax>587</ymax>
		</bndbox>
	</object>
	<object>
		<name>Red</name>
		<pose>Unspecified</pose>
		<truncated>0</truncated>
		<difficult>0</difficult>
		<bndbox>
			<xmin>695</xmin>
			<ymin>571</ymin>
			<xmax>704</xmax>
			<ymax>587</ymax>
		</bndbox>
	</object>
</annotation>
