<annotation>
	<folder>red</folder>
	<filename>32.jpg</filename>
	<path>/home/student/catkin_ws/CarND-Capstone/ros/image/red/32.jpg</path>
	<source>
		<database>Unknown</database>
	</source>
	<size>
		<width>800</width>
		<height>600</height>
		<depth>3</depth>
	</size>
	<segmented>0</segmented>
	<object>
		<name>Red</name>
		<pose>Unspecified</pose>
		<truncated>0</truncated>
		<difficult>0</difficult>
		<bndbox>
			<xmin>645</xmin>
			<ymin>571</ymin>
			<xmax>653</xmax>
			<ymax>587</ymax>
		</bndbox>
	</object>
	<object>
		<name>Red</name>
		<pose>Unspecified</pose>
		<truncated>0</truncated>
		<difficult>0</difficult>
		<bndbox>
			<xmin>671</xmin>
			<ymin>571</ymin>
			<xmax>680</xmax>
			<ymax>587</ymax>
		</bndbox>
	</object>
	<object>
		<name>Red</name>
		<pose>Unspecified</pose>
		<truncated>0</truncated>
		<difficult>0</difficult>
		<bndbox>
			<xmin>698</xmin>
			<ymin>571</ymin>
			<xmax>706</xmax>
			<ymax>587</ymax>
		</bndbox>
	</object>
</annotation>
