<annotation>
	<folder>red</folder>
	<filename>36.jpg</filename>
	<path>/home/student/catkin_ws/CarND-Capstone/ros/image/red/36.jpg</path>
	<source>
		<database>Unknown</database>
	</source>
	<size>
		<width>800</width>
		<height>600</height>
		<depth>3</depth>
	</size>
	<segmented>0</segmented>
	<object>
		<name>Red</name>
		<pose>Unspecified</pose>
		<truncated>0</truncated>
		<difficult>0</difficult>
		<bndbox>
			<xmin>652</xmin>
			<ymin>575</ymin>
			<xmax>660</xmax>
			<ymax>594</ymax>
		</bndbox>
	</object>
	<object>
		<name>Red</name>
		<pose>Unspecified</pose>
		<truncated>0</truncated>
		<difficult>0</difficult>
		<bndbox>
			<xmin>679</xmin>
			<ymin>576</ymin>
			<xmax>687</xmax>
			<ymax>593</ymax>
		</bndbox>
	</object>
	<object>
		<name>Red</name>
		<pose>Unspecified</pose>
		<truncated>0</truncated>
		<difficult>0</difficult>
		<bndbox>
			<xmin>704</xmin>
			<ymin>576</ymin>
			<xmax>714</xmax>
			<ymax>594</ymax>
		</bndbox>
	</object>
</annotation>
