<annotation>
	<folder>red</folder>
	<filename>38.jpg</filename>
	<path>/home/student/catkin_ws/CarND-Capstone/ros/image/red/38.jpg</path>
	<source>
		<database>Unknown</database>
	</source>
	<size>
		<width>800</width>
		<height>600</height>
		<depth>3</depth>
	</size>
	<segmented>0</segmented>
	<object>
		<name>Red</name>
		<pose>Unspecified</pose>
		<truncated>0</truncated>
		<difficult>0</difficult>
		<bndbox>
			<xmin>531</xmin>
			<ymin>572</ymin>
			<xmax>541</xmax>
			<ymax>590</ymax>
		</bndbox>
	</object>
	<object>
		<name>Red</name>
		<pose>Unspecified</pose>
		<truncated>0</truncated>
		<difficult>0</difficult>
		<bndbox>
			<xmin>558</xmin>
			<ymin>574</ymin>
			<xmax>566</xmax>
			<ymax>591</ymax>
		</bndbox>
	</object>
	<object>
		<name>Red</name>
		<pose>Unspecified</pose>
		<truncated>0</truncated>
		<difficult>0</difficult>
		<bndbox>
			<xmin>585</xmin>
			<ymin>572</ymin>
			<xmax>594</xmax>
			<ymax>591</ymax>
		</bndbox>
	</object>
</annotation>
