<annotation>
	<folder>red</folder>
	<filename>74.jpg</filename>
	<path>/home/student/catkin_ws/CarND-Capstone/ros/image/red/74.jpg</path>
	<source>
		<database>Unknown</database>
	</source>
	<size>
		<width>800</width>
		<height>600</height>
		<depth>3</depth>
	</size>
	<segmented>0</segmented>
	<object>
		<name>Red</name>
		<pose>Unspecified</pose>
		<truncated>0</truncated>
		<difficult>0</difficult>
		<bndbox>
			<xmin>427</xmin>
			<ymin>566</ymin>
			<xmax>436</xmax>
			<ymax>585</ymax>
		</bndbox>
	</object>
	<object>
		<name>Red</name>
		<pose>Unspecified</pose>
		<truncated>0</truncated>
		<difficult>0</difficult>
		<bndbox>
			<xmin>464</xmin>
			<ymin>566</ymin>
			<xmax>473</xmax>
			<ymax>586</ymax>
		</bndbox>
	</object>
	<object>
		<name>Red</name>
		<pose>Unspecified</pose>
		<truncated>0</truncated>
		<difficult>0</difficult>
		<bndbox>
			<xmin>499</xmin>
			<ymin>569</ymin>
			<xmax>509</xmax>
			<ymax>589</ymax>
		</bndbox>
	</object>
</annotation>
