<annotation>
	<folder>red</folder>
	<filename>76.jpg</filename>
	<path>/home/student/catkin_ws/CarND-Capstone/ros/image/red/76.jpg</path>
	<source>
		<database>Unknown</database>
	</source>
	<size>
		<width>800</width>
		<height>600</height>
		<depth>3</depth>
	</size>
	<segmented>0</segmented>
	<object>
		<name>Red</name>
		<pose>Unspecified</pose>
		<truncated>0</truncated>
		<difficult>0</difficult>
		<bndbox>
			<xmin>427</xmin>
			<ymin>564</ymin>
			<xmax>438</xmax>
			<ymax>586</ymax>
		</bndbox>
	</object>
	<object>
		<name>Red</name>
		<pose>Unspecified</pose>
		<truncated>0</truncated>
		<difficult>0</difficult>
		<bndbox>
			<xmin>463</xmin>
			<ymin>563</ymin>
			<xmax>475</xmax>
			<ymax>587</ymax>
		</bndbox>
	</object>
	<object>
		<name>Red</name>
		<pose>Unspecified</pose>
		<truncated>0</truncated>
		<difficult>0</difficult>
		<bndbox>
			<xmin>500</xmin>
			<ymin>563</ymin>
			<xmax>511</xmax>
			<ymax>589</ymax>
		</bndbox>
	</object>
</annotation>
