<annotation>
	<folder>red</folder>
	<filename>83.jpg</filename>
	<path>/home/student/catkin_ws/CarND-Capstone/ros/image/red/83.jpg</path>
	<source>
		<database>Unknown</database>
	</source>
	<size>
		<width>800</width>
		<height>600</height>
		<depth>3</depth>
	</size>
	<segmented>0</segmented>
	<object>
		<name>Red</name>
		<pose>Unspecified</pose>
		<truncated>0</truncated>
		<difficult>0</difficult>
		<bndbox>
			<xmin>330</xmin>
			<ymin>560</ymin>
			<xmax>340</xmax>
			<ymax>582</ymax>
		</bndbox>
	</object>
	<object>
		<name>Red</name>
		<pose>Unspecified</pose>
		<truncated>0</truncated>
		<difficult>0</difficult>
		<bndbox>
			<xmin>368</xmin>
			<ymin>561</ymin>
			<xmax>378</xmax>
			<ymax>585</ymax>
		</bndbox>
	</object>
	<object>
		<name>Red</name>
		<pose>Unspecified</pose>
		<truncated>0</truncated>
		<difficult>0</difficult>
		<bndbox>
			<xmin>405</xmin>
			<ymin>560</ymin>
			<xmax>416</xmax>
			<ymax>585</ymax>
		</bndbox>
	</object>
</annotation>
