<annotation>
	<folder>red</folder>
	<filename>84.jpg</filename>
	<path>/home/student/catkin_ws/CarND-Capstone/ros/image/red/84.jpg</path>
	<source>
		<database>Unknown</database>
	</source>
	<size>
		<width>800</width>
		<height>600</height>
		<depth>3</depth>
	</size>
	<segmented>0</segmented>
	<object>
		<name>Red</name>
		<pose>Unspecified</pose>
		<truncated>0</truncated>
		<difficult>0</difficult>
		<bndbox>
			<xmin>245</xmin>
			<ymin>558</ymin>
			<xmax>255</xmax>
			<ymax>581</ymax>
		</bndbox>
	</object>
	<object>
		<name>Red</name>
		<pose>Unspecified</pose>
		<truncated>0</truncated>
		<difficult>0</difficult>
		<bndbox>
			<xmin>284</xmin>
			<ymin>559</ymin>
			<xmax>294</xmax>
			<ymax>582</ymax>
		</bndbox>
	</object>
	<object>
		<name>Red</name>
		<pose>Unspecified</pose>
		<truncated>0</truncated>
		<difficult>0</difficult>
		<bndbox>
			<xmin>322</xmin>
			<ymin>559</ymin>
			<xmax>332</xmax>
			<ymax>583</ymax>
		</bndbox>
	</object>
</annotation>
