<annotation>
	<folder>red</folder>
	<filename>86.jpg</filename>
	<path>/home/student/catkin_ws/CarND-Capstone/ros/image/red/86.jpg</path>
	<source>
		<database>Unknown</database>
	</source>
	<size>
		<width>800</width>
		<height>600</height>
		<depth>3</depth>
	</size>
	<segmented>0</segmented>
	<object>
		<name>Red</name>
		<pose>Unspecified</pose>
		<truncated>0</truncated>
		<difficult>0</difficult>
		<bndbox>
			<xmin>173</xmin>
			<ymin>557</ymin>
			<xmax>185</xmax>
			<ymax>579</ymax>
		</bndbox>
	</object>
	<object>
		<name>Red</name>
		<pose>Unspecified</pose>
		<truncated>0</truncated>
		<difficult>0</difficult>
		<bndbox>
			<xmin>213</xmin>
			<ymin>557</ymin>
			<xmax>223</xmax>
			<ymax>580</ymax>
		</bndbox>
	</object>
	<object>
		<name>Red</name>
		<pose>Unspecified</pose>
		<truncated>0</truncated>
		<difficult>0</difficult>
		<bndbox>
			<xmin>252</xmin>
			<ymin>556</ymin>
			<xmax>262</xmax>
			<ymax>581</ymax>
		</bndbox>
	</object>
</annotation>
