<annotation>
	<folder>red</folder>
	<filename>91.jpg</filename>
	<path>/home/student/catkin_ws/CarND-Capstone/ros/image/red/91.jpg</path>
	<source>
		<database>Unknown</database>
	</source>
	<size>
		<width>800</width>
		<height>600</height>
		<depth>3</depth>
	</size>
	<segmented>0</segmented>
	<object>
		<name>Red</name>
		<pose>Unspecified</pose>
		<truncated>0</truncated>
		<difficult>0</difficult>
		<bndbox>
			<xmin>362</xmin>
			<ymin>557</ymin>
			<xmax>373</xmax>
			<ymax>583</ymax>
		</bndbox>
	</object>
	<object>
		<name>Red</name>
		<pose>Unspecified</pose>
		<truncated>0</truncated>
		<difficult>0</difficult>
		<bndbox>
			<xmin>401</xmin>
			<ymin>558</ymin>
			<xmax>413</xmax>
			<ymax>582</ymax>
		</bndbox>
	</object>
	<object>
		<name>Red</name>
		<pose>Unspecified</pose>
		<truncated>0</truncated>
		<difficult>0</difficult>
		<bndbox>
			<xmin>441</xmin>
			<ymin>559</ymin>
			<xmax>452</xmax>
			<ymax>583</ymax>
		</bndbox>
	</object>
</annotation>
