<annotation>
	<folder>red</folder>
	<filename>93.jpg</filename>
	<path>/home/student/catkin_ws/CarND-Capstone/ros/image/red/93.jpg</path>
	<source>
		<database>Unknown</database>
	</source>
	<size>
		<width>800</width>
		<height>600</height>
		<depth>3</depth>
	</size>
	<segmented>0</segmented>
	<object>
		<name>Red</name>
		<pose>Unspecified</pose>
		<truncated>0</truncated>
		<difficult>0</difficult>
		<bndbox>
			<xmin>429</xmin>
			<ymin>557</ymin>
			<xmax>440</xmax>
			<ymax>583</ymax>
		</bndbox>
	</object>
	<object>
		<name>Red</name>
		<pose>Unspecified</pose>
		<truncated>0</truncated>
		<difficult>0</difficult>
		<bndbox>
			<xmin>469</xmin>
			<ymin>559</ymin>
			<xmax>481</xmax>
			<ymax>582</ymax>
		</bndbox>
	</object>
	<object>
		<name>Red</name>
		<pose>Unspecified</pose>
		<truncated>0</truncated>
		<difficult>0</difficult>
		<bndbox>
			<xmin>511</xmin>
			<ymin>559</ymin>
			<xmax>522</xmax>
			<ymax>583</ymax>
		</bndbox>
	</object>
</annotation>
