<annotation>
	<folder>red</folder>
	<filename>94.jpg</filename>
	<path>/home/student/catkin_ws/CarND-Capstone/ros/image/red/94.jpg</path>
	<source>
		<database>Unknown</database>
	</source>
	<size>
		<width>800</width>
		<height>600</height>
		<depth>3</depth>
	</size>
	<segmented>0</segmented>
	<object>
		<name>Red</name>
		<pose>Unspecified</pose>
		<truncated>0</truncated>
		<difficult>0</difficult>
		<bndbox>
			<xmin>223</xmin>
			<ymin>554</ymin>
			<xmax>235</xmax>
			<ymax>578</ymax>
		</bndbox>
	</object>
	<object>
		<name>Red</name>
		<pose>Unspecified</pose>
		<truncated>0</truncated>
		<difficult>0</difficult>
		<bndbox>
			<xmin>265</xmin>
			<ymin>555</ymin>
			<xmax>276</xmax>
			<ymax>578</ymax>
		</bndbox>
	</object>
	<object>
		<name>Red</name>
		<pose>Unspecified</pose>
		<truncated>0</truncated>
		<difficult>0</difficult>
		<bndbox>
			<xmin>306</xmin>
			<ymin>555</ymin>
			<xmax>317</xmax>
			<ymax>580</ymax>
		</bndbox>
	</object>
</annotation>
