<annotation>
	<folder>red</folder>
	<filename>95.jpg</filename>
	<path>/home/student/catkin_ws/CarND-Capstone/ros/image/red/95.jpg</path>
	<source>
		<database>Unknown</database>
	</source>
	<size>
		<width>800</width>
		<height>600</height>
		<depth>3</depth>
	</size>
	<segmented>0</segmented>
	<object>
		<name>Red</name>
		<pose>Unspecified</pose>
		<truncated>0</truncated>
		<difficult>0</difficult>
		<bndbox>
			<xmin>221</xmin>
			<ymin>555</ymin>
			<xmax>234</xmax>
			<ymax>577</ymax>
		</bndbox>
	</object>
	<object>
		<name>Red</name>
		<pose>Unspecified</pose>
		<truncated>0</truncated>
		<difficult>0</difficult>
		<bndbox>
			<xmin>264</xmin>
			<ymin>555</ymin>
			<xmax>275</xmax>
			<ymax>579</ymax>
		</bndbox>
	</object>
	<object>
		<name>Red</name>
		<pose>Unspecified</pose>
		<truncated>0</truncated>
		<difficult>0</difficult>
		<bndbox>
			<xmin>304</xmin>
			<ymin>555</ymin>
			<xmax>315</xmax>
			<ymax>580</ymax>
		</bndbox>
	</object>
</annotation>
