<annotation>
	<folder>red</folder>
	<filename>96.jpg</filename>
	<path>/home/student/catkin_ws/CarND-Capstone/ros/image/red/96.jpg</path>
	<source>
		<database>Unknown</database>
	</source>
	<size>
		<width>800</width>
		<height>600</height>
		<depth>3</depth>
	</size>
	<segmented>0</segmented>
	<object>
		<name>Red</name>
		<pose>Unspecified</pose>
		<truncated>0</truncated>
		<difficult>0</difficult>
		<bndbox>
			<xmin>222</xmin>
			<ymin>553</ymin>
			<xmax>232</xmax>
			<ymax>575</ymax>
		</bndbox>
	</object>
	<object>
		<name>Red</name>
		<pose>Unspecified</pose>
		<truncated>0</truncated>
		<difficult>0</difficult>
		<bndbox>
			<xmin>263</xmin>
			<ymin>553</ymin>
			<xmax>275</xmax>
			<ymax>576</ymax>
		</bndbox>
	</object>
	<object>
		<name>Red</name>
		<pose>Unspecified</pose>
		<truncated>0</truncated>
		<difficult>0</difficult>
		<bndbox>
			<xmin>305</xmin>
			<ymin>554</ymin>
			<xmax>316</xmax>
			<ymax>578</ymax>
		</bndbox>
	</object>
</annotation>
