<annotation>
	<folder>red</folder>
	<filename>98.jpg</filename>
	<path>/home/student/catkin_ws/CarND-Capstone/ros/image/red/98.jpg</path>
	<source>
		<database>Unknown</database>
	</source>
	<size>
		<width>800</width>
		<height>600</height>
		<depth>3</depth>
	</size>
	<segmented>0</segmented>
	<object>
		<name>Red</name>
		<pose>Unspecified</pose>
		<truncated>0</truncated>
		<difficult>0</difficult>
		<bndbox>
			<xmin>427</xmin>
			<ymin>554</ymin>
			<xmax>438</xmax>
			<ymax>578</ymax>
		</bndbox>
	</object>
	<object>
		<name>Red</name>
		<pose>Unspecified</pose>
		<truncated>0</truncated>
		<difficult>0</difficult>
		<bndbox>
			<xmin>469</xmin>
			<ymin>555</ymin>
			<xmax>480</xmax>
			<ymax>580</ymax>
		</bndbox>
	</object>
	<object>
		<name>Red</name>
		<pose>Unspecified</pose>
		<truncated>0</truncated>
		<difficult>0</difficult>
		<bndbox>
			<xmin>513</xmin>
			<ymin>557</ymin>
			<xmax>524</xmax>
			<ymax>581</ymax>
		</bndbox>
	</object>
</annotation>
