<annotation>
	<folder>red</folder>
	<filename>run10_42.jpg</filename>
	<path>/home/student/catkin_ws/CarND-Capstone/ros/image/red/run10_42.jpg</path>
	<source>
		<database>Unknown</database>
	</source>
	<size>
		<width>800</width>
		<height>600</height>
		<depth>3</depth>
	</size>
	<segmented>0</segmented>
	<object>
		<name>Red</name>
		<pose>Unspecified</pose>
		<truncated>1</truncated>
		<difficult>0</difficult>
		<bndbox>
			<xmin>1</xmin>
			<ymin>80</ymin>
			<xmax>50</xmax>
			<ymax>263</ymax>
		</bndbox>
	</object>
	<object>
		<name>Red</name>
		<pose>Unspecified</pose>
		<truncated>0</truncated>
		<difficult>0</difficult>
		<bndbox>
			<xmin>330</xmin>
			<ymin>94</ymin>
			<xmax>413</xmax>
			<ymax>273</ymax>
		</bndbox>
	</object>
	<object>
		<name>Red</name>
		<pose>Unspecified</pose>
		<truncated>0</truncated>
		<difficult>0</difficult>
		<bndbox>
			<xmin>687</xmin>
			<ymin>107</ymin>
			<xmax>767</xmax>
			<ymax>284</ymax>
		</bndbox>
	</object>
</annotation>
