<annotation>
	<folder>red</folder>
	<filename>run11_6.jpg</filename>
	<path>/home/student/catkin_ws/CarND-Capstone/ros/image/red/run11_6.jpg</path>
	<source>
		<database>Unknown</database>
	</source>
	<size>
		<width>800</width>
		<height>600</height>
		<depth>3</depth>
	</size>
	<segmented>0</segmented>
	<object>
		<name>Red</name>
		<pose>Unspecified</pose>
		<truncated>0</truncated>
		<difficult>0</difficult>
		<bndbox>
			<xmin>44</xmin>
			<ymin>257</ymin>
			<xmax>100</xmax>
			<ymax>382</ymax>
		</bndbox>
	</object>
	<object>
		<name>Red</name>
		<pose>Unspecified</pose>
		<truncated>0</truncated>
		<difficult>0</difficult>
		<bndbox>
			<xmin>536</xmin>
			<ymin>268</ymin>
			<xmax>592</xmax>
			<ymax>393</ymax>
		</bndbox>
	</object>
	<object>
		<name>Red</name>
		<pose>Unspecified</pose>
		<truncated>0</truncated>
		<difficult>0</difficult>
		<bndbox>
			<xmin>290</xmin>
			<ymin>263</ymin>
			<xmax>346</xmax>
			<ymax>388</ymax>
		</bndbox>
	</object>
</annotation>
