<annotation>
	<folder>red</folder>
	<filename>run10_25.jpg</filename>
	<path>/home/student/catkin_ws/CarND-Capstone/ros/image/red/run10_25.jpg</path>
	<source>
		<database>Unknown</database>
	</source>
	<size>
		<width>800</width>
		<height>600</height>
		<depth>3</depth>
	</size>
	<segmented>0</segmented>
	<object>
		<name>Red</name>
		<pose>Unspecified</pose>
		<truncated>0</truncated>
		<difficult>0</difficult>
		<bndbox>
			<xmin>582</xmin>
			<ymin>262</ymin>
			<xmax>641</xmax>
			<ymax>391</ymax>
		</bndbox>
	</object>
	<object>
		<name>Red</name>
		<pose>Unspecified</pose>
		<truncated>0</truncated>
		<difficult>0</difficult>
		<bndbox>
			<xmin>329</xmin>
			<ymin>254</ymin>
			<xmax>388</xmax>
			<ymax>383</ymax>
		</bndbox>
	</object>
	<object>
		<name>Red</name>
		<pose>Unspecified</pose>
		<truncated>0</truncated>
		<difficult>0</difficult>
		<bndbox>
			<xmin>71</xmin>
			<ymin>246</ymin>
			<xmax>130</xmax>
			<ymax>375</ymax>
		</bndbox>
	</object>
</annotation>
