<annotation>
	<folder>red</folder>
	<filename>run10_29.jpg</filename>
	<path>/home/student/catkin_ws/CarND-Capstone/ros/image/red/run10_29.jpg</path>
	<source>
		<database>Unknown</database>
	</source>
	<size>
		<width>800</width>
		<height>600</height>
		<depth>3</depth>
	</size>
	<segmented>0</segmented>
	<object>
		<name>Red</name>
		<pose>Unspecified</pose>
		<truncated>0</truncated>
		<difficult>0</difficult>
		<bndbox>
			<xmin>604</xmin>
			<ymin>218</ymin>
			<xmax>669</xmax>
			<ymax>357</ymax>
		</bndbox>
	</object>
	<object>
		<name>Red</name>
		<pose>Unspecified</pose>
		<truncated>0</truncated>
		<difficult>0</difficult>
		<bndbox>
			<xmin>325</xmin>
			<ymin>208</ymin>
			<xmax>391</xmax>
			<ymax>349</ymax>
		</bndbox>
	</object>
	<object>
		<name>Red</name>
		<pose>Unspecified</pose>
		<truncated>0</truncated>
		<difficult>0</difficult>
		<bndbox>
			<xmin>42</xmin>
			<ymin>200</ymin>
			<xmax>108</xmax>
			<ymax>340</ymax>
		</bndbox>
	</object>
</annotation>
