<annotation verified="yes">
	<folder>red</folder>
	<filename>run11_12.jpg</filename>
	<path>/home/student/catkin_ws/CarND-Capstone/ros/image/red/run11_12.jpg</path>
	<source>
		<database>Unknown</database>
	</source>
	<size>
		<width>800</width>
		<height>600</height>
		<depth>3</depth>
	</size>
	<segmented>0</segmented>
	<object>
		<name>Red</name>
		<pose>Unspecified</pose>
		<truncated>0</truncated>
		<difficult>0</difficult>
		<bndbox>
			<xmin>544</xmin>
			<ymin>175</ymin>
			<xmax>613</xmax>
			<ymax>329</ymax>
		</bndbox>
	</object>
	<object>
		<name>Red</name>
		<pose>Unspecified</pose>
		<truncated>0</truncated>
		<difficult>0</difficult>
		<bndbox>
			<xmin>236</xmin>
			<ymin>168</ymin>
			<xmax>305</xmax>
			<ymax>322</ymax>
		</bndbox>
	</object>
</annotation>
