<annotation>
	<folder>red</folder>
	<filename>run11_8.jpg</filename>
	<path>/home/student/catkin_ws/CarND-Capstone/ros/image/red/run11_8.jpg</path>
	<source>
		<database>Unknown</database>
	</source>
	<size>
		<width>800</width>
		<height>600</height>
		<depth>3</depth>
	</size>
	<segmented>0</segmented>
	<object>
		<name>Red</name>
		<pose>Unspecified</pose>
		<truncated>0</truncated>
		<difficult>0</difficult>
		<bndbox>
			<xmin>510</xmin>
			<ymin>261</ymin>
			<xmax>566</xmax>
			<ymax>385</ymax>
		</bndbox>
	</object>
	<object>
		<name>Red</name>
		<pose>Unspecified</pose>
		<truncated>0</truncated>
		<difficult>0</difficult>
		<bndbox>
			<xmin>259</xmin>
			<ymin>256</ymin>
			<xmax>315</xmax>
			<ymax>380</ymax>
		</bndbox>
	</object>
	<object>
		<name>Red</name>
		<pose>Unspecified</pose>
		<truncated>0</truncated>
		<difficult>0</difficult>
		<bndbox>
			<xmin>8</xmin>
			<ymin>250</ymin>
			<xmax>64</xmax>
			<ymax>374</ymax>
		</bndbox>
	</object>
</annotation>
