<annotation>
	<folder>red</folder>
	<filename>run10_38.jpg</filename>
	<path>/home/student/catkin_ws/CarND-Capstone/ros/image/red/run10_38.jpg</path>
	<source>
		<database>Unknown</database>
	</source>
	<size>
		<width>800</width>
		<height>600</height>
		<depth>3</depth>
	</size>
	<segmented>0</segmented>
	<object>
		<name>Red</name>
		<pose>Unspecified</pose>
		<truncated>1</truncated>
		<difficult>0</difficult>
		<bndbox>
			<xmin>1</xmin>
			<ymin>91</ymin>
			<xmax>49</xmax>
			<ymax>269</ymax>
		</bndbox>
	</object>
	<object>
		<name>Red</name>
		<pose>Unspecified</pose>
		<truncated>0</truncated>
		<difficult>0</difficult>
		<bndbox>
			<xmin>324</xmin>
			<ymin>104</ymin>
			<xmax>406</xmax>
			<ymax>280</ymax>
		</bndbox>
	</object>
	<object>
		<name>Red</name>
		<pose>Unspecified</pose>
		<truncated>0</truncated>
		<difficult>0</difficult>
		<bndbox>
			<xmin>673</xmin>
			<ymin>118</ymin>
			<xmax>752</xmax>
			<ymax>290</ymax>
		</bndbox>
	</object>
</annotation>
