<annotation>
	<folder>red</folder>
	<filename>run10_4.jpg</filename>
	<path>/home/student/catkin_ws/CarND-Capstone/ros/image/red/run10_4.jpg</path>
	<source>
		<database>Unknown</database>
	</source>
	<size>
		<width>800</width>
		<height>600</height>
		<depth>3</depth>
	</size>
	<segmented>0</segmented>
	<object>
		<name>Red</name>
		<pose>Unspecified</pose>
		<truncated>0</truncated>
		<difficult>0</difficult>
		<bndbox>
			<xmin>637</xmin>
			<ymin>411</ymin>
			<xmax>669</xmax>
			<ymax>484</ymax>
		</bndbox>
	</object>
	<object>
		<name>Red</name>
		<pose>Unspecified</pose>
		<truncated>0</truncated>
		<difficult>0</difficult>
		<bndbox>
			<xmin>491</xmin>
			<ymin>407</ymin>
			<xmax>523</xmax>
			<ymax>480</ymax>
		</bndbox>
	</object>
	<object>
		<name>Red</name>
		<pose>Unspecified</pose>
		<truncated>0</truncated>
		<difficult>0</difficult>
		<bndbox>
			<xmin>345</xmin>
			<ymin>404</ymin>
			<xmax>377</xmax>
			<ymax>477</ymax>
		</bndbox>
	</object>
</annotation>
