<annotation>
	<folder>red</folder>
	<filename>run10_32.jpg</filename>
	<path>/home/student/catkin_ws/CarND-Capstone/ros/image/red/run10_32.jpg</path>
	<source>
		<database>Unknown</database>
	</source>
	<size>
		<width>800</width>
		<height>600</height>
		<depth>3</depth>
	</size>
	<segmented>0</segmented>
	<object>
		<name>Red</name>
		<pose>Unspecified</pose>
		<truncated>0</truncated>
		<difficult>0</difficult>
		<bndbox>
			<xmin>12</xmin>
			<ymin>160</ymin>
			<xmax>84</xmax>
			<ymax>316</ymax>
		</bndbox>
	</object>
	<object>
		<name>Red</name>
		<pose>Unspecified</pose>
		<truncated>0</truncated>
		<difficult>0</difficult>
		<bndbox>
			<xmin>626</xmin>
			<ymin>181</ymin>
			<xmax>697</xmax>
			<ymax>334</ymax>
		</bndbox>
	</object>
	<object>
		<name>Red</name>
		<pose>Unspecified</pose>
		<truncated>0</truncated>
		<difficult>0</difficult>
		<bndbox>
			<xmin>322</xmin>
			<ymin>171</ymin>
			<xmax>395</xmax>
			<ymax>325</ymax>
		</bndbox>
	</object>
</annotation>
