<annotation>
	<folder>red</folder>
	<filename>run10_37.jpg</filename>
	<path>/home/student/catkin_ws/CarND-Capstone/ros/image/red/run10_37.jpg</path>
	<source>
		<database>Unknown</database>
	</source>
	<size>
		<width>800</width>
		<height>600</height>
		<depth>3</depth>
	</size>
	<segmented>0</segmented>
	<object>
		<name>Red</name>
		<pose>Unspecified</pose>
		<truncated>0</truncated>
		<difficult>0</difficult>
		<bndbox>
			<xmin>657</xmin>
			<ymin>141</ymin>
			<xmax>734</xmax>
			<ymax>308</ymax>
		</bndbox>
	</object>
	<object>
		<name>Red</name>
		<pose>Unspecified</pose>
		<truncated>1</truncated>
		<difficult>0</difficult>
		<bndbox>
			<xmin>1</xmin>
			<ymin>117</ymin>
			<xmax>66</xmax>
			<ymax>285</ymax>
		</bndbox>
	</object>
	<object>
		<name>Red</name>
		<pose>Unspecified</pose>
		<truncated>0</truncated>
		<difficult>0</difficult>
		<bndbox>
			<xmin>325</xmin>
			<ymin>130</ymin>
			<xmax>401</xmax>
			<ymax>297</ymax>
		</bndbox>
	</object>
</annotation>
