<annotation>
	<folder>red</folder>
	<filename>run10_26.jpg</filename>
	<path>/home/student/catkin_ws/CarND-Capstone/ros/image/red/run10_26.jpg</path>
	<source>
		<database>Unknown</database>
	</source>
	<size>
		<width>800</width>
		<height>600</height>
		<depth>3</depth>
	</size>
	<segmented>0</segmented>
	<object>
		<name>Red</name>
		<pose>Unspecified</pose>
		<truncated>0</truncated>
		<difficult>0</difficult>
		<bndbox>
			<xmin>584</xmin>
			<ymin>255</ymin>
			<xmax>643</xmax>
			<ymax>384</ymax>
		</bndbox>
	</object>
	<object>
		<name>Red</name>
		<pose>Unspecified</pose>
		<truncated>0</truncated>
		<difficult>0</difficult>
		<bndbox>
			<xmin>328</xmin>
			<ymin>246</ymin>
			<xmax>387</xmax>
			<ymax>375</ymax>
		</bndbox>
	</object>
	<object>
		<name>Red</name>
		<pose>Unspecified</pose>
		<truncated>0</truncated>
		<difficult>0</difficult>
		<bndbox>
			<xmin>67</xmin>
			<ymin>238</ymin>
			<xmax>126</xmax>
			<ymax>367</ymax>
		</bndbox>
	</object>
</annotation>
