<annotation>
	<folder>red</folder>
	<filename>run10_40.jpg</filename>
	<path>/home/student/catkin_ws/CarND-Capstone/ros/image/red/run10_40.jpg</path>
	<source>
		<database>Unknown</database>
	</source>
	<size>
		<width>800</width>
		<height>600</height>
		<depth>3</depth>
	</size>
	<segmented>0</segmented>
	<object>
		<name>Red</name>
		<pose>Unspecified</pose>
		<truncated>1</truncated>
		<difficult>0</difficult>
		<bndbox>
			<xmin>1</xmin>
			<ymin>88</ymin>
			<xmax>48</xmax>
			<ymax>266</ymax>
		</bndbox>
	</object>
	<object>
		<name>Red</name>
		<pose>Unspecified</pose>
		<truncated>0</truncated>
		<difficult>0</difficult>
		<bndbox>
			<xmin>326</xmin>
			<ymin>102</ymin>
			<xmax>405</xmax>
			<ymax>278</ymax>
		</bndbox>
	</object>
	<object>
		<name>Red</name>
		<pose>Unspecified</pose>
		<truncated>0</truncated>
		<difficult>0</difficult>
		<bndbox>
			<xmin>675</xmin>
			<ymin>114</ymin>
			<xmax>754</xmax>
			<ymax>290</ymax>
		</bndbox>
	</object>
</annotation>
