<annotation>
	<folder>red</folder>
	<filename>run10_43.jpg</filename>
	<path>/home/student/catkin_ws/CarND-Capstone/ros/image/red/run10_43.jpg</path>
	<source>
		<database>Unknown</database>
	</source>
	<size>
		<width>800</width>
		<height>600</height>
		<depth>3</depth>
	</size>
	<segmented>0</segmented>
	<object>
		<name>Red</name>
		<pose>Unspecified</pose>
		<truncated>0</truncated>
		<difficult>0</difficult>
		<bndbox>
			<xmin>685</xmin>
			<ymin>99</ymin>
			<xmax>768</xmax>
			<ymax>280</ymax>
		</bndbox>
	</object>
	<object>
		<name>Red</name>
		<pose>Unspecified</pose>
		<truncated>0</truncated>
		<difficult>0</difficult>
		<bndbox>
			<xmin>324</xmin>
			<ymin>86</ymin>
			<xmax>407</xmax>
			<ymax>267</ymax>
		</bndbox>
	</object>
</annotation>
