<annotation>
	<folder>red</folder>
	<filename>run10_2.jpg</filename>
	<path>/home/student/catkin_ws/CarND-Capstone/ros/image/red/run10_2.jpg</path>
	<source>
		<database>Unknown</database>
	</source>
	<size>
		<width>800</width>
		<height>600</height>
		<depth>3</depth>
	</size>
	<segmented>0</segmented>
	<object>
		<name>Red</name>
		<pose>Unspecified</pose>
		<truncated>0</truncated>
		<difficult>0</difficult>
		<bndbox>
			<xmin>345</xmin>
			<ymin>411</ymin>
			<xmax>377</xmax>
			<ymax>484</ymax>
		</bndbox>
	</object>
	<object>
		<name>Red</name>
		<pose>Unspecified</pose>
		<truncated>0</truncated>
		<difficult>0</difficult>
		<bndbox>
			<xmin>622</xmin>
			<ymin>417</ymin>
			<xmax>654</xmax>
			<ymax>490</ymax>
		</bndbox>
	</object>
	<object>
		<name>Red</name>
		<pose>Unspecified</pose>
		<truncated>0</truncated>
		<difficult>0</difficult>
		<bndbox>
			<xmin>483</xmin>
			<ymin>416</ymin>
			<xmax>515</xmax>
			<ymax>489</ymax>
		</bndbox>
	</object>
</annotation>
