<annotation>
	<folder>red</folder>
	<filename>run10_24.jpg</filename>
	<path>/home/student/catkin_ws/CarND-Capstone/ros/image/red/run10_24.jpg</path>
	<source>
		<database>Unknown</database>
	</source>
	<size>
		<width>800</width>
		<height>600</height>
		<depth>3</depth>
	</size>
	<segmented>0</segmented>
	<object>
		<name>Red</name>
		<pose>Unspecified</pose>
		<truncated>0</truncated>
		<difficult>0</difficult>
		<bndbox>
			<xmin>71</xmin>
			<ymin>249</ymin>
			<xmax>132</xmax>
			<ymax>379</ymax>
		</bndbox>
	</object>
	<object>
		<name>Red</name>
		<pose>Unspecified</pose>
		<truncated>0</truncated>
		<difficult>0</difficult>
		<bndbox>
			<xmin>580</xmin>
			<ymin>265</ymin>
			<xmax>639</xmax>
			<ymax>394</ymax>
		</bndbox>
	</object>
	<object>
		<name>Red</name>
		<pose>Unspecified</pose>
		<truncated>0</truncated>
		<difficult>0</difficult>
		<bndbox>
			<xmin>328</xmin>
			<ymin>257</ymin>
			<xmax>386</xmax>
			<ymax>384</ymax>
		</bndbox>
	</object>
</annotation>
