<annotation>
	<folder>red</folder>
	<filename>run4_104.jpg</filename>
	<path>/home/student/catkin_ws/CarND-Capstone/ros/image/red/run4_104.jpg</path>
	<source>
		<database>Unknown</database>
	</source>
	<size>
		<width>800</width>
		<height>600</height>
		<depth>3</depth>
	</size>
	<segmented>0</segmented>
	<object>
		<name>Red</name>
		<pose>Unspecified</pose>
		<truncated>0</truncated>
		<difficult>0</difficult>
		<bndbox>
			<xmin>233</xmin>
			<ymin>486</ymin>
			<xmax>252</xmax>
			<ymax>529</ymax>
		</bndbox>
	</object>
	<object>
		<name>Red</name>
		<pose>Unspecified</pose>
		<truncated>0</truncated>
		<difficult>0</difficult>
		<bndbox>
			<xmin>144</xmin>
			<ymin>483</ymin>
			<xmax>165</xmax>
			<ymax>527</ymax>
		</bndbox>
	</object>
	<object>
		<name>Red</name>
		<pose>Unspecified</pose>
		<truncated>0</truncated>
		<difficult>0</difficult>
		<bndbox>
			<xmin>54</xmin>
			<ymin>479</ymin>
			<xmax>75</xmax>
			<ymax>524</ymax>
		</bndbox>
	</object>
</annotation>
