<annotation>
	<folder>red</folder>
	<filename>run4_111.jpg</filename>
	<path>/home/student/catkin_ws/CarND-Capstone/ros/image/red/run4_111.jpg</path>
	<source>
		<database>Unknown</database>
	</source>
	<size>
		<width>800</width>
		<height>600</height>
		<depth>3</depth>
	</size>
	<segmented>0</segmented>
	<object>
		<name>Red</name>
		<pose>Unspecified</pose>
		<truncated>0</truncated>
		<difficult>0</difficult>
		<bndbox>
			<xmin>442</xmin>
			<ymin>476</ymin>
			<xmax>464</xmax>
			<ymax>526</ymax>
		</bndbox>
	</object>
	<object>
		<name>Red</name>
		<pose>Unspecified</pose>
		<truncated>0</truncated>
		<difficult>0</difficult>
		<bndbox>
			<xmin>346</xmin>
			<ymin>473</ymin>
			<xmax>368</xmax>
			<ymax>523</ymax>
		</bndbox>
	</object>
	<object>
		<name>Red</name>
		<pose>Unspecified</pose>
		<truncated>0</truncated>
		<difficult>0</difficult>
		<bndbox>
			<xmin>249</xmin>
			<ymin>470</ymin>
			<xmax>271</xmax>
			<ymax>520</ymax>
		</bndbox>
	</object>
</annotation>
