<annotation>
	<folder>red</folder>
	<filename>run4_107.jpg</filename>
	<path>/home/student/catkin_ws/CarND-Capstone/ros/image/red/run4_107.jpg</path>
	<source>
		<database>Unknown</database>
	</source>
	<size>
		<width>800</width>
		<height>600</height>
		<depth>3</depth>
	</size>
	<segmented>0</segmented>
	<object>
		<name>Red</name>
		<pose>Unspecified</pose>
		<truncated>0</truncated>
		<difficult>0</difficult>
		<bndbox>
			<xmin>227</xmin>
			<ymin>478</ymin>
			<xmax>248</xmax>
			<ymax>526</ymax>
		</bndbox>
	</object>
	<object>
		<name>Red</name>
		<pose>Unspecified</pose>
		<truncated>0</truncated>
		<difficult>0</difficult>
		<bndbox>
			<xmin>136</xmin>
			<ymin>477</ymin>
			<xmax>157</xmax>
			<ymax>525</ymax>
		</bndbox>
	</object>
	<object>
		<name>Red</name>
		<pose>Unspecified</pose>
		<truncated>0</truncated>
		<difficult>0</difficult>
		<bndbox>
			<xmin>42</xmin>
			<ymin>474</ymin>
			<xmax>63</xmax>
			<ymax>522</ymax>
		</bndbox>
	</object>
</annotation>
