<annotation>
	<folder>red</folder>
	<filename>run4_102.jpg</filename>
	<path>/home/student/catkin_ws/CarND-Capstone/ros/image/red/run4_102.jpg</path>
	<source>
		<database>Unknown</database>
	</source>
	<size>
		<width>800</width>
		<height>600</height>
		<depth>3</depth>
	</size>
	<segmented>0</segmented>
	<object>
		<name>Red</name>
		<pose>Unspecified</pose>
		<truncated>0</truncated>
		<difficult>0</difficult>
		<bndbox>
			<xmin>238</xmin>
			<ymin>491</ymin>
			<xmax>257</xmax>
			<ymax>534</ymax>
		</bndbox>
	</object>
	<object>
		<name>Red</name>
		<pose>Unspecified</pose>
		<truncated>0</truncated>
		<difficult>0</difficult>
		<bndbox>
			<xmin>153</xmin>
			<ymin>488</ymin>
			<xmax>172</xmax>
			<ymax>531</ymax>
		</bndbox>
	</object>
	<object>
		<name>Red</name>
		<pose>Unspecified</pose>
		<truncated>0</truncated>
		<difficult>0</difficult>
		<bndbox>
			<xmin>67</xmin>
			<ymin>486</ymin>
			<xmax>86</xmax>
			<ymax>529</ymax>
		</bndbox>
	</object>
</annotation>
