<annotation>
	<folder>red</folder>
	<filename>run4_110.jpg</filename>
	<path>/home/student/catkin_ws/CarND-Capstone/ros/image/red/run4_110.jpg</path>
	<source>
		<database>Unknown</database>
	</source>
	<size>
		<width>800</width>
		<height>600</height>
		<depth>3</depth>
	</size>
	<segmented>0</segmented>
	<object>
		<name>Red</name>
		<pose>Unspecified</pose>
		<truncated>0</truncated>
		<difficult>0</difficult>
		<bndbox>
			<xmin>250</xmin>
			<ymin>473</ymin>
			<xmax>271</xmax>
			<ymax>521</ymax>
		</bndbox>
	</object>
	<object>
		<name>Red</name>
		<pose>Unspecified</pose>
		<truncated>0</truncated>
		<difficult>0</difficult>
		<bndbox>
			<xmin>347</xmin>
			<ymin>476</ymin>
			<xmax>368</xmax>
			<ymax>524</ymax>
		</bndbox>
	</object>
	<object>
		<name>Red</name>
		<pose>Unspecified</pose>
		<truncated>0</truncated>
		<difficult>0</difficult>
		<bndbox>
			<xmin>441</xmin>
			<ymin>478</ymin>
			<xmax>463</xmax>
			<ymax>528</ymax>
		</bndbox>
	</object>
</annotation>
